"id","nombre","linea","categoria","tipo","precio_actual","moneda_actual","precio_base_usd","comision_paypal_porcentaje","comision_paypal_fija_usd","precio_paypal_calculado_usd","precio_venta_usd","estado_precio","archivo_fuente"
"tw-store-001","iPhone 16e 5G 128GB","tw-store","Celulares","producto","{""precio_soles"":3022.88,""precio_dolares"":null}","PEN","","5.40","0.30","","","PRECIO_EN_PEN_REQUIERE_CONVERSION","data/catalogo_global.json"
"tw-store-002","iPhone 15 128GB","tw-store","Celulares","producto","{""precio_soles"":2910.88,""precio_dolares"":null}","PEN","","5.40","0.30","","","PRECIO_EN_PEN_REQUIERE_CONVERSION","data/catalogo_global.json"
"tw-store-003","Samsung Galaxy A16 4G 128GB","tw-store","Celulares","producto","{""precio_soles"":592.48,""precio_dolares"":null}","PEN","","5.40","0.30","","","PRECIO_EN_PEN_REQUIERE_CONVERSION","data/catalogo_global.json"
"tw-store-004","AirPods Pro 2da Gen","tw-store","Audio","producto","{""precio_soles"":1062.88,""precio_dolares"":null}","PEN","","5.40","0.30","","","PRECIO_EN_PEN_REQUIERE_CONVERSION","data/catalogo_global.json"
"tw-store-005","JBL Wave Buds 2 True Wireless","tw-store","Audio","producto","{""precio_soles"":222.88,""precio_dolares"":null}","PEN","","5.40","0.30","","","PRECIO_EN_PEN_REQUIERE_CONVERSION","data/catalogo_global.json"
"tw-store-006","Marshall Major V Bluetooth","tw-store","Audio","producto","{""precio_soles"":670.88,""precio_dolares"":null}","PEN","","5.40","0.30","","","PRECIO_EN_PEN_REQUIERE_CONVERSION","data/catalogo_global.json"
"tw-store-007","Parlantes para PC Teraware USB","tw-store","Audio","producto","{""precio_soles"":33.49,""precio_dolares"":null}","PEN","","5.40","0.30","","","PRECIO_EN_PEN_REQUIERE_CONVERSION","data/catalogo_global.json"
"tw-store-008","JBL PartyBox Stage 320","tw-store","Audio","producto","{""precio_soles"":2574.88,""precio_dolares"":null}","PEN","","5.40","0.30","","","PRECIO_EN_PEN_REQUIERE_CONVERSION","data/catalogo_global.json"
"tw-store-009","Lenovo LOQ 15IAX9 Gaming","tw-store","Laptops","producto","{""precio_soles"":3534.72,""precio_dolares"":null}","PEN","","5.40","0.30","","","PRECIO_EN_PEN_REQUIERE_CONVERSION","data/catalogo_global.json"
"tw-store-010","ASUS TUF Gaming F16","tw-store","Laptops","producto","{""precio_soles"":5397.84,""precio_dolares"":null}","PEN","","5.40","0.30","","","PRECIO_EN_PEN_REQUIERE_CONVERSION","data/catalogo_global.json"
"tw-store-011","ASUS ROG Strix G16","tw-store","Laptops","producto","{""precio_soles"":8905.68,""precio_dolares"":null}","PEN","","5.40","0.30","","","PRECIO_EN_PEN_REQUIERE_CONVERSION","data/catalogo_global.json"
"tw-store-012","ASUS TUF VG249Q5A 23.8 pulgadas","tw-store","Monitores","producto","{""precio_soles"":541.52,""precio_dolares"":null}","PEN","","5.40","0.30","","","PRECIO_EN_PEN_REQUIERE_CONVERSION","data/catalogo_global.json"
"tw-store-013","Samsung Odyssey G3 24 pulgadas","tw-store","Monitores","producto","{""precio_soles"":514.08,""precio_dolares"":null}","PEN","","5.40","0.30","","","PRECIO_EN_PEN_REQUIERE_CONVERSION","data/catalogo_global.json"
"tw-store-014","Meta Quest 3","tw-store","Realidad Virtual","producto","{""precio_soles"":null,""precio_dolares"":null}","PEN","","5.40","0.30","","","PRECIO_REQUIERE_INVESTIGACION","data/catalogo_global.json"
"tw-store-015","Hub USB-C multipuerto","tw-store","Accesorios","producto","{""precio_soles"":89,""precio_dolares"":null}","PEN","","5.40","0.30","","","PRECIO_EN_PEN_REQUIERE_CONVERSION","data/catalogo_global.json"
"tw-disfruta-001","Videojuego original Tecprog World","tw-disfruta","Videojuegos","videojuego","{""precio_soles"":null,""precio_dolares"":null}","PEN","","5.40","0.30","","","NO_APLICA_PRECIO_FIJO","data/catalogo_global.json"
"tw-disfruta-002","Demo jugable bajo pedido","tw-disfruta","Videojuegos","servicio","{""precio_soles"":null,""precio_dolares"":null}","PEN","","5.40","0.30","","","NO_APLICA_PRECIO_FIJO","data/catalogo_global.json"
"tw-disfruta-003","Asset 3D para videojuego","tw-disfruta","Assets digitales","contenido_digital","{""precio_soles"":null,""precio_dolares"":null}","PEN","","5.40","0.30","","","NO_APLICA_PRECIO_FIJO","data/catalogo_global.json"
"tw-disfruta-004","Figura 3D coleccionable de videojuego","tw-disfruta","Coleccionables","merchandising","{""precio_soles"":null,""precio_dolares"":null}","PEN","","5.40","0.30","","","PRECIO_REQUIERE_INVESTIGACION","data/catalogo_global.json"
"tw-disfruta-005","Merchandising gamer Tecprog World","tw-disfruta","Merchandising","merchandising","{""precio_soles"":null,""precio_dolares"":null}","PEN","","5.40","0.30","","","NO_APLICA_PRECIO_FIJO","data/catalogo_global.json"
"tw-disfruta-006","Widget digital interactivo","tw-disfruta","Widgets","contenido_digital","{""precio_soles"":null,""precio_dolares"":null}","PEN","","5.40","0.30","","","NO_APLICA_PRECIO_FIJO","data/catalogo_global.json"
"tw-educa-001","Curso Excel Nivel I","tw-educa","Ofimática","curso","{""precio_soles"":null,""precio_dolares"":null}","PEN","","5.40","0.30","","","SIN_PRECIO","data/catalogo_global.json"
"tw-educa-002","Curso Excel Nivel II","tw-educa","Ofimática","curso","{""precio_soles"":null,""precio_dolares"":null}","PEN","","5.40","0.30","","","SIN_PRECIO","data/catalogo_global.json"
"tw-educa-003","Curso Excel Nivel III","tw-educa","Ofimática","curso","{""precio_soles"":null,""precio_dolares"":null}","PEN","","5.40","0.30","","","SIN_PRECIO","data/catalogo_global.json"
"tw-educa-004","Curso AutoCAD Nivel I","tw-educa","Diseño técnico","curso","{""precio_soles"":null,""precio_dolares"":null}","PEN","","5.40","0.30","","","SIN_PRECIO","data/catalogo_global.json"
"tw-educa-005","Curso AutoCAD Nivel II","tw-educa","Diseño técnico","curso","{""precio_soles"":null,""precio_dolares"":null}","PEN","","5.40","0.30","","","SIN_PRECIO","data/catalogo_global.json"
"tw-educa-006","Curso Programación Python","tw-educa","Programación","curso","{""precio_soles"":null,""precio_dolares"":null}","PEN","","5.40","0.30","","","SIN_PRECIO","data/catalogo_global.json"
"tw-educa-007","Curso GIS aplicado","tw-educa","GIS","curso","{""precio_soles"":null,""precio_dolares"":null}","PEN","","5.40","0.30","","","SIN_PRECIO","data/catalogo_global.json"
"tw-educa-008","Curso Simulación multifísica","tw-educa","Simulación","curso","{""precio_soles"":null,""precio_dolares"":null}","PEN","","5.40","0.30","","","SIN_PRECIO","data/catalogo_global.json"
"tw-innova-001","Desarrollo de sitio web corporativo","tw-innova","Software","servicio","{""precio_soles"":null,""precio_dolares"":null}","PEN","","5.40","0.30","","","NO_APLICA_PRECIO_FIJO","data/catalogo_global.json"
"tw-innova-002","Desarrollo de portal institucional","tw-innova","Software","servicio","{""precio_soles"":null,""precio_dolares"":null}","PEN","","5.40","0.30","","","NO_APLICA_PRECIO_FIJO","data/catalogo_global.json"
"tw-innova-003","Desarrollo de app móvil","tw-innova","Apps móviles","servicio","{""precio_soles"":null,""precio_dolares"":null}","PEN","","5.40","0.30","","","NO_APLICA_PRECIO_FIJO","data/catalogo_global.json"
"tw-innova-004","Desarrollo de solución en realidad mixta","tw-innova","Realidad mixta","servicio","{""precio_soles"":null,""precio_dolares"":null}","PEN","","5.40","0.30","","","NO_APLICA_PRECIO_FIJO","data/catalogo_global.json"
"tw-innova-005","Instalación de cámaras de seguridad","tw-innova","Seguridad electrónica","servicio","{""precio_soles"":null,""precio_dolares"":null}","PEN","","5.40","0.30","","","NO_APLICA_PRECIO_FIJO","data/catalogo_global.json"
"tw-innova-006","Domótica con Alexa o Google Assistant","tw-innova","Domótica","servicio","{""precio_soles"":null,""precio_dolares"":null}","PEN","","5.40","0.30","","","NO_APLICA_PRECIO_FIJO","data/catalogo_global.json"
"tw-innova-007","Mantenimiento preventivo de equipos electrónicos","tw-innova","Mantenimiento","servicio","{""precio_soles"":null,""precio_dolares"":null}","PEN","","5.40","0.30","","","NO_APLICA_PRECIO_FIJO","data/catalogo_global.json"
"tw-innova-008","Diagnóstico de GPU gamer o placa electrónica","tw-innova","Reparación electrónica","servicio","{""precio_soles"":null,""precio_dolares"":null}","PEN","","5.40","0.30","","","NO_APLICA_PRECIO_FIJO","data/catalogo_global.json"
"corvus-ai-v4-alpha","CORVUS AI v4 alpha","tw-innova","Inteligencia artificial local","software","{""precio_soles"":0,""precio_dolares"":null,""precio_texto"":""Gratis durante la etapa alfa""}","PEN","","5.40","0.30","","","NO_APLICA_PRECIO_FIJO","data/catalogo_global.json"
"tw-salud-001","Diseño de órtesis personalizada","tw-salud","Prótesis y órtesis","servicio","{""precio_soles"":null,""precio_dolares"":null}","PEN","","5.40","0.30","","","NO_APLICA_PRECIO_FIJO","data/catalogo_global.json"
"tw-salud-002","Diseño de prótesis funcional","tw-salud","Prótesis y órtesis","servicio","{""precio_soles"":null,""precio_dolares"":null}","PEN","","5.40","0.30","","","NO_APLICA_PRECIO_FIJO","data/catalogo_global.json"
"tw-salud-003","Adaptación de vehículo inclusivo","tw-salud","Accesibilidad","proyecto","{""precio_soles"":null,""precio_dolares"":null}","PEN","","5.40","0.30","","","NO_APLICA_PRECIO_FIJO","data/catalogo_global.json"
"tw-salud-004","Desarrollo de hardware inclusivo","tw-salud","Hardware inclusivo","proyecto","{""precio_soles"":null,""precio_dolares"":null}","PEN","","5.40","0.30","","","NO_APLICA_PRECIO_FIJO","data/catalogo_global.json"
"tw-salud-005","Desarrollo de software inclusivo","tw-salud","Software inclusivo","servicio","{""precio_soles"":null,""precio_dolares"":null}","PEN","","5.40","0.30","","","NO_APLICA_PRECIO_FIJO","data/catalogo_global.json"
"tw-salud-006","Mantenimiento preventivo de equipo médico","tw-salud","Mantenimiento médico","servicio","{""precio_soles"":null,""precio_dolares"":null}","PEN","","5.40","0.30","","","NO_APLICA_PRECIO_FIJO","data/catalogo_global.json"
"tw-interactive-hidrologia-recursos-hidricos","Hidrología aplicada y gestión de recursos hídricos","tw-interactive","Recursos hídricos","servicio","{""precio_soles"":null,""precio_dolares"":null}","PEN","","5.40","0.30","","","NO_APLICA_PRECIO_FIJO","data/catalogo_global.json"
"tw-interactive-hidrometria-aforos","Hidrometría y aforos","tw-interactive","Medición hidrométrica","servicio","{""precio_soles"":null,""precio_dolares"":null}","PEN","","5.40","0.30","","","NO_APLICA_PRECIO_FIJO","data/catalogo_global.json"
"tw-interactive-geodesia-topografia-geomatica","Geodesia, topografía y geomática","tw-interactive","Geomática","servicio","{""precio_soles"":null,""precio_dolares"":null}","PEN","","5.40","0.30","","","NO_APLICA_PRECIO_FIJO","data/catalogo_global.json"
"tw-interactive-batimetria-hidrografia","Batimetría y levantamientos hidrográficos","tw-interactive","Hidrografía","servicio","{""precio_soles"":null,""precio_dolares"":null}","PEN","","5.40","0.30","","","NO_APLICA_PRECIO_FIJO","data/catalogo_global.json"
"tw-interactive-oceanografia-estudios-marino-costeros","Oceanografía física y estudios marino-costeros","tw-interactive","Medio marino y costero","servicio","{""precio_soles"":null,""precio_dolares"":null}","PEN","","5.40","0.30","","","NO_APLICA_PRECIO_FIJO","data/catalogo_global.json"
"tw-interactive-modelacion-hidraulica-hidrologica-cfd","Modelación hidráulica, hidrológica, CFD y simulación ambiental","tw-interactive","Modelación y simulación","servicio","{""precio_soles"":null,""precio_dolares"":null}","PEN","","5.40","0.30","","","NO_APLICA_PRECIO_FIJO","data/catalogo_global.json"
"tw-interactive-ingenieria-maritima-portuaria-costera","Ingeniería marítima, portuaria y costera","tw-interactive","Infraestructura marítima","servicio","{""precio_soles"":null,""precio_dolares"":null}","PEN","","5.40","0.30","","","NO_APLICA_PRECIO_FIJO","data/catalogo_global.json"
"tw-interactive-inspeccion-subacuatica","Inspección subacuática e infraestructura sumergida","tw-interactive","Inspección de infraestructura","servicio","{""precio_soles"":null,""precio_dolares"":null}","PEN","","5.40","0.30","","","NO_APLICA_PRECIO_FIJO","data/catalogo_global.json"
"tw-interactive-gestion-ambiental","Gestión ambiental e instrumentos de gestión ambiental","tw-interactive","Gestión ambiental","servicio","{""precio_soles"":null,""precio_dolares"":null}","PEN","","5.40","0.30","","","NO_APLICA_PRECIO_FIJO","data/catalogo_global.json"
"tw-interactive-permisos-concesiones-licencias","Permisos, concesiones y licencias técnicas sectoriales","tw-interactive","Gestión de permisos","servicio","{""precio_soles"":null,""precio_dolares"":null}","PEN","","5.40","0.30","","","NO_APLICA_PRECIO_FIJO","data/catalogo_global.json"
"tw-interactive-riesgos-contingencias-resiliencia","Gestión de riesgos, contingencias y resiliencia climática","tw-interactive","Riesgos y resiliencia","servicio","{""precio_soles"":null,""precio_dolares"":null}","PEN","","5.40","0.30","","","NO_APLICA_PRECIO_FIJO","data/catalogo_global.json"
"tw-interactive-factibilidad-viabilidad-evaluacion","Estudios de factibilidad, viabilidad y evaluación técnico-económica","tw-interactive","Evaluación de proyectos","servicio","{""precio_soles"":null,""precio_dolares"":null}","PEN","","5.40","0.30","","","NO_APLICA_PRECIO_FIJO","data/catalogo_global.json"
"tw-interactive-digitalizacion-gemelos-digitales","Digitalización, automatización y gemelos digitales para ingeniería","tw-interactive","Ingeniería digital","servicio","{""precio_soles"":null,""precio_dolares"":null}","PEN","","5.40","0.30","","","NO_APLICA_PRECIO_FIJO","data/catalogo_global.json"
"tw-interactive-operaciones-portuarias-logistica","Operaciones portuarias, logística e intermodalidad","tw-interactive","Operaciones y logística","servicio","{""precio_soles"":null,""precio_dolares"":null}","PEN","","5.40","0.30","","","NO_APLICA_PRECIO_FIJO","data/catalogo_global.json"
"tw-construye-001","Remodelación de oficina","tw-construye","Remodelación","servicio","{""precio_soles"":null,""precio_dolares"":null}","PEN","","5.40","0.30","","","NO_APLICA_PRECIO_FIJO","data/catalogo_global.json"
"tw-construye-002","Remodelación de departamento","tw-construye","Remodelación","servicio","{""precio_soles"":null,""precio_dolares"":null}","PEN","","5.40","0.30","","","NO_APLICA_PRECIO_FIJO","data/catalogo_global.json"
"tw-construye-003","Remodelación de vivienda","tw-construye","Remodelación","servicio","{""precio_soles"":null,""precio_dolares"":null}","PEN","","5.40","0.30","","","NO_APLICA_PRECIO_FIJO","data/catalogo_global.json"
"tw-construye-004","Diseño técnico de ambiente comercial","tw-construye","Diseño técnico","servicio","{""precio_soles"":null,""precio_dolares"":null}","PEN","","5.40","0.30","","","NO_APLICA_PRECIO_FIJO","data/catalogo_global.json"
"tw-construye-005","Supervisión de obra menor","tw-construye","Supervisión","servicio","{""precio_soles"":null,""precio_dolares"":null}","PEN","","5.40","0.30","","","NO_APLICA_PRECIO_FIJO","data/catalogo_global.json"
"tw-construye-006","Instalación o mantenimiento técnico en obra","tw-construye","Mantenimiento técnico","servicio","{""precio_soles"":null,""precio_dolares"":null}","PEN","","5.40","0.30","","","NO_APLICA_PRECIO_FIJO","data/catalogo_global.json"
"tw-inox-001","Baranda de acero inoxidable","tw-inox","Acero inoxidable","proyecto","{""precio_soles"":null,""precio_dolares"":null}","PEN","","5.40","0.30","","","NO_APLICA_PRECIO_FIJO","data/catalogo_global.json"
"tw-inox-002","Mesa de acero inoxidable","tw-inox","Acero inoxidable","producto","{""precio_soles"":null,""precio_dolares"":null}","PEN","","5.40","0.30","","","NO_APLICA_PRECIO_FIJO","data/catalogo_global.json"
"tw-inox-003","Estructura metálica ligera","tw-inox","Estructuras","proyecto","{""precio_soles"":null,""precio_dolares"":null}","PEN","","5.40","0.30","","","NO_APLICA_PRECIO_FIJO","data/catalogo_global.json"
"tw-inox-004","Mueble metálico a medida","tw-inox","Muebles metálicos","producto","{""precio_soles"":null,""precio_dolares"":null}","PEN","","5.40","0.30","","","NO_APLICA_PRECIO_FIJO","data/catalogo_global.json"
"tw-inox-005","Proyecto metalmecánico","tw-inox","Metalmecánica","proyecto","{""precio_soles"":null,""precio_dolares"":null}","PEN","","5.40","0.30","","","NO_APLICA_PRECIO_FIJO","data/catalogo_global.json"
"tw-inox-006","Servicio de soldadura técnica","tw-inox","Soldadura","servicio","{""precio_soles"":null,""precio_dolares"":null}","PEN","","5.40","0.30","","","NO_APLICA_PRECIO_FIJO","data/catalogo_global.json"
"tw-investiga-001","Asesoría en proyecto de investigación científica","tw-investiga","Investigación aplicada","consultoría","{""precio_soles"":null,""precio_dolares"":null}","PEN","","5.40","0.30","","","NO_APLICA_PRECIO_FIJO","data/catalogo_global.json"
"tw-investiga-002","Revisión metodológica","tw-investiga","Metodología","consultoría","{""precio_soles"":null,""precio_dolares"":null}","PEN","","5.40","0.30","","","NO_APLICA_PRECIO_FIJO","data/catalogo_global.json"
"tw-investiga-003","Procesamiento de datos científicos","tw-investiga","Datos científicos","servicio","{""precio_soles"":null,""precio_dolares"":null}","PEN","","5.40","0.30","","","NO_APLICA_PRECIO_FIJO","data/catalogo_global.json"
"tw-investiga-004","Desarrollo de software científico","tw-investiga","Software científico","servicio","{""precio_soles"":null,""precio_dolares"":null}","PEN","","5.40","0.30","","","NO_APLICA_PRECIO_FIJO","data/catalogo_global.json"
"tw-investiga-005","Modelamiento numérico","tw-investiga","Modelamiento","consultoría","{""precio_soles"":null,""precio_dolares"":null}","PEN","","5.40","0.30","","","NO_APLICA_PRECIO_FIJO","data/catalogo_global.json"
"tw-investiga-006","Automatización de flujo de investigación","tw-investiga","Automatización","servicio","{""precio_soles"":null,""precio_dolares"":null}","PEN","","5.40","0.30","","","NO_APLICA_PRECIO_FIJO","data/catalogo_global.json"
"tw-educa-curso-01","Curso práctico de Realidad Virtual con Unity para Meta Quest 2 y 3","tw-educa","Realidad Virtual","curso","{""precio_soles"":199,""precio_dolares"":null,""precio"":""Desde S/ 199 IGV incluido"",""precios"":[{""publico"":""Estudiante con carné"",""preventa_soles"":199,""lanzamiento_soles"":249,""regular_soles"":299,""moneda"":""PEN"",""incluye_igv"":true},{""publico"":""Profesional"",""preventa_soles"":349,""lanzamiento_soles"":449,""regular_soles"":599,""moneda"":""PEN"",""incluye_igv"":true}]}","PEN","","5.40","0.30","","","PRECIO_EN_PEN_REQUIERE_CONVERSION","data/catalogo_global.json"
"tw-educa-curso-02","Curso Práctico de Programación de Plugins GUI para AutoCAD 2027","tw-educa","Diseño técnico","curso","{""precio_soles"":149,""precio_dolares"":null,""precio"":""Desde S/ 149 IGV incluido"",""precios"":[{""publico"":""Estudiante con carné"",""preventa_soles"":149,""lanzamiento_soles"":199,""regular_soles"":249,""moneda"":""PEN"",""incluye_igv"":true},{""publico"":""Profesional"",""preventa_soles"":299,""lanzamiento_soles"":399,""regular_soles"":499,""moneda"":""PEN"",""incluye_igv"":true}]}","PEN","","5.40","0.30","","","PRECIO_EN_PEN_REQUIERE_CONVERSION","data/catalogo_global.json"
"tw-educa-curso-03","Curso práctico de Programación en QGIS con Python para creación de plugins","tw-educa","GIS","curso","{""precio_soles"":149,""precio_dolares"":null,""precio"":""Desde S/ 149 IGV incluido"",""precios"":[{""publico"":""Estudiante con carné"",""preventa_soles"":149,""lanzamiento_soles"":199,""regular_soles"":249,""moneda"":""PEN"",""incluye_igv"":true},{""publico"":""Profesional"",""preventa_soles"":349,""lanzamiento_soles"":449,""regular_soles"":599,""moneda"":""PEN"",""incluye_igv"":true}]}","PEN","","5.40","0.30","","","PRECIO_EN_PEN_REQUIERE_CONVERSION","data/catalogo_global.json"
"tw-educa-curso-04","Curso práctico de Software de IA Offline con Python, Ollama y PySide","tw-educa","Inteligencia Artificial","curso","{""precio_soles"":179,""precio_dolares"":null,""precio"":""Desde S/ 179 IGV incluido"",""precios"":[{""publico"":""Estudiante con carné"",""preventa_soles"":179,""lanzamiento_soles"":249,""regular_soles"":299,""moneda"":""PEN"",""incluye_igv"":true},{""publico"":""Profesional"",""preventa_soles"":399,""lanzamiento_soles"":499,""regular_soles"":699,""moneda"":""PEN"",""incluye_igv"":true}]}","PEN","","5.40","0.30","","","PRECIO_EN_PEN_REQUIERE_CONVERSION","data/catalogo_global.json"
"tw-educa-curso-05","Curso práctico de Geoportales Web GIS con Python y GeoServer","tw-educa","GIS","curso","{""precio_soles"":199,""precio_dolares"":null,""precio"":""Desde S/ 199 IGV incluido"",""precios"":[{""publico"":""Estudiante con carné"",""preventa_soles"":199,""lanzamiento_soles"":249,""regular_soles"":349,""moneda"":""PEN"",""incluye_igv"":true},{""publico"":""Profesional"",""preventa_soles"":449,""lanzamiento_soles"":599,""regular_soles"":799,""moneda"":""PEN"",""incluye_igv"":true}]}","PEN","","5.40","0.30","","","PRECIO_EN_PEN_REQUIERE_CONVERSION","data/catalogo_global.json"
"tw-educa-curso-06","Curso práctico de LaTeX y Texmaker para Investigación Científica","tw-educa","Redacción técnica","curso","{""precio_soles"":99,""precio_dolares"":null,""precio"":""Desde S/ 99 IGV incluido"",""precios"":[{""publico"":""Estudiante con carné"",""preventa_soles"":99,""lanzamiento_soles"":149,""regular_soles"":199,""moneda"":""PEN"",""incluye_igv"":true},{""publico"":""Profesional / investigador"",""preventa_soles"":249,""lanzamiento_soles"":349,""regular_soles"":499,""moneda"":""PEN"",""incluye_igv"":true},{""publico"":""Premium con asesoría"",""preventa_soles"":599,""lanzamiento_soles"":799,""regular_soles"":999,""moneda"":""PEN"",""incluye_igv"":true}]}","PEN","","5.40","0.30","","","PRECIO_EN_PEN_REQUIERE_CONVERSION","data/catalogo_global.json"
"tw-educa-curso-07","Curso práctico de Machine Learning aplicado a Mecánica de Fluidos","tw-educa","Inteligencia Artificial","curso","{""precio_soles"":179,""precio_dolares"":null,""precio"":""Desde S/ 179 IGV incluido"",""precios"":[{""publico"":""Estudiante con carné"",""preventa_soles"":179,""lanzamiento_soles"":249,""regular_soles"":349,""moneda"":""PEN"",""incluye_igv"":true},{""publico"":""Profesional"",""preventa_soles"":399,""lanzamiento_soles"":549,""regular_soles"":699,""moneda"":""PEN"",""incluye_igv"":true},{""publico"":""Premium con asesoría"",""preventa_soles"":799,""lanzamiento_soles"":999,""regular_soles"":1299,""moneda"":""PEN"",""incluye_igv"":true}]}","PEN","","5.40","0.30","","","PRECIO_EN_PEN_REQUIERE_CONVERSION","data/catalogo_global.json"
"tw-educa-curso-08","Curso práctico de CFD con OpenFOAM en Windows 10/11 usando WSL","tw-educa","Simulación","curso","{""precio_soles"":199,""precio_dolares"":null,""precio"":""Desde S/ 199 IGV incluido"",""precios"":[{""publico"":""Estudiante con carné"",""preventa_soles"":199,""lanzamiento_soles"":249,""regular_soles"":349,""moneda"":""PEN"",""incluye_igv"":true},{""publico"":""Profesional"",""preventa_soles"":449,""lanzamiento_soles"":599,""regular_soles"":799,""moneda"":""PEN"",""incluye_igv"":true},{""publico"":""Premium con asesoría"",""preventa_soles"":899,""lanzamiento_soles"":1099,""regular_soles"":1499,""moneda"":""PEN"",""incluye_igv"":true}]}","PEN","","5.40","0.30","","","PRECIO_EN_PEN_REQUIERE_CONVERSION","data/catalogo_global.json"
"tw-educa-curso-09","Curso práctico de Cloud Computing para OpenFOAM","tw-educa","Simulación","curso","{""precio_soles"":249,""precio_dolares"":null,""precio"":""Desde S/ 249 IGV incluido"",""precios"":[{""publico"":""Estudiante con carné"",""preventa_soles"":249,""lanzamiento_soles"":349,""regular_soles"":449,""moneda"":""PEN"",""incluye_igv"":true},{""publico"":""Profesional"",""preventa_soles"":599,""lanzamiento_soles"":799,""regular_soles"":999,""moneda"":""PEN"",""incluye_igv"":true},{""publico"":""Premium con asesoría"",""preventa_soles"":1199,""lanzamiento_soles"":1499,""regular_soles"":1999,""moneda"":""PEN"",""incluye_igv"":true}]}","PEN","","5.40","0.30","","","PRECIO_EN_PEN_REQUIERE_CONVERSION","data/catalogo_global.json"
"tw-educa-curso-10","Curso práctico de Datos Climáticos y Oceanográficos con Python","tw-educa","Curso técnico","curso","{""precio_soles"":179,""precio_dolares"":null,""precio"":""Desde S/ 179 IGV incluido"",""precios"":[{""publico"":""Estudiante con carné"",""preventa_soles"":179,""lanzamiento_soles"":249,""regular_soles"":349,""moneda"":""PEN"",""incluye_igv"":true},{""publico"":""Profesional"",""preventa_soles"":399,""lanzamiento_soles"":549,""regular_soles"":699,""moneda"":""PEN"",""incluye_igv"":true},{""publico"":""Premium con asesoría"",""preventa_soles"":799,""lanzamiento_soles"":999,""regular_soles"":1299,""moneda"":""PEN"",""incluye_igv"":true}]}","PEN","","5.40","0.30","","","PRECIO_EN_PEN_REQUIERE_CONVERSION","data/catalogo_global.json"
"tw-educa-curso-11","Curso práctico de C++ aplicado a Mecánica de Fluidos","tw-educa","Programación","curso","{""precio_soles"":149,""precio_dolares"":null,""precio"":""Desde S/ 149 IGV incluido"",""precios"":[{""publico"":""Estudiante con carné"",""preventa_soles"":149,""lanzamiento_soles"":199,""regular_soles"":299,""moneda"":""PEN"",""incluye_igv"":true},{""publico"":""Profesional"",""preventa_soles"":349,""lanzamiento_soles"":499,""regular_soles"":699,""moneda"":""PEN"",""incluye_igv"":true},{""publico"":""Premium con asesoría"",""preventa_soles"":799,""lanzamiento_soles"":999,""regular_soles"":1299,""moneda"":""PEN"",""incluye_igv"":true}]}","PEN","","5.40","0.30","","","PRECIO_EN_PEN_REQUIERE_CONVERSION","data/catalogo_global.json"
"tw-educa-curso-12","Curso práctico de Apps Móviles para Mecánica de Fluidos con Flutter y Dart","tw-educa","Desarrollo móvil","curso","{""precio_soles"":149,""precio_dolares"":null,""precio"":""Desde S/ 149 IGV incluido"",""precios"":[{""publico"":""Estudiante con carné"",""preventa_soles"":149,""lanzamiento_soles"":199,""regular_soles"":299,""moneda"":""PEN"",""incluye_igv"":true},{""publico"":""Profesional"",""preventa_soles"":349,""lanzamiento_soles"":499,""regular_soles"":699,""moneda"":""PEN"",""incluye_igv"":true},{""publico"":""Premium con asesoría"",""preventa_soles"":799,""lanzamiento_soles"":999,""regular_soles"":1299,""moneda"":""PEN"",""incluye_igv"":true}]}","PEN","","5.40","0.30","","","PRECIO_EN_PEN_REQUIERE_CONVERSION","data/catalogo_global.json"
"tw-educa-curso-13","Curso práctico de Visión Artificial aplicada a Ríos y Canales","tw-educa","Tecnología","curso","{""precio_soles"":179,""precio_dolares"":null,""precio"":""Desde S/ 179 IGV incluido"",""precios"":[{""publico"":""Estudiante con carné"",""preventa_soles"":179,""lanzamiento_soles"":249,""regular_soles"":349,""moneda"":""PEN"",""incluye_igv"":true},{""publico"":""Profesional"",""preventa_soles"":399,""lanzamiento_soles"":549,""regular_soles"":699,""moneda"":""PEN"",""incluye_igv"":true},{""publico"":""Premium con asesoría"",""preventa_soles"":799,""lanzamiento_soles"":999,""regular_soles"":1299,""moneda"":""PEN"",""incluye_igv"":true}]}","PEN","","5.40","0.30","","","PRECIO_EN_PEN_REQUIERE_CONVERSION","data/catalogo_global.json"
"tw-educa-curso-14","Curso práctico de Programación GPU NVIDIA aplicada a CFD","tw-educa","Simulación","curso","{""precio_soles"":199,""precio_dolares"":null,""precio"":""Desde S/ 199 IGV incluido"",""precios"":[{""publico"":""Estudiante con carné"",""preventa_soles"":199,""lanzamiento_soles"":299,""regular_soles"":399,""moneda"":""PEN"",""incluye_igv"":true},{""publico"":""Profesional"",""preventa_soles"":499,""lanzamiento_soles"":699,""regular_soles"":899,""moneda"":""PEN"",""incluye_igv"":true},{""publico"":""Premium con asesoría"",""preventa_soles"":999,""lanzamiento_soles"":1299,""regular_soles"":1699,""moneda"":""PEN"",""incluye_igv"":true}]}","PEN","","5.40","0.30","","","PRECIO_EN_PEN_REQUIERE_CONVERSION","data/catalogo_global.json"
"tw-educa-curso-15","Curso práctico de Costos y Presupuestos con S10","tw-educa","Construcción","curso","{""precio_soles"":149,""precio_dolares"":null,""precio"":""Desde S/ 149 IGV incluido"",""precios"":[{""publico"":""Estudiante con carné"",""preventa_soles"":149,""lanzamiento_soles"":199,""regular_soles"":249,""moneda"":""PEN"",""incluye_igv"":true},{""publico"":""Profesional"",""preventa_soles"":299,""lanzamiento_soles"":399,""regular_soles"":499,""moneda"":""PEN"",""incluye_igv"":true}]}","PEN","","5.40","0.30","","","PRECIO_EN_PEN_REQUIERE_CONVERSION","data/catalogo_global.json"
"tw-educa-curso-16","Curso práctico de SAP2000 para Análisis Estructural","tw-educa","Ingeniería estructural","curso","{""precio_soles"":179,""precio_dolares"":null,""precio"":""Desde S/ 179 IGV incluido"",""precios"":[{""publico"":""Estudiante con carné"",""preventa_soles"":179,""lanzamiento_soles"":249,""regular_soles"":349,""moneda"":""PEN"",""incluye_igv"":true},{""publico"":""Profesional"",""preventa_soles"":399,""lanzamiento_soles"":549,""regular_soles"":699,""moneda"":""PEN"",""incluye_igv"":true}]}","PEN","","5.40","0.30","","","PRECIO_EN_PEN_REQUIERE_CONVERSION","data/catalogo_global.json"
"tw-educa-curso-17","Curso práctico de ETABS para Modelado Estructural","tw-educa","Ingeniería estructural","curso","{""precio_soles"":179,""precio_dolares"":null,""precio"":""Desde S/ 179 IGV incluido"",""precios"":[{""publico"":""Estudiante con carné"",""preventa_soles"":179,""lanzamiento_soles"":249,""regular_soles"":349,""moneda"":""PEN"",""incluye_igv"":true},{""publico"":""Profesional"",""preventa_soles"":399,""lanzamiento_soles"":549,""regular_soles"":699,""moneda"":""PEN"",""incluye_igv"":true}]}","PEN","","5.40","0.30","","","PRECIO_EN_PEN_REQUIERE_CONVERSION","data/catalogo_global.json"
"tw-educa-curso-18","Curso práctico de Autodesk Inventor para Diseño Mecánico","tw-educa","Diseño mecánico","curso","{""precio_soles"":149,""precio_dolares"":null,""precio"":""Desde S/ 149 IGV incluido"",""precios"":[{""publico"":""Estudiante con carné"",""preventa_soles"":149,""lanzamiento_soles"":199,""regular_soles"":299,""moneda"":""PEN"",""incluye_igv"":true},{""publico"":""Profesional"",""preventa_soles"":349,""lanzamiento_soles"":449,""regular_soles"":599,""moneda"":""PEN"",""incluye_igv"":true}]}","PEN","","5.40","0.30","","","PRECIO_EN_PEN_REQUIERE_CONVERSION","data/catalogo_global.json"
"tw-educa-curso-19","Curso práctico de Revit para Modelado BIM","tw-educa","BIM","curso","{""precio_soles"":149,""precio_dolares"":null,""precio"":""Desde S/ 149 IGV incluido"",""precios"":[{""publico"":""Estudiante con carné"",""preventa_soles"":149,""lanzamiento_soles"":249,""regular_soles"":349,""moneda"":""PEN"",""incluye_igv"":true},{""publico"":""Profesional"",""preventa_soles"":349,""lanzamiento_soles"":499,""regular_soles"":699,""moneda"":""PEN"",""incluye_igv"":true}]}","PEN","","5.40","0.30","","","PRECIO_EN_PEN_REQUIERE_CONVERSION","data/catalogo_global.json"
"tw-educa-curso-20","Curso práctico de Excel Nivel I","tw-educa","Ofimática","curso","{""precio_soles"":79,""precio_dolares"":null,""precio"":""Desde S/ 79 IGV incluido"",""precios"":[{""publico"":""Estudiante con carné"",""preventa_soles"":79,""lanzamiento_soles"":99,""regular_soles"":149,""moneda"":""PEN"",""incluye_igv"":true},{""publico"":""Profesional"",""preventa_soles"":149,""lanzamiento_soles"":199,""regular_soles"":249,""moneda"":""PEN"",""incluye_igv"":true}]}","PEN","","5.40","0.30","","","PRECIO_EN_PEN_REQUIERE_CONVERSION","data/catalogo_global.json"
"tw-educa-curso-21","Curso práctico de Excel Nivel II","tw-educa","Ofimática","curso","{""precio_soles"":99,""precio_dolares"":null,""precio"":""Desde S/ 99 IGV incluido"",""precios"":[{""publico"":""Estudiante con carné"",""preventa_soles"":99,""lanzamiento_soles"":129,""regular_soles"":179,""moneda"":""PEN"",""incluye_igv"":true},{""publico"":""Profesional"",""preventa_soles"":179,""lanzamiento_soles"":229,""regular_soles"":299,""moneda"":""PEN"",""incluye_igv"":true}]}","PEN","","5.40","0.30","","","PRECIO_EN_PEN_REQUIERE_CONVERSION","data/catalogo_global.json"
"tw-educa-curso-22","Curso práctico de Excel Nivel III","tw-educa","Ofimática","curso","{""precio_soles"":119,""precio_dolares"":null,""precio"":""Desde S/ 119 IGV incluido"",""precios"":[{""publico"":""Estudiante con carné"",""preventa_soles"":119,""lanzamiento_soles"":149,""regular_soles"":199,""moneda"":""PEN"",""incluye_igv"":true},{""publico"":""Profesional"",""preventa_soles"":199,""lanzamiento_soles"":249,""regular_soles"":349,""moneda"":""PEN"",""incluye_igv"":true}]}","PEN","","5.40","0.30","","","PRECIO_EN_PEN_REQUIERE_CONVERSION","data/catalogo_global.json"
"tw-educa-curso-23","Curso práctico de AutoCAD Nivel I","tw-educa","Diseño técnico","curso","{""precio_soles"":99,""precio_dolares"":null,""precio"":""Desde S/ 99 IGV incluido"",""precios"":[{""publico"":""Estudiante con carné"",""preventa_soles"":99,""lanzamiento_soles"":149,""regular_soles"":199,""moneda"":""PEN"",""incluye_igv"":true},{""publico"":""Profesional"",""preventa_soles"":199,""lanzamiento_soles"":249,""regular_soles"":349,""moneda"":""PEN"",""incluye_igv"":true}]}","PEN","","5.40","0.30","","","PRECIO_EN_PEN_REQUIERE_CONVERSION","data/catalogo_global.json"
"tw-educa-curso-24","Curso práctico de AutoCAD Nivel II","tw-educa","Diseño técnico","curso","{""precio_soles"":119,""precio_dolares"":null,""precio"":""Desde S/ 119 IGV incluido"",""precios"":[{""publico"":""Estudiante con carné"",""preventa_soles"":119,""lanzamiento_soles"":169,""regular_soles"":229,""moneda"":""PEN"",""incluye_igv"":true},{""publico"":""Profesional"",""preventa_soles"":219,""lanzamiento_soles"":299,""regular_soles"":399,""moneda"":""PEN"",""incluye_igv"":true}]}","PEN","","5.40","0.30","","","PRECIO_EN_PEN_REQUIERE_CONVERSION","data/catalogo_global.json"
"tw-educa-curso-25","Curso práctico de AutoCAD Nivel III","tw-educa","Diseño técnico","curso","{""precio_soles"":129,""precio_dolares"":null,""precio"":""Desde S/ 129 IGV incluido"",""precios"":[{""publico"":""Estudiante con carné"",""preventa_soles"":129,""lanzamiento_soles"":179,""regular_soles"":249,""moneda"":""PEN"",""incluye_igv"":true},{""publico"":""Profesional"",""preventa_soles"":249,""lanzamiento_soles"":329,""regular_soles"":449,""moneda"":""PEN"",""incluye_igv"":true}]}","PEN","","5.40","0.30","","","PRECIO_EN_PEN_REQUIERE_CONVERSION","data/catalogo_global.json"
"tw-educa-curso-26","Curso práctico de SolidWorks para Diseño 3D","tw-educa","Diseño 3D","curso","{""precio_soles"":149,""precio_dolares"":null,""precio"":""Desde S/ 149 IGV incluido"",""precios"":[{""publico"":""Estudiante con carné"",""preventa_soles"":149,""lanzamiento_soles"":199,""regular_soles"":299,""moneda"":""PEN"",""incluye_igv"":true},{""publico"":""Profesional"",""preventa_soles"":349,""lanzamiento_soles"":449,""regular_soles"":599,""moneda"":""PEN"",""incluye_igv"":true}]}","PEN","","5.40","0.30","","","PRECIO_EN_PEN_REQUIERE_CONVERSION","data/catalogo_global.json"
"tw-educa-curso-27","Curso práctico de FreeCAD para Diseño 3D","tw-educa","Diseño 3D","curso","{""precio_soles"":99,""precio_dolares"":null,""precio"":""Desde S/ 99 IGV incluido"",""precios"":[{""publico"":""Estudiante con carné"",""preventa_soles"":99,""lanzamiento_soles"":149,""regular_soles"":199,""moneda"":""PEN"",""incluye_igv"":true},{""publico"":""Profesional"",""preventa_soles"":199,""lanzamiento_soles"":249,""regular_soles"":349,""moneda"":""PEN"",""incluye_igv"":true}]}","PEN","","5.40","0.30","","","PRECIO_EN_PEN_REQUIERE_CONVERSION","data/catalogo_global.json"
"tw-educa-curso-28","Curso práctico de MATLAB y Octave para Ingeniería","tw-educa","Software científico","curso","{""precio_soles"":149,""precio_dolares"":null,""precio"":""Desde S/ 149 IGV incluido"",""precios"":[{""publico"":""Estudiante con carné"",""preventa_soles"":149,""lanzamiento_soles"":199,""regular_soles"":249,""moneda"":""PEN"",""incluye_igv"":true},{""publico"":""Profesional"",""preventa_soles"":299,""lanzamiento_soles"":399,""regular_soles"":499,""moneda"":""PEN"",""incluye_igv"":true}]}","PEN","","5.40","0.30","","","PRECIO_EN_PEN_REQUIERE_CONVERSION","data/catalogo_global.json"
"tw-educa-curso-29","Curso práctico de Python Básico","tw-educa","Programación","curso","{""precio_soles"":99,""precio_dolares"":null,""precio"":""Desde S/ 99 IGV incluido"",""precios"":[{""publico"":""Estudiante con carné"",""preventa_soles"":99,""lanzamiento_soles"":149,""regular_soles"":199,""moneda"":""PEN"",""incluye_igv"":true},{""publico"":""Profesional"",""preventa_soles"":199,""lanzamiento_soles"":249,""regular_soles"":349,""moneda"":""PEN"",""incluye_igv"":true}]}","PEN","","5.40","0.30","","","PRECIO_EN_PEN_REQUIERE_CONVERSION","data/catalogo_global.json"
"tw-educa-curso-30","Curso práctico de Python POO","tw-educa","Programación","curso","{""precio_soles"":119,""precio_dolares"":null,""precio"":""Desde S/ 119 IGV incluido"",""precios"":[{""publico"":""Estudiante con carné"",""preventa_soles"":119,""lanzamiento_soles"":169,""regular_soles"":229,""moneda"":""PEN"",""incluye_igv"":true},{""publico"":""Profesional"",""preventa_soles"":229,""lanzamiento_soles"":299,""regular_soles"":399,""moneda"":""PEN"",""incluye_igv"":true}]}","PEN","","5.40","0.30","","","PRECIO_EN_PEN_REQUIERE_CONVERSION","data/catalogo_global.json"
"tw-educa-curso-31","Curso práctico de Python Web","tw-educa","Programación","curso","{""precio_soles"":149,""precio_dolares"":null,""precio"":""Desde S/ 149 IGV incluido"",""precios"":[{""publico"":""Estudiante con carné"",""preventa_soles"":149,""lanzamiento_soles"":199,""regular_soles"":249,""moneda"":""PEN"",""incluye_igv"":true},{""publico"":""Profesional"",""preventa_soles"":299,""lanzamiento_soles"":399,""regular_soles"":499,""moneda"":""PEN"",""incluye_igv"":true}]}","PEN","","5.40","0.30","","","PRECIO_EN_PEN_REQUIERE_CONVERSION","data/catalogo_global.json"
"tw-educa-curso-32","Curso práctico de Frontend Web","tw-educa","Desarrollo web","curso","{""precio_soles"":99,""precio_dolares"":null,""precio"":""Desde S/ 99 IGV incluido"",""precios"":[{""publico"":""Estudiante con carné"",""preventa_soles"":99,""lanzamiento_soles"":149,""regular_soles"":199,""moneda"":""PEN"",""incluye_igv"":true},{""publico"":""Profesional"",""preventa_soles"":199,""lanzamiento_soles"":249,""regular_soles"":349,""moneda"":""PEN"",""incluye_igv"":true}]}","PEN","","5.40","0.30","","","PRECIO_EN_PEN_REQUIERE_CONVERSION","data/catalogo_global.json"
"tw-educa-curso-33","Curso práctico de Informática Básica","tw-educa","Informática","curso","{""precio_soles"":69,""precio_dolares"":null,""precio"":""Desde S/ 69 IGV incluido"",""precios"":[{""publico"":""Estudiante"",""preventa_soles"":69,""lanzamiento_soles"":89,""regular_soles"":129,""moneda"":""PEN"",""incluye_igv"":true},{""publico"":""General"",""preventa_soles"":119,""lanzamiento_soles"":149,""regular_soles"":199,""moneda"":""PEN"",""incluye_igv"":true}]}","PEN","","5.40","0.30","","","PRECIO_EN_PEN_REQUIERE_CONVERSION","data/catalogo_global.json"
"tw-educa-curso-34","Curso práctico de GNU/Linux","tw-educa","Sistemas","curso","{""precio_soles"":89,""precio_dolares"":null,""precio"":""Desde S/ 89 IGV incluido"",""precios"":[{""publico"":""Estudiante con carné"",""preventa_soles"":89,""lanzamiento_soles"":119,""regular_soles"":169,""moneda"":""PEN"",""incluye_igv"":true},{""publico"":""Profesional"",""preventa_soles"":169,""lanzamiento_soles"":229,""regular_soles"":299,""moneda"":""PEN"",""incluye_igv"":true}]}","PEN","","5.40","0.30","","","PRECIO_EN_PEN_REQUIERE_CONVERSION","data/catalogo_global.json"
"tw-educa-curso-35","Preparación para Admisión UNMSM","tw-educa","Preparación académica","curso","{""precio_soles"":179,""precio_dolares"":null,""precio"":""Desde S/ 179 IGV incluido"",""precios"":[{""publico"":""Escolar / egresado"",""preventa_soles"":179,""lanzamiento_soles"":249,""regular_soles"":349,""moneda"":""PEN"",""incluye_igv"":true},{""publico"":""General"",""preventa_soles"":249,""lanzamiento_soles"":349,""regular_soles"":449,""moneda"":""PEN"",""incluye_igv"":true}]}","PEN","","5.40","0.30","","","PRECIO_EN_PEN_REQUIERE_CONVERSION","data/catalogo_global.json"
"tw-educa-curso-36","Preparación para Admisión UNI","tw-educa","Preparación académica","curso","{""precio_soles"":199,""precio_dolares"":null,""precio"":""Desde S/ 199 IGV incluido"",""precios"":[{""publico"":""Escolar / egresado"",""preventa_soles"":199,""lanzamiento_soles"":279,""regular_soles"":379,""moneda"":""PEN"",""incluye_igv"":true},{""publico"":""General"",""preventa_soles"":279,""lanzamiento_soles"":379,""regular_soles"":499,""moneda"":""PEN"",""incluye_igv"":true}]}","PEN","","5.40","0.30","","","PRECIO_EN_PEN_REQUIERE_CONVERSION","data/catalogo_global.json"
"tw-educa-curso-37","Preparación para Admisión UNAC","tw-educa","Preparación académica","curso","{""precio_soles"":159,""precio_dolares"":null,""precio"":""Desde S/ 159 IGV incluido"",""precios"":[{""publico"":""Escolar / egresado"",""preventa_soles"":159,""lanzamiento_soles"":229,""regular_soles"":329,""moneda"":""PEN"",""incluye_igv"":true},{""publico"":""General"",""preventa_soles"":229,""lanzamiento_soles"":329,""regular_soles"":429,""moneda"":""PEN"",""incluye_igv"":true}]}","PEN","","5.40","0.30","","","PRECIO_EN_PEN_REQUIERE_CONVERSION","data/catalogo_global.json"
"tw-store-001","iPhone 16e 5G 128GB, 8GB RAM, cámara trasera 48MP y frontal 12MP, 6.1"", negro","tw-store","Celulares","producto","{""precio_fuente"":2699.0,""precio_tw_8"":2914.92,""precio_tw_12"":3022.88,""precio_tw_18"":3184.82,""precio_publico"":3022.88}","PEN","","5.40","0.30","","","PRECIO_EN_PEN_REQUIERE_CONVERSION","data/productos_store.json"
"tw-store-002","iPhone 15 128GB, 6GB RAM, cámara 48MP, 6.1"", rosado/negro según disponibilidad","tw-store","Celulares","producto","{""precio_fuente"":2599.0,""precio_tw_8"":2806.92,""precio_tw_12"":2910.88,""precio_tw_18"":3066.82,""precio_publico"":2910.88}","PEN","","5.40","0.30","","","PRECIO_EN_PEN_REQUIERE_CONVERSION","data/productos_store.json"
"tw-store-003","Samsung Galaxy A16 4G 128GB, 4GB RAM, cámara trasera 50MP, 6.7"", negro","tw-store","Celulares","producto","{""precio_fuente"":529.0,""precio_tw_8"":571.32,""precio_tw_12"":592.48,""precio_tw_18"":624.22,""precio_publico"":592.48}","PEN","","5.40","0.30","","","PRECIO_EN_PEN_REQUIERE_CONVERSION","data/productos_store.json"
"tw-store-004","AirPods Pro 2da Gen, cancelación de ruido, blanco","tw-store","Audio","producto","{""precio_fuente"":949.0,""precio_tw_8"":1024.92,""precio_tw_12"":1062.88,""precio_tw_18"":1119.82,""precio_publico"":1062.88}","PEN","","5.40","0.30","","","PRECIO_EN_PEN_REQUIERE_CONVERSION","data/productos_store.json"
"tw-store-005","JBL Wave Buds 2 True Wireless, cancelación de ruido, IP54, negro/blanco","tw-store","Audio","producto","{""precio_fuente"":199.0,""precio_tw_8"":214.92,""precio_tw_12"":222.88,""precio_tw_18"":234.82,""precio_publico"":222.88}","PEN","","5.40","0.30","","","PRECIO_EN_PEN_REQUIERE_CONVERSION","data/productos_store.json"
"tw-store-006","Marshall Major V bluetooth on-ear, 100 horas, carga inalámbrica, café","tw-store","Audio","producto","{""precio_fuente"":599.0,""precio_tw_8"":646.92,""precio_tw_12"":670.88,""precio_tw_18"":706.82,""precio_publico"":670.88}","PEN","","5.40","0.30","","","PRECIO_EN_PEN_REQUIERE_CONVERSION","data/productos_store.json"
"tw-store-007","Parlantes para PC Coolbox Teraware, USB 2.0 y 3.5 mm, 3W x2","tw-store","Audio","producto","{""precio_fuente"":29.9,""precio_tw_8"":32.29,""precio_tw_12"":33.49,""precio_tw_18"":35.28,""precio_publico"":33.49}","PEN","","5.40","0.30","","","PRECIO_EN_PEN_REQUIERE_CONVERSION","data/productos_store.json"
"tw-store-008","Parlantes Gamer HP DHE-6005 RGB 6W","tw-store","Audio","producto","{""precio_fuente"":139.9,""precio_tw_8"":151.09,""precio_tw_12"":156.69,""precio_tw_18"":165.08,""precio_publico"":156.69}","PEN","","5.40","0.30","","","PRECIO_EN_PEN_REQUIERE_CONVERSION","data/productos_store.json"
"tw-store-009","JBL PartyBox Stage 320, 240W, IPX4, batería hasta 18 h, negro","tw-store","Audio","producto","{""precio_fuente"":2299.0,""precio_tw_8"":2482.92,""precio_tw_12"":2574.88,""precio_tw_18"":2712.82,""precio_publico"":2574.88}","PEN","","5.40","0.30","","","PRECIO_EN_PEN_REQUIERE_CONVERSION","data/productos_store.json"
"tw-store-010","JBL PartyBox Club 120, 160W, IPX4, luces, negro","tw-store","Audio","producto","{""precio_fuente"":1499.0,""precio_tw_8"":1618.92,""precio_tw_12"":1678.88,""precio_tw_18"":1768.82,""precio_publico"":1678.88}","PEN","","5.40","0.30","","","PRECIO_EN_PEN_REQUIERE_CONVERSION","data/productos_store.json"
"tw-store-011","Lenovo LOQ 15IAX9 Gaming, Core i5-12450HX, 8GB/512GB/15.6"", GeForce RTX 3050 6GB","tw-store","Laptops","producto","{""precio_fuente"":3156.0,""precio_tw_8"":3408.48,""precio_tw_12"":3534.72,""precio_tw_18"":3724.08,""precio_publico"":3534.72}","PEN","","5.40","0.30","","","PRECIO_EN_PEN_REQUIERE_CONVERSION","data/productos_store.json"
"tw-store-012","ASUS TUF Gaming F16 FX608JH-RV010, Core i5-13450HX, 16GB/512GB/16"", GeForce RTX 5050 8GB","tw-store","Laptops","producto","{""precio_fuente"":4819.5,""precio_tw_8"":5205.06,""precio_tw_12"":5397.84,""precio_tw_18"":5687.01,""precio_publico"":5397.84}","PEN","","5.40","0.30","","","PRECIO_EN_PEN_REQUIERE_CONVERSION","data/productos_store.json"
"tw-store-013","ASUS TUF Gaming F16 FX608JHR-RV006, Core i7-14650HX, 16GB/512GB/16"", GeForce RTX 5060 8GB","tw-store","Laptops","producto","{""precio_fuente"":5968.0,""precio_tw_8"":6445.44,""precio_tw_12"":6684.16,""precio_tw_18"":7042.24,""precio_publico"":6684.16}","PEN","","5.40","0.30","","","PRECIO_EN_PEN_REQUIERE_CONVERSION","data/productos_store.json"
"tw-store-014","ASUS ROG Strix G16 G615JMR-RV017W, Core i9-14900HX, 16GB/1TB/16"", GeForce RTX 5060 8GB","tw-store","Laptops","producto","{""precio_fuente"":7951.5,""precio_tw_8"":8587.62,""precio_tw_12"":8905.68,""precio_tw_18"":9382.77,""precio_publico"":8905.68}","PEN","","5.40","0.30","","","PRECIO_EN_PEN_REQUIERE_CONVERSION","data/productos_store.json"
"tw-store-015","ASUS TUF VG249Q5A 23.8"", IPS FHD, 200Hz, 1ms, parlante integrado","tw-store","Monitores","producto","{""precio_fuente"":483.5,""precio_tw_8"":522.18,""precio_tw_12"":541.52,""precio_tw_18"":570.53,""precio_publico"":541.52}","PEN","","5.40","0.30","","","PRECIO_EN_PEN_REQUIERE_CONVERSION","data/productos_store.json"
"tw-store-016","ASUS TUF VG249Q5R 23.8"", IPS FHD, 200Hz, parlante integrado","tw-store","Monitores","producto","{""precio_fuente"":469.5,""precio_tw_8"":507.06,""precio_tw_12"":525.84,""precio_tw_18"":554.01,""precio_publico"":525.84}","PEN","","5.40","0.30","","","PRECIO_EN_PEN_REQUIERE_CONVERSION","data/productos_store.json"
"tw-store-017","Samsung Odyssey G3 DG300 24"", FHD, 180Hz, 1ms, pivote","tw-store","Monitores","producto","{""precio_fuente"":459.0,""precio_tw_8"":495.72,""precio_tw_12"":514.08,""precio_tw_18"":541.62,""precio_publico"":514.08}","PEN","","5.40","0.30","","","PRECIO_EN_PEN_REQUIERE_CONVERSION","data/productos_store.json"
"tw-store-018","ViewSonic VX2429 24"", FHD, 200Hz, 1ms, parlante integrado","tw-store","Monitores","producto","{""precio_fuente"":417.5,""precio_tw_8"":450.9,""precio_tw_12"":467.6,""precio_tw_18"":492.65,""precio_publico"":467.6}","PEN","","5.40","0.30","","","PRECIO_EN_PEN_REQUIERE_CONVERSION","data/productos_store.json"
"tw-store-019","Gigabyte GS25F14 24.5"", IPS FHD, 144Hz, 1ms","tw-store","Monitores","producto","{""precio_fuente"":323.5,""precio_tw_8"":349.38,""precio_tw_12"":362.32,""precio_tw_18"":381.73,""precio_publico"":362.32}","PEN","","5.40","0.30","","","PRECIO_EN_PEN_REQUIERE_CONVERSION","data/productos_store.json"
"tw-store-020","Mac Mini M4 256GB SSD, 16GB RAM, CPU 10, GPU 10","tw-store","Apple","producto","{""precio_fuente"":3399.0,""precio_tw_8"":3670.92,""precio_tw_12"":3806.88,""precio_tw_18"":4010.82,""precio_publico"":3806.88}","PEN","","5.40","0.30","","","PRECIO_EN_PEN_REQUIERE_CONVERSION","data/productos_store.json"
"tw-store-021","MacBook Air 13 Chip M5, 512GB, 16GB RAM, teclado inglés","tw-store","Apple","producto","{""precio_fuente"":4499.0,""precio_tw_8"":4858.92,""precio_tw_12"":5038.88,""precio_tw_18"":5308.82,""precio_publico"":5038.88}","PEN","","5.40","0.30","","","PRECIO_EN_PEN_REQUIERE_CONVERSION","data/productos_store.json"
"tw-store-022","MacBook Air 15 Chip M5, 512GB, 16GB RAM, teclado inglés","tw-store","Apple","producto","{""precio_fuente"":5399.0,""precio_tw_8"":5830.92,""precio_tw_12"":6046.88,""precio_tw_18"":6370.82,""precio_publico"":6046.88}","PEN","","5.40","0.30","","","PRECIO_EN_PEN_REQUIERE_CONVERSION","data/productos_store.json"
"tw-store-023","MacBook Pro 14 M5, 1TB, 24GB RAM, teclado inglés","tw-store","Apple","producto","{""precio_fuente"":7990.0,""precio_tw_8"":8629.2,""precio_tw_12"":8948.8,""precio_tw_18"":9428.2,""precio_publico"":8948.8}","PEN","","5.40","0.30","","","PRECIO_EN_PEN_REQUIERE_CONVERSION","data/productos_store.json"
"tw-store-024","AirPods 4th Gen con cancelación activa de ruido","tw-store","Apple","producto","{""precio_fuente"":569.0,""precio_tw_8"":614.52,""precio_tw_12"":637.28,""precio_tw_18"":671.42,""precio_publico"":637.28}","PEN","","5.40","0.30","","","PRECIO_EN_PEN_REQUIERE_CONVERSION","data/productos_store.json"
"tw-store-025","AirPods Pro 3 2025","tw-store","Apple","producto","{""precio_fuente"":869.0,""precio_tw_8"":938.52,""precio_tw_12"":973.28,""precio_tw_18"":1025.42,""precio_publico"":973.28}","PEN","","5.40","0.30","","","PRECIO_EN_PEN_REQUIERE_CONVERSION","data/productos_store.json"
"tw-store-026","Apple Watch SE 2th Gen 44mm GPS","tw-store","Apple","producto","{""precio_fuente"":990.0,""precio_tw_8"":1069.2,""precio_tw_12"":1108.8,""precio_tw_18"":1168.2,""precio_publico"":1108.8}","PEN","","5.40","0.30","","","PRECIO_EN_PEN_REQUIERE_CONVERSION","data/productos_store.json"
"tw-store-027","iPad Air 11 Chip M4 256GB WiFi 2026 + Pencil Pro","tw-store","Apple","producto","{""precio_fuente"":3499.0,""precio_tw_8"":3778.92,""precio_tw_12"":3918.88,""precio_tw_18"":4128.82,""precio_publico"":3918.88}","PEN","","5.40","0.30","","","PRECIO_EN_PEN_REQUIERE_CONVERSION","data/productos_store.json"
"tw-store-028","iPad Pro 13 Chip M5 256GB WiFi 2025","tw-store","Apple","producto","{""precio_fuente"":4899.0,""precio_tw_8"":5290.92,""precio_tw_12"":5486.88,""precio_tw_18"":5780.82,""precio_publico"":5486.88}","PEN","","5.40","0.30","","","PRECIO_EN_PEN_REQUIERE_CONVERSION","data/productos_store.json"
"tw-store-029","PICO 4 ULTRA 256GB + 12GB RAM","tw-store","Realidad Virtual","producto","{""precio_fuente"":3199.0,""precio_tw_8"":3454.92,""precio_tw_12"":3582.88,""precio_tw_18"":3774.82,""precio_publico"":3582.88}","PEN","","5.40","0.30","","","PRECIO_EN_PEN_REQUIERE_CONVERSION","data/productos_store.json"
"tw-store-030","BOBOVR M3 PRO para Meta Quest 3","tw-store","Realidad Virtual","producto","{""precio_fuente"":279.0,""precio_tw_8"":301.32,""precio_tw_12"":312.48,""precio_tw_18"":329.22,""precio_publico"":312.48}","PEN","","5.40","0.30","","","PRECIO_EN_PEN_REQUIERE_CONVERSION","data/productos_store.json"
"tw-store-031","BOBOVR S3 PRO para Meta Quest 3S / Quest 3","tw-store","Realidad Virtual","producto","{""precio_fuente"":469.0,""precio_tw_8"":506.52,""precio_tw_12"":525.28,""precio_tw_18"":553.42,""precio_publico"":525.28}","PEN","","5.40","0.30","","","PRECIO_EN_PEN_REQUIERE_CONVERSION","data/productos_store.json"
"tw-store-032","MX Master 3S","tw-store","Accesorios","producto","{""precio_fuente"":389.0,""precio_tw_8"":420.12,""precio_tw_12"":435.68,""precio_tw_18"":459.02,""precio_publico"":435.68}","PEN","","5.40","0.30","","","PRECIO_EN_PEN_REQUIERE_CONVERSION","data/productos_store.json"
"tw-store-033","Apple Magic Trackpad USB-C 2024 blanco","tw-store","Accesorios","producto","{""precio_fuente"":599.0,""precio_tw_8"":646.92,""precio_tw_12"":670.88,""precio_tw_18"":706.82,""precio_publico"":670.88}","PEN","","5.40","0.30","","","PRECIO_EN_PEN_REQUIERE_CONVERSION","data/productos_store.json"
"tw-educa-curso-01::perfil-1::preventa","Curso práctico de Realidad Virtual con Unity para Meta Quest 2 y 3 — Estudiante con carné — preventa","tw-educa","Realidad Virtual","curso","{""publico"":""Estudiante con carné"",""preventa_soles"":199,""preventa_usd"":59}","PEN/USD","59","5.40","0.30","62.684990","69","PRECIO_BASE_USD_DEFINIDO","data/cursos_tw_educa.json; data/precios_internacionales_tw_educa.json"
"tw-educa-curso-01::perfil-1::lanzamiento","Curso práctico de Realidad Virtual con Unity para Meta Quest 2 y 3 — Estudiante con carné — lanzamiento","tw-educa","Realidad Virtual","curso","{""publico"":""Estudiante con carné"",""lanzamiento_soles"":249,""lanzamiento_usd"":73}","PEN/USD","73","5.40","0.30","77.484144","79","PRECIO_BASE_USD_DEFINIDO","data/cursos_tw_educa.json; data/precios_internacionales_tw_educa.json"
"tw-educa-curso-01::perfil-1::regular","Curso práctico de Realidad Virtual con Unity para Meta Quest 2 y 3 — Estudiante con carné — regular","tw-educa","Realidad Virtual","curso","{""publico"":""Estudiante con carné"",""regular_soles"":299,""regular_usd"":88}","PEN/USD","88","5.40","0.30","93.340381","99","PRECIO_BASE_USD_DEFINIDO","data/cursos_tw_educa.json; data/precios_internacionales_tw_educa.json"
"tw-educa-curso-01::perfil-2::preventa","Curso práctico de Realidad Virtual con Unity para Meta Quest 2 y 3 — Profesional — preventa","tw-educa","Realidad Virtual","curso","{""publico"":""Profesional"",""preventa_soles"":349,""preventa_usd"":103}","PEN/USD","103","5.40","0.30","109.196618","119","PRECIO_BASE_USD_DEFINIDO","data/cursos_tw_educa.json; data/precios_internacionales_tw_educa.json"
"tw-educa-curso-01::perfil-2::lanzamiento","Curso práctico de Realidad Virtual con Unity para Meta Quest 2 y 3 — Profesional — lanzamiento","tw-educa","Realidad Virtual","curso","{""publico"":""Profesional"",""lanzamiento_soles"":449,""lanzamiento_usd"":132}","PEN/USD","132","5.40","0.30","139.852009","149","PRECIO_BASE_USD_DEFINIDO","data/cursos_tw_educa.json; data/precios_internacionales_tw_educa.json"
"tw-educa-curso-01::perfil-2::regular","Curso práctico de Realidad Virtual con Unity para Meta Quest 2 y 3 — Profesional — regular","tw-educa","Realidad Virtual","curso","{""publico"":""Profesional"",""regular_soles"":599,""regular_usd"":176}","PEN/USD","176","5.40","0.30","186.363637","189","PRECIO_BASE_USD_DEFINIDO","data/cursos_tw_educa.json; data/precios_internacionales_tw_educa.json"
"tw-educa-curso-02::perfil-1::preventa","Curso Práctico de Programación de Plugins GUI para AutoCAD 2027 — Estudiante con carné — preventa","tw-educa","Diseño técnico","curso","{""publico"":""Estudiante con carné"",""preventa_soles"":149,""preventa_usd"":44}","PEN/USD","44","5.40","0.30","46.828753","49","PRECIO_BASE_USD_DEFINIDO","data/cursos_tw_educa.json; data/precios_internacionales_tw_educa.json"
"tw-educa-curso-02::perfil-1::lanzamiento","Curso Práctico de Programación de Plugins GUI para AutoCAD 2027 — Estudiante con carné — lanzamiento","tw-educa","Diseño técnico","curso","{""publico"":""Estudiante con carné"",""lanzamiento_soles"":199,""lanzamiento_usd"":59}","PEN/USD","59","5.40","0.30","62.684990","69","PRECIO_BASE_USD_DEFINIDO","data/cursos_tw_educa.json; data/precios_internacionales_tw_educa.json"
"tw-educa-curso-02::perfil-1::regular","Curso Práctico de Programación de Plugins GUI para AutoCAD 2027 — Estudiante con carné — regular","tw-educa","Diseño técnico","curso","{""publico"":""Estudiante con carné"",""regular_soles"":249,""regular_usd"":73}","PEN/USD","73","5.40","0.30","77.484144","79","PRECIO_BASE_USD_DEFINIDO","data/cursos_tw_educa.json; data/precios_internacionales_tw_educa.json"
"tw-educa-curso-02::perfil-2::preventa","Curso Práctico de Programación de Plugins GUI para AutoCAD 2027 — Profesional — preventa","tw-educa","Diseño técnico","curso","{""publico"":""Profesional"",""preventa_soles"":299,""preventa_usd"":88}","PEN/USD","88","5.40","0.30","93.340381","99","PRECIO_BASE_USD_DEFINIDO","data/cursos_tw_educa.json; data/precios_internacionales_tw_educa.json"
"tw-educa-curso-02::perfil-2::lanzamiento","Curso Práctico de Programación de Plugins GUI para AutoCAD 2027 — Profesional — lanzamiento","tw-educa","Diseño técnico","curso","{""publico"":""Profesional"",""lanzamiento_soles"":399,""lanzamiento_usd"":117}","PEN/USD","117","5.40","0.30","123.995772","129","PRECIO_BASE_USD_DEFINIDO","data/cursos_tw_educa.json; data/precios_internacionales_tw_educa.json"
"tw-educa-curso-02::perfil-2::regular","Curso Práctico de Programación de Plugins GUI para AutoCAD 2027 — Profesional — regular","tw-educa","Diseño técnico","curso","{""publico"":""Profesional"",""regular_soles"":499,""regular_usd"":147}","PEN/USD","147","5.40","0.30","155.708246","159","PRECIO_BASE_USD_DEFINIDO","data/cursos_tw_educa.json; data/precios_internacionales_tw_educa.json"
"tw-educa-curso-03::perfil-1::preventa","Curso práctico de Programación en QGIS con Python para creación de plugins — Estudiante con carné — preventa","tw-educa","GIS","curso","{""publico"":""Estudiante con carné"",""preventa_soles"":149,""preventa_usd"":44}","PEN/USD","44","5.40","0.30","46.828753","49","PRECIO_BASE_USD_DEFINIDO","data/cursos_tw_educa.json; data/precios_internacionales_tw_educa.json"
"tw-educa-curso-03::perfil-1::lanzamiento","Curso práctico de Programación en QGIS con Python para creación de plugins — Estudiante con carné — lanzamiento","tw-educa","GIS","curso","{""publico"":""Estudiante con carné"",""lanzamiento_soles"":199,""lanzamiento_usd"":59}","PEN/USD","59","5.40","0.30","62.684990","69","PRECIO_BASE_USD_DEFINIDO","data/cursos_tw_educa.json; data/precios_internacionales_tw_educa.json"
"tw-educa-curso-03::perfil-1::regular","Curso práctico de Programación en QGIS con Python para creación de plugins — Estudiante con carné — regular","tw-educa","GIS","curso","{""publico"":""Estudiante con carné"",""regular_soles"":249,""regular_usd"":73}","PEN/USD","73","5.40","0.30","77.484144","79","PRECIO_BASE_USD_DEFINIDO","data/cursos_tw_educa.json; data/precios_internacionales_tw_educa.json"
"tw-educa-curso-03::perfil-2::preventa","Curso práctico de Programación en QGIS con Python para creación de plugins — Profesional — preventa","tw-educa","GIS","curso","{""publico"":""Profesional"",""preventa_soles"":349,""preventa_usd"":103}","PEN/USD","103","5.40","0.30","109.196618","119","PRECIO_BASE_USD_DEFINIDO","data/cursos_tw_educa.json; data/precios_internacionales_tw_educa.json"
"tw-educa-curso-03::perfil-2::lanzamiento","Curso práctico de Programación en QGIS con Python para creación de plugins — Profesional — lanzamiento","tw-educa","GIS","curso","{""publico"":""Profesional"",""lanzamiento_soles"":449,""lanzamiento_usd"":132}","PEN/USD","132","5.40","0.30","139.852009","149","PRECIO_BASE_USD_DEFINIDO","data/cursos_tw_educa.json; data/precios_internacionales_tw_educa.json"
"tw-educa-curso-03::perfil-2::regular","Curso práctico de Programación en QGIS con Python para creación de plugins — Profesional — regular","tw-educa","GIS","curso","{""publico"":""Profesional"",""regular_soles"":599,""regular_usd"":176}","PEN/USD","176","5.40","0.30","186.363637","189","PRECIO_BASE_USD_DEFINIDO","data/cursos_tw_educa.json; data/precios_internacionales_tw_educa.json"
"tw-educa-curso-04::perfil-1::preventa","Curso práctico de Software de IA Offline con Python, Ollama y PySide — Estudiante con carné — preventa","tw-educa","Inteligencia Artificial","curso","{""publico"":""Estudiante con carné"",""preventa_soles"":179,""preventa_usd"":53}","PEN/USD","53","5.40","0.30","56.342495","59","PRECIO_BASE_USD_DEFINIDO","data/cursos_tw_educa.json; data/precios_internacionales_tw_educa.json"
"tw-educa-curso-04::perfil-1::lanzamiento","Curso práctico de Software de IA Offline con Python, Ollama y PySide — Estudiante con carné — lanzamiento","tw-educa","Inteligencia Artificial","curso","{""publico"":""Estudiante con carné"",""lanzamiento_soles"":249,""lanzamiento_usd"":73}","PEN/USD","73","5.40","0.30","77.484144","79","PRECIO_BASE_USD_DEFINIDO","data/cursos_tw_educa.json; data/precios_internacionales_tw_educa.json"
"tw-educa-curso-04::perfil-1::regular","Curso práctico de Software de IA Offline con Python, Ollama y PySide — Estudiante con carné — regular","tw-educa","Inteligencia Artificial","curso","{""publico"":""Estudiante con carné"",""regular_soles"":299,""regular_usd"":88}","PEN/USD","88","5.40","0.30","93.340381","99","PRECIO_BASE_USD_DEFINIDO","data/cursos_tw_educa.json; data/precios_internacionales_tw_educa.json"
"tw-educa-curso-04::perfil-2::preventa","Curso práctico de Software de IA Offline con Python, Ollama y PySide — Profesional — preventa","tw-educa","Inteligencia Artificial","curso","{""publico"":""Profesional"",""preventa_soles"":399,""preventa_usd"":117}","PEN/USD","117","5.40","0.30","123.995772","129","PRECIO_BASE_USD_DEFINIDO","data/cursos_tw_educa.json; data/precios_internacionales_tw_educa.json"
"tw-educa-curso-04::perfil-2::lanzamiento","Curso práctico de Software de IA Offline con Python, Ollama y PySide — Profesional — lanzamiento","tw-educa","Inteligencia Artificial","curso","{""publico"":""Profesional"",""lanzamiento_soles"":499,""lanzamiento_usd"":147}","PEN/USD","147","5.40","0.30","155.708246","159","PRECIO_BASE_USD_DEFINIDO","data/cursos_tw_educa.json; data/precios_internacionales_tw_educa.json"
"tw-educa-curso-04::perfil-2::regular","Curso práctico de Software de IA Offline con Python, Ollama y PySide — Profesional — regular","tw-educa","Inteligencia Artificial","curso","{""publico"":""Profesional"",""regular_soles"":699,""regular_usd"":205}","PEN/USD","205","5.40","0.30","217.019028","219","PRECIO_BASE_USD_DEFINIDO","data/cursos_tw_educa.json; data/precios_internacionales_tw_educa.json"
"tw-educa-curso-05::perfil-1::preventa","Curso práctico de Geoportales Web GIS con Python y GeoServer — Estudiante con carné — preventa","tw-educa","GIS","curso","{""publico"":""Estudiante con carné"",""preventa_soles"":199,""preventa_usd"":59}","PEN/USD","59","5.40","0.30","62.684990","69","PRECIO_BASE_USD_DEFINIDO","data/cursos_tw_educa.json; data/precios_internacionales_tw_educa.json"
"tw-educa-curso-05::perfil-1::lanzamiento","Curso práctico de Geoportales Web GIS con Python y GeoServer — Estudiante con carné — lanzamiento","tw-educa","GIS","curso","{""publico"":""Estudiante con carné"",""lanzamiento_soles"":249,""lanzamiento_usd"":73}","PEN/USD","73","5.40","0.30","77.484144","79","PRECIO_BASE_USD_DEFINIDO","data/cursos_tw_educa.json; data/precios_internacionales_tw_educa.json"
"tw-educa-curso-05::perfil-1::regular","Curso práctico de Geoportales Web GIS con Python y GeoServer — Estudiante con carné — regular","tw-educa","GIS","curso","{""publico"":""Estudiante con carné"",""regular_soles"":349,""regular_usd"":103}","PEN/USD","103","5.40","0.30","109.196618","119","PRECIO_BASE_USD_DEFINIDO","data/cursos_tw_educa.json; data/precios_internacionales_tw_educa.json"
"tw-educa-curso-05::perfil-2::preventa","Curso práctico de Geoportales Web GIS con Python y GeoServer — Profesional — preventa","tw-educa","GIS","curso","{""publico"":""Profesional"",""preventa_soles"":449,""preventa_usd"":132}","PEN/USD","132","5.40","0.30","139.852009","149","PRECIO_BASE_USD_DEFINIDO","data/cursos_tw_educa.json; data/precios_internacionales_tw_educa.json"
"tw-educa-curso-05::perfil-2::lanzamiento","Curso práctico de Geoportales Web GIS con Python y GeoServer — Profesional — lanzamiento","tw-educa","GIS","curso","{""publico"":""Profesional"",""lanzamiento_soles"":599,""lanzamiento_usd"":176}","PEN/USD","176","5.40","0.30","186.363637","189","PRECIO_BASE_USD_DEFINIDO","data/cursos_tw_educa.json; data/precios_internacionales_tw_educa.json"
"tw-educa-curso-05::perfil-2::regular","Curso práctico de Geoportales Web GIS con Python y GeoServer — Profesional — regular","tw-educa","GIS","curso","{""publico"":""Profesional"",""regular_soles"":799,""regular_usd"":235}","PEN/USD","235","5.40","0.30","248.731502","249","PRECIO_BASE_USD_DEFINIDO","data/cursos_tw_educa.json; data/precios_internacionales_tw_educa.json"
"tw-educa-curso-06::perfil-1::preventa","Curso práctico de LaTeX y Texmaker para Investigación Científica — Estudiante con carné — preventa","tw-educa","Redacción técnica","curso","{""publico"":""Estudiante con carné"",""preventa_soles"":99,""preventa_usd"":30}","PEN/USD","30","5.40","0.30","32.029599","39","PRECIO_BASE_USD_DEFINIDO","data/cursos_tw_educa.json; data/precios_internacionales_tw_educa.json"
"tw-educa-curso-06::perfil-1::lanzamiento","Curso práctico de LaTeX y Texmaker para Investigación Científica — Estudiante con carné — lanzamiento","tw-educa","Redacción técnica","curso","{""publico"":""Estudiante con carné"",""lanzamiento_soles"":149,""lanzamiento_usd"":44}","PEN/USD","44","5.40","0.30","46.828753","49","PRECIO_BASE_USD_DEFINIDO","data/cursos_tw_educa.json; data/precios_internacionales_tw_educa.json"
"tw-educa-curso-06::perfil-1::regular","Curso práctico de LaTeX y Texmaker para Investigación Científica — Estudiante con carné — regular","tw-educa","Redacción técnica","curso","{""publico"":""Estudiante con carné"",""regular_soles"":199,""regular_usd"":59}","PEN/USD","59","5.40","0.30","62.684990","69","PRECIO_BASE_USD_DEFINIDO","data/cursos_tw_educa.json; data/precios_internacionales_tw_educa.json"
"tw-educa-curso-06::perfil-2::preventa","Curso práctico de LaTeX y Texmaker para Investigación Científica — Profesional / investigador — preventa","tw-educa","Redacción técnica","curso","{""publico"":""Profesional / investigador"",""preventa_soles"":249,""preventa_usd"":73}","PEN/USD","73","5.40","0.30","77.484144","79","PRECIO_BASE_USD_DEFINIDO","data/cursos_tw_educa.json; data/precios_internacionales_tw_educa.json"
"tw-educa-curso-06::perfil-2::lanzamiento","Curso práctico de LaTeX y Texmaker para Investigación Científica — Profesional / investigador — lanzamiento","tw-educa","Redacción técnica","curso","{""publico"":""Profesional / investigador"",""lanzamiento_soles"":349,""lanzamiento_usd"":103}","PEN/USD","103","5.40","0.30","109.196618","119","PRECIO_BASE_USD_DEFINIDO","data/cursos_tw_educa.json; data/precios_internacionales_tw_educa.json"
"tw-educa-curso-06::perfil-2::regular","Curso práctico de LaTeX y Texmaker para Investigación Científica — Profesional / investigador — regular","tw-educa","Redacción técnica","curso","{""publico"":""Profesional / investigador"",""regular_soles"":499,""regular_usd"":147}","PEN/USD","147","5.40","0.30","155.708246","159","PRECIO_BASE_USD_DEFINIDO","data/cursos_tw_educa.json; data/precios_internacionales_tw_educa.json"
"tw-educa-curso-06::perfil-3::preventa","Curso práctico de LaTeX y Texmaker para Investigación Científica — Premium con asesoría — preventa","tw-educa","Redacción técnica","curso","{""publico"":""Premium con asesoría"",""preventa_soles"":599,""preventa_usd"":176}","PEN/USD","176","5.40","0.30","186.363637","189","PRECIO_BASE_USD_DEFINIDO","data/cursos_tw_educa.json; data/precios_internacionales_tw_educa.json"
"tw-educa-curso-06::perfil-3::lanzamiento","Curso práctico de LaTeX y Texmaker para Investigación Científica — Premium con asesoría — lanzamiento","tw-educa","Redacción técnica","curso","{""publico"":""Premium con asesoría"",""lanzamiento_soles"":799,""lanzamiento_usd"":235}","PEN/USD","235","5.40","0.30","248.731502","249","PRECIO_BASE_USD_DEFINIDO","data/cursos_tw_educa.json; data/precios_internacionales_tw_educa.json"
"tw-educa-curso-06::perfil-3::regular","Curso práctico de LaTeX y Texmaker para Investigación Científica — Premium con asesoría — regular","tw-educa","Redacción técnica","curso","{""publico"":""Premium con asesoría"",""regular_soles"":999,""regular_usd"":293}","PEN/USD","293","5.40","0.30","310.042284","319","PRECIO_BASE_USD_DEFINIDO","data/cursos_tw_educa.json; data/precios_internacionales_tw_educa.json"
"tw-educa-curso-07::perfil-1::preventa","Curso práctico de Machine Learning aplicado a Mecánica de Fluidos — Estudiante con carné — preventa","tw-educa","Inteligencia Artificial","curso","{""publico"":""Estudiante con carné"",""preventa_soles"":179,""preventa_usd"":53}","PEN/USD","53","5.40","0.30","56.342495","59","PRECIO_BASE_USD_DEFINIDO","data/cursos_tw_educa.json; data/precios_internacionales_tw_educa.json"
"tw-educa-curso-07::perfil-1::lanzamiento","Curso práctico de Machine Learning aplicado a Mecánica de Fluidos — Estudiante con carné — lanzamiento","tw-educa","Inteligencia Artificial","curso","{""publico"":""Estudiante con carné"",""lanzamiento_soles"":249,""lanzamiento_usd"":73}","PEN/USD","73","5.40","0.30","77.484144","79","PRECIO_BASE_USD_DEFINIDO","data/cursos_tw_educa.json; data/precios_internacionales_tw_educa.json"
"tw-educa-curso-07::perfil-1::regular","Curso práctico de Machine Learning aplicado a Mecánica de Fluidos — Estudiante con carné — regular","tw-educa","Inteligencia Artificial","curso","{""publico"":""Estudiante con carné"",""regular_soles"":349,""regular_usd"":103}","PEN/USD","103","5.40","0.30","109.196618","119","PRECIO_BASE_USD_DEFINIDO","data/cursos_tw_educa.json; data/precios_internacionales_tw_educa.json"
"tw-educa-curso-07::perfil-2::preventa","Curso práctico de Machine Learning aplicado a Mecánica de Fluidos — Profesional — preventa","tw-educa","Inteligencia Artificial","curso","{""publico"":""Profesional"",""preventa_soles"":399,""preventa_usd"":117}","PEN/USD","117","5.40","0.30","123.995772","129","PRECIO_BASE_USD_DEFINIDO","data/cursos_tw_educa.json; data/precios_internacionales_tw_educa.json"
"tw-educa-curso-07::perfil-2::lanzamiento","Curso práctico de Machine Learning aplicado a Mecánica de Fluidos — Profesional — lanzamiento","tw-educa","Inteligencia Artificial","curso","{""publico"":""Profesional"",""lanzamiento_soles"":549,""lanzamiento_usd"":161}","PEN/USD","161","5.40","0.30","170.507400","179","PRECIO_BASE_USD_DEFINIDO","data/cursos_tw_educa.json; data/precios_internacionales_tw_educa.json"
"tw-educa-curso-07::perfil-2::regular","Curso práctico de Machine Learning aplicado a Mecánica de Fluidos — Profesional — regular","tw-educa","Inteligencia Artificial","curso","{""publico"":""Profesional"",""regular_soles"":699,""regular_usd"":205}","PEN/USD","205","5.40","0.30","217.019028","219","PRECIO_BASE_USD_DEFINIDO","data/cursos_tw_educa.json; data/precios_internacionales_tw_educa.json"
"tw-educa-curso-07::perfil-3::preventa","Curso práctico de Machine Learning aplicado a Mecánica de Fluidos — Premium con asesoría — preventa","tw-educa","Inteligencia Artificial","curso","{""publico"":""Premium con asesoría"",""preventa_soles"":799,""preventa_usd"":235}","PEN/USD","235","5.40","0.30","248.731502","249","PRECIO_BASE_USD_DEFINIDO","data/cursos_tw_educa.json; data/precios_internacionales_tw_educa.json"
"tw-educa-curso-07::perfil-3::lanzamiento","Curso práctico de Machine Learning aplicado a Mecánica de Fluidos — Premium con asesoría — lanzamiento","tw-educa","Inteligencia Artificial","curso","{""publico"":""Premium con asesoría"",""lanzamiento_soles"":999,""lanzamiento_usd"":293}","PEN/USD","293","5.40","0.30","310.042284","319","PRECIO_BASE_USD_DEFINIDO","data/cursos_tw_educa.json; data/precios_internacionales_tw_educa.json"
"tw-educa-curso-07::perfil-3::regular","Curso práctico de Machine Learning aplicado a Mecánica de Fluidos — Premium con asesoría — regular","tw-educa","Inteligencia Artificial","curso","{""publico"":""Premium con asesoría"",""regular_soles"":1299,""regular_usd"":381}","PEN/USD","381","5.40","0.30","403.065540","409","PRECIO_BASE_USD_DEFINIDO","data/cursos_tw_educa.json; data/precios_internacionales_tw_educa.json"
"tw-educa-curso-08::perfil-1::preventa","Curso práctico de CFD con OpenFOAM en Windows 10/11 usando WSL — Estudiante con carné — preventa","tw-educa","Simulación","curso","{""publico"":""Estudiante con carné"",""preventa_soles"":199,""preventa_usd"":59}","PEN/USD","59","5.40","0.30","62.684990","69","PRECIO_BASE_USD_DEFINIDO","data/cursos_tw_educa.json; data/precios_internacionales_tw_educa.json"
"tw-educa-curso-08::perfil-1::lanzamiento","Curso práctico de CFD con OpenFOAM en Windows 10/11 usando WSL — Estudiante con carné — lanzamiento","tw-educa","Simulación","curso","{""publico"":""Estudiante con carné"",""lanzamiento_soles"":249,""lanzamiento_usd"":73}","PEN/USD","73","5.40","0.30","77.484144","79","PRECIO_BASE_USD_DEFINIDO","data/cursos_tw_educa.json; data/precios_internacionales_tw_educa.json"
"tw-educa-curso-08::perfil-1::regular","Curso práctico de CFD con OpenFOAM en Windows 10/11 usando WSL — Estudiante con carné — regular","tw-educa","Simulación","curso","{""publico"":""Estudiante con carné"",""regular_soles"":349,""regular_usd"":103}","PEN/USD","103","5.40","0.30","109.196618","119","PRECIO_BASE_USD_DEFINIDO","data/cursos_tw_educa.json; data/precios_internacionales_tw_educa.json"
"tw-educa-curso-08::perfil-2::preventa","Curso práctico de CFD con OpenFOAM en Windows 10/11 usando WSL — Profesional — preventa","tw-educa","Simulación","curso","{""publico"":""Profesional"",""preventa_soles"":449,""preventa_usd"":132}","PEN/USD","132","5.40","0.30","139.852009","149","PRECIO_BASE_USD_DEFINIDO","data/cursos_tw_educa.json; data/precios_internacionales_tw_educa.json"
"tw-educa-curso-08::perfil-2::lanzamiento","Curso práctico de CFD con OpenFOAM en Windows 10/11 usando WSL — Profesional — lanzamiento","tw-educa","Simulación","curso","{""publico"":""Profesional"",""lanzamiento_soles"":599,""lanzamiento_usd"":176}","PEN/USD","176","5.40","0.30","186.363637","189","PRECIO_BASE_USD_DEFINIDO","data/cursos_tw_educa.json; data/precios_internacionales_tw_educa.json"
"tw-educa-curso-08::perfil-2::regular","Curso práctico de CFD con OpenFOAM en Windows 10/11 usando WSL — Profesional — regular","tw-educa","Simulación","curso","{""publico"":""Profesional"",""regular_soles"":799,""regular_usd"":235}","PEN/USD","235","5.40","0.30","248.731502","249","PRECIO_BASE_USD_DEFINIDO","data/cursos_tw_educa.json; data/precios_internacionales_tw_educa.json"
"tw-educa-curso-08::perfil-3::preventa","Curso práctico de CFD con OpenFOAM en Windows 10/11 usando WSL — Premium con asesoría — preventa","tw-educa","Simulación","curso","{""publico"":""Premium con asesoría"",""preventa_soles"":899,""preventa_usd"":264}","PEN/USD","264","5.40","0.30","279.386893","289","PRECIO_BASE_USD_DEFINIDO","data/cursos_tw_educa.json; data/precios_internacionales_tw_educa.json"
"tw-educa-curso-08::perfil-3::lanzamiento","Curso práctico de CFD con OpenFOAM en Windows 10/11 usando WSL — Premium con asesoría — lanzamiento","tw-educa","Simulación","curso","{""publico"":""Premium con asesoría"",""lanzamiento_soles"":1099,""lanzamiento_usd"":323}","PEN/USD","323","5.40","0.30","341.754757","349","PRECIO_BASE_USD_DEFINIDO","data/cursos_tw_educa.json; data/precios_internacionales_tw_educa.json"
"tw-educa-curso-08::perfil-3::regular","Curso práctico de CFD con OpenFOAM en Windows 10/11 usando WSL — Premium con asesoría — regular","tw-educa","Simulación","curso","{""publico"":""Premium con asesoría"",""regular_soles"":1499,""regular_usd"":440}","PEN/USD","440","5.40","0.30","465.433404","469","PRECIO_BASE_USD_DEFINIDO","data/cursos_tw_educa.json; data/precios_internacionales_tw_educa.json"
"tw-educa-curso-09::perfil-1::preventa","Curso práctico de Cloud Computing para OpenFOAM — Estudiante con carné — preventa","tw-educa","Simulación","curso","{""publico"":""Estudiante con carné"",""preventa_soles"":249,""preventa_usd"":73}","PEN/USD","73","5.40","0.30","77.484144","79","PRECIO_BASE_USD_DEFINIDO","data/cursos_tw_educa.json; data/precios_internacionales_tw_educa.json"
"tw-educa-curso-09::perfil-1::lanzamiento","Curso práctico de Cloud Computing para OpenFOAM — Estudiante con carné — lanzamiento","tw-educa","Simulación","curso","{""publico"":""Estudiante con carné"",""lanzamiento_soles"":349,""lanzamiento_usd"":103}","PEN/USD","103","5.40","0.30","109.196618","119","PRECIO_BASE_USD_DEFINIDO","data/cursos_tw_educa.json; data/precios_internacionales_tw_educa.json"
"tw-educa-curso-09::perfil-1::regular","Curso práctico de Cloud Computing para OpenFOAM — Estudiante con carné — regular","tw-educa","Simulación","curso","{""publico"":""Estudiante con carné"",""regular_soles"":449,""regular_usd"":132}","PEN/USD","132","5.40","0.30","139.852009","149","PRECIO_BASE_USD_DEFINIDO","data/cursos_tw_educa.json; data/precios_internacionales_tw_educa.json"
"tw-educa-curso-09::perfil-2::preventa","Curso práctico de Cloud Computing para OpenFOAM — Profesional — preventa","tw-educa","Simulación","curso","{""publico"":""Profesional"",""preventa_soles"":599,""preventa_usd"":176}","PEN/USD","176","5.40","0.30","186.363637","189","PRECIO_BASE_USD_DEFINIDO","data/cursos_tw_educa.json; data/precios_internacionales_tw_educa.json"
"tw-educa-curso-09::perfil-2::lanzamiento","Curso práctico de Cloud Computing para OpenFOAM — Profesional — lanzamiento","tw-educa","Simulación","curso","{""publico"":""Profesional"",""lanzamiento_soles"":799,""lanzamiento_usd"":235}","PEN/USD","235","5.40","0.30","248.731502","249","PRECIO_BASE_USD_DEFINIDO","data/cursos_tw_educa.json; data/precios_internacionales_tw_educa.json"
"tw-educa-curso-09::perfil-2::regular","Curso práctico de Cloud Computing para OpenFOAM — Profesional — regular","tw-educa","Simulación","curso","{""publico"":""Profesional"",""regular_soles"":999,""regular_usd"":293}","PEN/USD","293","5.40","0.30","310.042284","319","PRECIO_BASE_USD_DEFINIDO","data/cursos_tw_educa.json; data/precios_internacionales_tw_educa.json"
"tw-educa-curso-09::perfil-3::preventa","Curso práctico de Cloud Computing para OpenFOAM — Premium con asesoría — preventa","tw-educa","Simulación","curso","{""publico"":""Premium con asesoría"",""preventa_soles"":1199,""preventa_usd"":352}","PEN/USD","352","5.40","0.30","372.410148","379","PRECIO_BASE_USD_DEFINIDO","data/cursos_tw_educa.json; data/precios_internacionales_tw_educa.json"
"tw-educa-curso-09::perfil-3::lanzamiento","Curso práctico de Cloud Computing para OpenFOAM — Premium con asesoría — lanzamiento","tw-educa","Simulación","curso","{""publico"":""Premium con asesoría"",""lanzamiento_soles"":1499,""lanzamiento_usd"":440}","PEN/USD","440","5.40","0.30","465.433404","469","PRECIO_BASE_USD_DEFINIDO","data/cursos_tw_educa.json; data/precios_internacionales_tw_educa.json"
"tw-educa-curso-09::perfil-3::regular","Curso práctico de Cloud Computing para OpenFOAM — Premium con asesoría — regular","tw-educa","Simulación","curso","{""publico"":""Premium con asesoría"",""regular_soles"":1999,""regular_usd"":587}","PEN/USD","587","5.40","0.30","620.824525","629","PRECIO_BASE_USD_DEFINIDO","data/cursos_tw_educa.json; data/precios_internacionales_tw_educa.json"
"tw-educa-curso-10::perfil-1::preventa","Curso práctico de Datos Climáticos y Oceanográficos con Python — Estudiante con carné — preventa","tw-educa","Curso técnico","curso","{""publico"":""Estudiante con carné"",""preventa_soles"":179,""preventa_usd"":53}","PEN/USD","53","5.40","0.30","56.342495","59","PRECIO_BASE_USD_DEFINIDO","data/cursos_tw_educa.json; data/precios_internacionales_tw_educa.json"
"tw-educa-curso-10::perfil-1::lanzamiento","Curso práctico de Datos Climáticos y Oceanográficos con Python — Estudiante con carné — lanzamiento","tw-educa","Curso técnico","curso","{""publico"":""Estudiante con carné"",""lanzamiento_soles"":249,""lanzamiento_usd"":73}","PEN/USD","73","5.40","0.30","77.484144","79","PRECIO_BASE_USD_DEFINIDO","data/cursos_tw_educa.json; data/precios_internacionales_tw_educa.json"
"tw-educa-curso-10::perfil-1::regular","Curso práctico de Datos Climáticos y Oceanográficos con Python — Estudiante con carné — regular","tw-educa","Curso técnico","curso","{""publico"":""Estudiante con carné"",""regular_soles"":349,""regular_usd"":103}","PEN/USD","103","5.40","0.30","109.196618","119","PRECIO_BASE_USD_DEFINIDO","data/cursos_tw_educa.json; data/precios_internacionales_tw_educa.json"
"tw-educa-curso-10::perfil-2::preventa","Curso práctico de Datos Climáticos y Oceanográficos con Python — Profesional — preventa","tw-educa","Curso técnico","curso","{""publico"":""Profesional"",""preventa_soles"":399,""preventa_usd"":117}","PEN/USD","117","5.40","0.30","123.995772","129","PRECIO_BASE_USD_DEFINIDO","data/cursos_tw_educa.json; data/precios_internacionales_tw_educa.json"
"tw-educa-curso-10::perfil-2::lanzamiento","Curso práctico de Datos Climáticos y Oceanográficos con Python — Profesional — lanzamiento","tw-educa","Curso técnico","curso","{""publico"":""Profesional"",""lanzamiento_soles"":549,""lanzamiento_usd"":161}","PEN/USD","161","5.40","0.30","170.507400","179","PRECIO_BASE_USD_DEFINIDO","data/cursos_tw_educa.json; data/precios_internacionales_tw_educa.json"
"tw-educa-curso-10::perfil-2::regular","Curso práctico de Datos Climáticos y Oceanográficos con Python — Profesional — regular","tw-educa","Curso técnico","curso","{""publico"":""Profesional"",""regular_soles"":699,""regular_usd"":205}","PEN/USD","205","5.40","0.30","217.019028","219","PRECIO_BASE_USD_DEFINIDO","data/cursos_tw_educa.json; data/precios_internacionales_tw_educa.json"
"tw-educa-curso-10::perfil-3::preventa","Curso práctico de Datos Climáticos y Oceanográficos con Python — Premium con asesoría — preventa","tw-educa","Curso técnico","curso","{""publico"":""Premium con asesoría"",""preventa_soles"":799,""preventa_usd"":235}","PEN/USD","235","5.40","0.30","248.731502","249","PRECIO_BASE_USD_DEFINIDO","data/cursos_tw_educa.json; data/precios_internacionales_tw_educa.json"
"tw-educa-curso-10::perfil-3::lanzamiento","Curso práctico de Datos Climáticos y Oceanográficos con Python — Premium con asesoría — lanzamiento","tw-educa","Curso técnico","curso","{""publico"":""Premium con asesoría"",""lanzamiento_soles"":999,""lanzamiento_usd"":293}","PEN/USD","293","5.40","0.30","310.042284","319","PRECIO_BASE_USD_DEFINIDO","data/cursos_tw_educa.json; data/precios_internacionales_tw_educa.json"
"tw-educa-curso-10::perfil-3::regular","Curso práctico de Datos Climáticos y Oceanográficos con Python — Premium con asesoría — regular","tw-educa","Curso técnico","curso","{""publico"":""Premium con asesoría"",""regular_soles"":1299,""regular_usd"":381}","PEN/USD","381","5.40","0.30","403.065540","409","PRECIO_BASE_USD_DEFINIDO","data/cursos_tw_educa.json; data/precios_internacionales_tw_educa.json"
"tw-educa-curso-11::perfil-1::preventa","Curso práctico de C++ aplicado a Mecánica de Fluidos — Estudiante con carné — preventa","tw-educa","Programación","curso","{""publico"":""Estudiante con carné"",""preventa_soles"":149,""preventa_usd"":44}","PEN/USD","44","5.40","0.30","46.828753","49","PRECIO_BASE_USD_DEFINIDO","data/cursos_tw_educa.json; data/precios_internacionales_tw_educa.json"
"tw-educa-curso-11::perfil-1::lanzamiento","Curso práctico de C++ aplicado a Mecánica de Fluidos — Estudiante con carné — lanzamiento","tw-educa","Programación","curso","{""publico"":""Estudiante con carné"",""lanzamiento_soles"":199,""lanzamiento_usd"":59}","PEN/USD","59","5.40","0.30","62.684990","69","PRECIO_BASE_USD_DEFINIDO","data/cursos_tw_educa.json; data/precios_internacionales_tw_educa.json"
"tw-educa-curso-11::perfil-1::regular","Curso práctico de C++ aplicado a Mecánica de Fluidos — Estudiante con carné — regular","tw-educa","Programación","curso","{""publico"":""Estudiante con carné"",""regular_soles"":299,""regular_usd"":88}","PEN/USD","88","5.40","0.30","93.340381","99","PRECIO_BASE_USD_DEFINIDO","data/cursos_tw_educa.json; data/precios_internacionales_tw_educa.json"
"tw-educa-curso-11::perfil-2::preventa","Curso práctico de C++ aplicado a Mecánica de Fluidos — Profesional — preventa","tw-educa","Programación","curso","{""publico"":""Profesional"",""preventa_soles"":349,""preventa_usd"":103}","PEN/USD","103","5.40","0.30","109.196618","119","PRECIO_BASE_USD_DEFINIDO","data/cursos_tw_educa.json; data/precios_internacionales_tw_educa.json"
"tw-educa-curso-11::perfil-2::lanzamiento","Curso práctico de C++ aplicado a Mecánica de Fluidos — Profesional — lanzamiento","tw-educa","Programación","curso","{""publico"":""Profesional"",""lanzamiento_soles"":499,""lanzamiento_usd"":147}","PEN/USD","147","5.40","0.30","155.708246","159","PRECIO_BASE_USD_DEFINIDO","data/cursos_tw_educa.json; data/precios_internacionales_tw_educa.json"
"tw-educa-curso-11::perfil-2::regular","Curso práctico de C++ aplicado a Mecánica de Fluidos — Profesional — regular","tw-educa","Programación","curso","{""publico"":""Profesional"",""regular_soles"":699,""regular_usd"":205}","PEN/USD","205","5.40","0.30","217.019028","219","PRECIO_BASE_USD_DEFINIDO","data/cursos_tw_educa.json; data/precios_internacionales_tw_educa.json"
"tw-educa-curso-11::perfil-3::preventa","Curso práctico de C++ aplicado a Mecánica de Fluidos — Premium con asesoría — preventa","tw-educa","Programación","curso","{""publico"":""Premium con asesoría"",""preventa_soles"":799,""preventa_usd"":235}","PEN/USD","235","5.40","0.30","248.731502","249","PRECIO_BASE_USD_DEFINIDO","data/cursos_tw_educa.json; data/precios_internacionales_tw_educa.json"
"tw-educa-curso-11::perfil-3::lanzamiento","Curso práctico de C++ aplicado a Mecánica de Fluidos — Premium con asesoría — lanzamiento","tw-educa","Programación","curso","{""publico"":""Premium con asesoría"",""lanzamiento_soles"":999,""lanzamiento_usd"":293}","PEN/USD","293","5.40","0.30","310.042284","319","PRECIO_BASE_USD_DEFINIDO","data/cursos_tw_educa.json; data/precios_internacionales_tw_educa.json"
"tw-educa-curso-11::perfil-3::regular","Curso práctico de C++ aplicado a Mecánica de Fluidos — Premium con asesoría — regular","tw-educa","Programación","curso","{""publico"":""Premium con asesoría"",""regular_soles"":1299,""regular_usd"":381}","PEN/USD","381","5.40","0.30","403.065540","409","PRECIO_BASE_USD_DEFINIDO","data/cursos_tw_educa.json; data/precios_internacionales_tw_educa.json"
"tw-educa-curso-12::perfil-1::preventa","Curso práctico de Apps Móviles para Mecánica de Fluidos con Flutter y Dart — Estudiante con carné — preventa","tw-educa","Desarrollo móvil","curso","{""publico"":""Estudiante con carné"",""preventa_soles"":149,""preventa_usd"":44}","PEN/USD","44","5.40","0.30","46.828753","49","PRECIO_BASE_USD_DEFINIDO","data/cursos_tw_educa.json; data/precios_internacionales_tw_educa.json"
"tw-educa-curso-12::perfil-1::lanzamiento","Curso práctico de Apps Móviles para Mecánica de Fluidos con Flutter y Dart — Estudiante con carné — lanzamiento","tw-educa","Desarrollo móvil","curso","{""publico"":""Estudiante con carné"",""lanzamiento_soles"":199,""lanzamiento_usd"":59}","PEN/USD","59","5.40","0.30","62.684990","69","PRECIO_BASE_USD_DEFINIDO","data/cursos_tw_educa.json; data/precios_internacionales_tw_educa.json"
"tw-educa-curso-12::perfil-1::regular","Curso práctico de Apps Móviles para Mecánica de Fluidos con Flutter y Dart — Estudiante con carné — regular","tw-educa","Desarrollo móvil","curso","{""publico"":""Estudiante con carné"",""regular_soles"":299,""regular_usd"":88}","PEN/USD","88","5.40","0.30","93.340381","99","PRECIO_BASE_USD_DEFINIDO","data/cursos_tw_educa.json; data/precios_internacionales_tw_educa.json"
"tw-educa-curso-12::perfil-2::preventa","Curso práctico de Apps Móviles para Mecánica de Fluidos con Flutter y Dart — Profesional — preventa","tw-educa","Desarrollo móvil","curso","{""publico"":""Profesional"",""preventa_soles"":349,""preventa_usd"":103}","PEN/USD","103","5.40","0.30","109.196618","119","PRECIO_BASE_USD_DEFINIDO","data/cursos_tw_educa.json; data/precios_internacionales_tw_educa.json"
"tw-educa-curso-12::perfil-2::lanzamiento","Curso práctico de Apps Móviles para Mecánica de Fluidos con Flutter y Dart — Profesional — lanzamiento","tw-educa","Desarrollo móvil","curso","{""publico"":""Profesional"",""lanzamiento_soles"":499,""lanzamiento_usd"":147}","PEN/USD","147","5.40","0.30","155.708246","159","PRECIO_BASE_USD_DEFINIDO","data/cursos_tw_educa.json; data/precios_internacionales_tw_educa.json"
"tw-educa-curso-12::perfil-2::regular","Curso práctico de Apps Móviles para Mecánica de Fluidos con Flutter y Dart — Profesional — regular","tw-educa","Desarrollo móvil","curso","{""publico"":""Profesional"",""regular_soles"":699,""regular_usd"":205}","PEN/USD","205","5.40","0.30","217.019028","219","PRECIO_BASE_USD_DEFINIDO","data/cursos_tw_educa.json; data/precios_internacionales_tw_educa.json"
"tw-educa-curso-12::perfil-3::preventa","Curso práctico de Apps Móviles para Mecánica de Fluidos con Flutter y Dart — Premium con asesoría — preventa","tw-educa","Desarrollo móvil","curso","{""publico"":""Premium con asesoría"",""preventa_soles"":799,""preventa_usd"":235}","PEN/USD","235","5.40","0.30","248.731502","249","PRECIO_BASE_USD_DEFINIDO","data/cursos_tw_educa.json; data/precios_internacionales_tw_educa.json"
"tw-educa-curso-12::perfil-3::lanzamiento","Curso práctico de Apps Móviles para Mecánica de Fluidos con Flutter y Dart — Premium con asesoría — lanzamiento","tw-educa","Desarrollo móvil","curso","{""publico"":""Premium con asesoría"",""lanzamiento_soles"":999,""lanzamiento_usd"":293}","PEN/USD","293","5.40","0.30","310.042284","319","PRECIO_BASE_USD_DEFINIDO","data/cursos_tw_educa.json; data/precios_internacionales_tw_educa.json"
"tw-educa-curso-12::perfil-3::regular","Curso práctico de Apps Móviles para Mecánica de Fluidos con Flutter y Dart — Premium con asesoría — regular","tw-educa","Desarrollo móvil","curso","{""publico"":""Premium con asesoría"",""regular_soles"":1299,""regular_usd"":381}","PEN/USD","381","5.40","0.30","403.065540","409","PRECIO_BASE_USD_DEFINIDO","data/cursos_tw_educa.json; data/precios_internacionales_tw_educa.json"
"tw-educa-curso-13::perfil-1::preventa","Curso práctico de Visión Artificial aplicada a Ríos y Canales — Estudiante con carné — preventa","tw-educa","Tecnología","curso","{""publico"":""Estudiante con carné"",""preventa_soles"":179,""preventa_usd"":53}","PEN/USD","53","5.40","0.30","56.342495","59","PRECIO_BASE_USD_DEFINIDO","data/cursos_tw_educa.json; data/precios_internacionales_tw_educa.json"
"tw-educa-curso-13::perfil-1::lanzamiento","Curso práctico de Visión Artificial aplicada a Ríos y Canales — Estudiante con carné — lanzamiento","tw-educa","Tecnología","curso","{""publico"":""Estudiante con carné"",""lanzamiento_soles"":249,""lanzamiento_usd"":73}","PEN/USD","73","5.40","0.30","77.484144","79","PRECIO_BASE_USD_DEFINIDO","data/cursos_tw_educa.json; data/precios_internacionales_tw_educa.json"
"tw-educa-curso-13::perfil-1::regular","Curso práctico de Visión Artificial aplicada a Ríos y Canales — Estudiante con carné — regular","tw-educa","Tecnología","curso","{""publico"":""Estudiante con carné"",""regular_soles"":349,""regular_usd"":103}","PEN/USD","103","5.40","0.30","109.196618","119","PRECIO_BASE_USD_DEFINIDO","data/cursos_tw_educa.json; data/precios_internacionales_tw_educa.json"
"tw-educa-curso-13::perfil-2::preventa","Curso práctico de Visión Artificial aplicada a Ríos y Canales — Profesional — preventa","tw-educa","Tecnología","curso","{""publico"":""Profesional"",""preventa_soles"":399,""preventa_usd"":117}","PEN/USD","117","5.40","0.30","123.995772","129","PRECIO_BASE_USD_DEFINIDO","data/cursos_tw_educa.json; data/precios_internacionales_tw_educa.json"
"tw-educa-curso-13::perfil-2::lanzamiento","Curso práctico de Visión Artificial aplicada a Ríos y Canales — Profesional — lanzamiento","tw-educa","Tecnología","curso","{""publico"":""Profesional"",""lanzamiento_soles"":549,""lanzamiento_usd"":161}","PEN/USD","161","5.40","0.30","170.507400","179","PRECIO_BASE_USD_DEFINIDO","data/cursos_tw_educa.json; data/precios_internacionales_tw_educa.json"
"tw-educa-curso-13::perfil-2::regular","Curso práctico de Visión Artificial aplicada a Ríos y Canales — Profesional — regular","tw-educa","Tecnología","curso","{""publico"":""Profesional"",""regular_soles"":699,""regular_usd"":205}","PEN/USD","205","5.40","0.30","217.019028","219","PRECIO_BASE_USD_DEFINIDO","data/cursos_tw_educa.json; data/precios_internacionales_tw_educa.json"
"tw-educa-curso-13::perfil-3::preventa","Curso práctico de Visión Artificial aplicada a Ríos y Canales — Premium con asesoría — preventa","tw-educa","Tecnología","curso","{""publico"":""Premium con asesoría"",""preventa_soles"":799,""preventa_usd"":235}","PEN/USD","235","5.40","0.30","248.731502","249","PRECIO_BASE_USD_DEFINIDO","data/cursos_tw_educa.json; data/precios_internacionales_tw_educa.json"
"tw-educa-curso-13::perfil-3::lanzamiento","Curso práctico de Visión Artificial aplicada a Ríos y Canales — Premium con asesoría — lanzamiento","tw-educa","Tecnología","curso","{""publico"":""Premium con asesoría"",""lanzamiento_soles"":999,""lanzamiento_usd"":293}","PEN/USD","293","5.40","0.30","310.042284","319","PRECIO_BASE_USD_DEFINIDO","data/cursos_tw_educa.json; data/precios_internacionales_tw_educa.json"
"tw-educa-curso-13::perfil-3::regular","Curso práctico de Visión Artificial aplicada a Ríos y Canales — Premium con asesoría — regular","tw-educa","Tecnología","curso","{""publico"":""Premium con asesoría"",""regular_soles"":1299,""regular_usd"":381}","PEN/USD","381","5.40","0.30","403.065540","409","PRECIO_BASE_USD_DEFINIDO","data/cursos_tw_educa.json; data/precios_internacionales_tw_educa.json"
"tw-educa-curso-14::perfil-1::preventa","Curso práctico de Programación GPU NVIDIA aplicada a CFD — Estudiante con carné — preventa","tw-educa","Simulación","curso","{""publico"":""Estudiante con carné"",""preventa_soles"":199,""preventa_usd"":59}","PEN/USD","59","5.40","0.30","62.684990","69","PRECIO_BASE_USD_DEFINIDO","data/cursos_tw_educa.json; data/precios_internacionales_tw_educa.json"
"tw-educa-curso-14::perfil-1::lanzamiento","Curso práctico de Programación GPU NVIDIA aplicada a CFD — Estudiante con carné — lanzamiento","tw-educa","Simulación","curso","{""publico"":""Estudiante con carné"",""lanzamiento_soles"":299,""lanzamiento_usd"":88}","PEN/USD","88","5.40","0.30","93.340381","99","PRECIO_BASE_USD_DEFINIDO","data/cursos_tw_educa.json; data/precios_internacionales_tw_educa.json"
"tw-educa-curso-14::perfil-1::regular","Curso práctico de Programación GPU NVIDIA aplicada a CFD — Estudiante con carné — regular","tw-educa","Simulación","curso","{""publico"":""Estudiante con carné"",""regular_soles"":399,""regular_usd"":117}","PEN/USD","117","5.40","0.30","123.995772","129","PRECIO_BASE_USD_DEFINIDO","data/cursos_tw_educa.json; data/precios_internacionales_tw_educa.json"
"tw-educa-curso-14::perfil-2::preventa","Curso práctico de Programación GPU NVIDIA aplicada a CFD — Profesional — preventa","tw-educa","Simulación","curso","{""publico"":""Profesional"",""preventa_soles"":499,""preventa_usd"":147}","PEN/USD","147","5.40","0.30","155.708246","159","PRECIO_BASE_USD_DEFINIDO","data/cursos_tw_educa.json; data/precios_internacionales_tw_educa.json"
"tw-educa-curso-14::perfil-2::lanzamiento","Curso práctico de Programación GPU NVIDIA aplicada a CFD — Profesional — lanzamiento","tw-educa","Simulación","curso","{""publico"":""Profesional"",""lanzamiento_soles"":699,""lanzamiento_usd"":205}","PEN/USD","205","5.40","0.30","217.019028","219","PRECIO_BASE_USD_DEFINIDO","data/cursos_tw_educa.json; data/precios_internacionales_tw_educa.json"
"tw-educa-curso-14::perfil-2::regular","Curso práctico de Programación GPU NVIDIA aplicada a CFD — Profesional — regular","tw-educa","Simulación","curso","{""publico"":""Profesional"",""regular_soles"":899,""regular_usd"":264}","PEN/USD","264","5.40","0.30","279.386893","289","PRECIO_BASE_USD_DEFINIDO","data/cursos_tw_educa.json; data/precios_internacionales_tw_educa.json"
"tw-educa-curso-14::perfil-3::preventa","Curso práctico de Programación GPU NVIDIA aplicada a CFD — Premium con asesoría — preventa","tw-educa","Simulación","curso","{""publico"":""Premium con asesoría"",""preventa_soles"":999,""preventa_usd"":293}","PEN/USD","293","5.40","0.30","310.042284","319","PRECIO_BASE_USD_DEFINIDO","data/cursos_tw_educa.json; data/precios_internacionales_tw_educa.json"
"tw-educa-curso-14::perfil-3::lanzamiento","Curso práctico de Programación GPU NVIDIA aplicada a CFD — Premium con asesoría — lanzamiento","tw-educa","Simulación","curso","{""publico"":""Premium con asesoría"",""lanzamiento_soles"":1299,""lanzamiento_usd"":381}","PEN/USD","381","5.40","0.30","403.065540","409","PRECIO_BASE_USD_DEFINIDO","data/cursos_tw_educa.json; data/precios_internacionales_tw_educa.json"
"tw-educa-curso-14::perfil-3::regular","Curso práctico de Programación GPU NVIDIA aplicada a CFD — Premium con asesoría — regular","tw-educa","Simulación","curso","{""publico"":""Premium con asesoría"",""regular_soles"":1699,""regular_usd"":499}","PEN/USD","499","5.40","0.30","527.801269","529","PRECIO_BASE_USD_DEFINIDO","data/cursos_tw_educa.json; data/precios_internacionales_tw_educa.json"
"tw-educa-curso-15::perfil-1::preventa","Curso práctico de Costos y Presupuestos con S10 — Estudiante con carné — preventa","tw-educa","Construcción","curso","{""publico"":""Estudiante con carné"",""preventa_soles"":149,""preventa_usd"":44}","PEN/USD","44","5.40","0.30","46.828753","49","PRECIO_BASE_USD_DEFINIDO","data/cursos_tw_educa.json; data/precios_internacionales_tw_educa.json"
"tw-educa-curso-15::perfil-1::lanzamiento","Curso práctico de Costos y Presupuestos con S10 — Estudiante con carné — lanzamiento","tw-educa","Construcción","curso","{""publico"":""Estudiante con carné"",""lanzamiento_soles"":199,""lanzamiento_usd"":59}","PEN/USD","59","5.40","0.30","62.684990","69","PRECIO_BASE_USD_DEFINIDO","data/cursos_tw_educa.json; data/precios_internacionales_tw_educa.json"
"tw-educa-curso-15::perfil-1::regular","Curso práctico de Costos y Presupuestos con S10 — Estudiante con carné — regular","tw-educa","Construcción","curso","{""publico"":""Estudiante con carné"",""regular_soles"":249,""regular_usd"":73}","PEN/USD","73","5.40","0.30","77.484144","79","PRECIO_BASE_USD_DEFINIDO","data/cursos_tw_educa.json; data/precios_internacionales_tw_educa.json"
"tw-educa-curso-15::perfil-2::preventa","Curso práctico de Costos y Presupuestos con S10 — Profesional — preventa","tw-educa","Construcción","curso","{""publico"":""Profesional"",""preventa_soles"":299,""preventa_usd"":88}","PEN/USD","88","5.40","0.30","93.340381","99","PRECIO_BASE_USD_DEFINIDO","data/cursos_tw_educa.json; data/precios_internacionales_tw_educa.json"
"tw-educa-curso-15::perfil-2::lanzamiento","Curso práctico de Costos y Presupuestos con S10 — Profesional — lanzamiento","tw-educa","Construcción","curso","{""publico"":""Profesional"",""lanzamiento_soles"":399,""lanzamiento_usd"":117}","PEN/USD","117","5.40","0.30","123.995772","129","PRECIO_BASE_USD_DEFINIDO","data/cursos_tw_educa.json; data/precios_internacionales_tw_educa.json"
"tw-educa-curso-15::perfil-2::regular","Curso práctico de Costos y Presupuestos con S10 — Profesional — regular","tw-educa","Construcción","curso","{""publico"":""Profesional"",""regular_soles"":499,""regular_usd"":147}","PEN/USD","147","5.40","0.30","155.708246","159","PRECIO_BASE_USD_DEFINIDO","data/cursos_tw_educa.json; data/precios_internacionales_tw_educa.json"
"tw-educa-curso-16::perfil-1::preventa","Curso práctico de SAP2000 para Análisis Estructural — Estudiante con carné — preventa","tw-educa","Ingeniería estructural","curso","{""publico"":""Estudiante con carné"",""preventa_soles"":179,""preventa_usd"":53}","PEN/USD","53","5.40","0.30","56.342495","59","PRECIO_BASE_USD_DEFINIDO","data/cursos_tw_educa.json; data/precios_internacionales_tw_educa.json"
"tw-educa-curso-16::perfil-1::lanzamiento","Curso práctico de SAP2000 para Análisis Estructural — Estudiante con carné — lanzamiento","tw-educa","Ingeniería estructural","curso","{""publico"":""Estudiante con carné"",""lanzamiento_soles"":249,""lanzamiento_usd"":73}","PEN/USD","73","5.40","0.30","77.484144","79","PRECIO_BASE_USD_DEFINIDO","data/cursos_tw_educa.json; data/precios_internacionales_tw_educa.json"
"tw-educa-curso-16::perfil-1::regular","Curso práctico de SAP2000 para Análisis Estructural — Estudiante con carné — regular","tw-educa","Ingeniería estructural","curso","{""publico"":""Estudiante con carné"",""regular_soles"":349,""regular_usd"":103}","PEN/USD","103","5.40","0.30","109.196618","119","PRECIO_BASE_USD_DEFINIDO","data/cursos_tw_educa.json; data/precios_internacionales_tw_educa.json"
"tw-educa-curso-16::perfil-2::preventa","Curso práctico de SAP2000 para Análisis Estructural — Profesional — preventa","tw-educa","Ingeniería estructural","curso","{""publico"":""Profesional"",""preventa_soles"":399,""preventa_usd"":117}","PEN/USD","117","5.40","0.30","123.995772","129","PRECIO_BASE_USD_DEFINIDO","data/cursos_tw_educa.json; data/precios_internacionales_tw_educa.json"
"tw-educa-curso-16::perfil-2::lanzamiento","Curso práctico de SAP2000 para Análisis Estructural — Profesional — lanzamiento","tw-educa","Ingeniería estructural","curso","{""publico"":""Profesional"",""lanzamiento_soles"":549,""lanzamiento_usd"":161}","PEN/USD","161","5.40","0.30","170.507400","179","PRECIO_BASE_USD_DEFINIDO","data/cursos_tw_educa.json; data/precios_internacionales_tw_educa.json"
"tw-educa-curso-16::perfil-2::regular","Curso práctico de SAP2000 para Análisis Estructural — Profesional — regular","tw-educa","Ingeniería estructural","curso","{""publico"":""Profesional"",""regular_soles"":699,""regular_usd"":205}","PEN/USD","205","5.40","0.30","217.019028","219","PRECIO_BASE_USD_DEFINIDO","data/cursos_tw_educa.json; data/precios_internacionales_tw_educa.json"
"tw-educa-curso-17::perfil-1::preventa","Curso práctico de ETABS para Modelado Estructural — Estudiante con carné — preventa","tw-educa","Ingeniería estructural","curso","{""publico"":""Estudiante con carné"",""preventa_soles"":179,""preventa_usd"":53}","PEN/USD","53","5.40","0.30","56.342495","59","PRECIO_BASE_USD_DEFINIDO","data/cursos_tw_educa.json; data/precios_internacionales_tw_educa.json"
"tw-educa-curso-17::perfil-1::lanzamiento","Curso práctico de ETABS para Modelado Estructural — Estudiante con carné — lanzamiento","tw-educa","Ingeniería estructural","curso","{""publico"":""Estudiante con carné"",""lanzamiento_soles"":249,""lanzamiento_usd"":73}","PEN/USD","73","5.40","0.30","77.484144","79","PRECIO_BASE_USD_DEFINIDO","data/cursos_tw_educa.json; data/precios_internacionales_tw_educa.json"
"tw-educa-curso-17::perfil-1::regular","Curso práctico de ETABS para Modelado Estructural — Estudiante con carné — regular","tw-educa","Ingeniería estructural","curso","{""publico"":""Estudiante con carné"",""regular_soles"":349,""regular_usd"":103}","PEN/USD","103","5.40","0.30","109.196618","119","PRECIO_BASE_USD_DEFINIDO","data/cursos_tw_educa.json; data/precios_internacionales_tw_educa.json"
"tw-educa-curso-17::perfil-2::preventa","Curso práctico de ETABS para Modelado Estructural — Profesional — preventa","tw-educa","Ingeniería estructural","curso","{""publico"":""Profesional"",""preventa_soles"":399,""preventa_usd"":117}","PEN/USD","117","5.40","0.30","123.995772","129","PRECIO_BASE_USD_DEFINIDO","data/cursos_tw_educa.json; data/precios_internacionales_tw_educa.json"
"tw-educa-curso-17::perfil-2::lanzamiento","Curso práctico de ETABS para Modelado Estructural — Profesional — lanzamiento","tw-educa","Ingeniería estructural","curso","{""publico"":""Profesional"",""lanzamiento_soles"":549,""lanzamiento_usd"":161}","PEN/USD","161","5.40","0.30","170.507400","179","PRECIO_BASE_USD_DEFINIDO","data/cursos_tw_educa.json; data/precios_internacionales_tw_educa.json"
"tw-educa-curso-17::perfil-2::regular","Curso práctico de ETABS para Modelado Estructural — Profesional — regular","tw-educa","Ingeniería estructural","curso","{""publico"":""Profesional"",""regular_soles"":699,""regular_usd"":205}","PEN/USD","205","5.40","0.30","217.019028","219","PRECIO_BASE_USD_DEFINIDO","data/cursos_tw_educa.json; data/precios_internacionales_tw_educa.json"
"tw-educa-curso-18::perfil-1::preventa","Curso práctico de Autodesk Inventor para Diseño Mecánico — Estudiante con carné — preventa","tw-educa","Diseño mecánico","curso","{""publico"":""Estudiante con carné"",""preventa_soles"":149,""preventa_usd"":44}","PEN/USD","44","5.40","0.30","46.828753","49","PRECIO_BASE_USD_DEFINIDO","data/cursos_tw_educa.json; data/precios_internacionales_tw_educa.json"
"tw-educa-curso-18::perfil-1::lanzamiento","Curso práctico de Autodesk Inventor para Diseño Mecánico — Estudiante con carné — lanzamiento","tw-educa","Diseño mecánico","curso","{""publico"":""Estudiante con carné"",""lanzamiento_soles"":199,""lanzamiento_usd"":59}","PEN/USD","59","5.40","0.30","62.684990","69","PRECIO_BASE_USD_DEFINIDO","data/cursos_tw_educa.json; data/precios_internacionales_tw_educa.json"
"tw-educa-curso-18::perfil-1::regular","Curso práctico de Autodesk Inventor para Diseño Mecánico — Estudiante con carné — regular","tw-educa","Diseño mecánico","curso","{""publico"":""Estudiante con carné"",""regular_soles"":299,""regular_usd"":88}","PEN/USD","88","5.40","0.30","93.340381","99","PRECIO_BASE_USD_DEFINIDO","data/cursos_tw_educa.json; data/precios_internacionales_tw_educa.json"
"tw-educa-curso-18::perfil-2::preventa","Curso práctico de Autodesk Inventor para Diseño Mecánico — Profesional — preventa","tw-educa","Diseño mecánico","curso","{""publico"":""Profesional"",""preventa_soles"":349,""preventa_usd"":103}","PEN/USD","103","5.40","0.30","109.196618","119","PRECIO_BASE_USD_DEFINIDO","data/cursos_tw_educa.json; data/precios_internacionales_tw_educa.json"
"tw-educa-curso-18::perfil-2::lanzamiento","Curso práctico de Autodesk Inventor para Diseño Mecánico — Profesional — lanzamiento","tw-educa","Diseño mecánico","curso","{""publico"":""Profesional"",""lanzamiento_soles"":449,""lanzamiento_usd"":132}","PEN/USD","132","5.40","0.30","139.852009","149","PRECIO_BASE_USD_DEFINIDO","data/cursos_tw_educa.json; data/precios_internacionales_tw_educa.json"
"tw-educa-curso-18::perfil-2::regular","Curso práctico de Autodesk Inventor para Diseño Mecánico — Profesional — regular","tw-educa","Diseño mecánico","curso","{""publico"":""Profesional"",""regular_soles"":599,""regular_usd"":176}","PEN/USD","176","5.40","0.30","186.363637","189","PRECIO_BASE_USD_DEFINIDO","data/cursos_tw_educa.json; data/precios_internacionales_tw_educa.json"
"tw-educa-curso-19::perfil-1::preventa","Curso práctico de Revit para Modelado BIM — Estudiante con carné — preventa","tw-educa","BIM","curso","{""publico"":""Estudiante con carné"",""preventa_soles"":149,""preventa_usd"":44}","PEN/USD","44","5.40","0.30","46.828753","49","PRECIO_BASE_USD_DEFINIDO","data/cursos_tw_educa.json; data/precios_internacionales_tw_educa.json"
"tw-educa-curso-19::perfil-1::lanzamiento","Curso práctico de Revit para Modelado BIM — Estudiante con carné — lanzamiento","tw-educa","BIM","curso","{""publico"":""Estudiante con carné"",""lanzamiento_soles"":249,""lanzamiento_usd"":73}","PEN/USD","73","5.40","0.30","77.484144","79","PRECIO_BASE_USD_DEFINIDO","data/cursos_tw_educa.json; data/precios_internacionales_tw_educa.json"
"tw-educa-curso-19::perfil-1::regular","Curso práctico de Revit para Modelado BIM — Estudiante con carné — regular","tw-educa","BIM","curso","{""publico"":""Estudiante con carné"",""regular_soles"":349,""regular_usd"":103}","PEN/USD","103","5.40","0.30","109.196618","119","PRECIO_BASE_USD_DEFINIDO","data/cursos_tw_educa.json; data/precios_internacionales_tw_educa.json"
"tw-educa-curso-19::perfil-2::preventa","Curso práctico de Revit para Modelado BIM — Profesional — preventa","tw-educa","BIM","curso","{""publico"":""Profesional"",""preventa_soles"":349,""preventa_usd"":103}","PEN/USD","103","5.40","0.30","109.196618","119","PRECIO_BASE_USD_DEFINIDO","data/cursos_tw_educa.json; data/precios_internacionales_tw_educa.json"
"tw-educa-curso-19::perfil-2::lanzamiento","Curso práctico de Revit para Modelado BIM — Profesional — lanzamiento","tw-educa","BIM","curso","{""publico"":""Profesional"",""lanzamiento_soles"":499,""lanzamiento_usd"":147}","PEN/USD","147","5.40","0.30","155.708246","159","PRECIO_BASE_USD_DEFINIDO","data/cursos_tw_educa.json; data/precios_internacionales_tw_educa.json"
"tw-educa-curso-19::perfil-2::regular","Curso práctico de Revit para Modelado BIM — Profesional — regular","tw-educa","BIM","curso","{""publico"":""Profesional"",""regular_soles"":699,""regular_usd"":205}","PEN/USD","205","5.40","0.30","217.019028","219","PRECIO_BASE_USD_DEFINIDO","data/cursos_tw_educa.json; data/precios_internacionales_tw_educa.json"
"tw-educa-curso-20::perfil-1::preventa","Curso práctico de Excel Nivel I — Estudiante con carné — preventa","tw-educa","Ofimática","curso","{""publico"":""Estudiante con carné"",""preventa_soles"":79,""preventa_usd"":24}","PEN/USD","24","5.40","0.30","25.687104","29","PRECIO_BASE_USD_DEFINIDO","data/cursos_tw_educa.json; data/precios_internacionales_tw_educa.json"
"tw-educa-curso-20::perfil-1::lanzamiento","Curso práctico de Excel Nivel I — Estudiante con carné — lanzamiento","tw-educa","Ofimática","curso","{""publico"":""Estudiante con carné"",""lanzamiento_soles"":99,""lanzamiento_usd"":30}","PEN/USD","30","5.40","0.30","32.029599","39","PRECIO_BASE_USD_DEFINIDO","data/cursos_tw_educa.json; data/precios_internacionales_tw_educa.json"
"tw-educa-curso-20::perfil-1::regular","Curso práctico de Excel Nivel I — Estudiante con carné — regular","tw-educa","Ofimática","curso","{""publico"":""Estudiante con carné"",""regular_soles"":149,""regular_usd"":44}","PEN/USD","44","5.40","0.30","46.828753","49","PRECIO_BASE_USD_DEFINIDO","data/cursos_tw_educa.json; data/precios_internacionales_tw_educa.json"
"tw-educa-curso-20::perfil-2::preventa","Curso práctico de Excel Nivel I — Profesional — preventa","tw-educa","Ofimática","curso","{""publico"":""Profesional"",""preventa_soles"":149,""preventa_usd"":44}","PEN/USD","44","5.40","0.30","46.828753","49","PRECIO_BASE_USD_DEFINIDO","data/cursos_tw_educa.json; data/precios_internacionales_tw_educa.json"
"tw-educa-curso-20::perfil-2::lanzamiento","Curso práctico de Excel Nivel I — Profesional — lanzamiento","tw-educa","Ofimática","curso","{""publico"":""Profesional"",""lanzamiento_soles"":199,""lanzamiento_usd"":59}","PEN/USD","59","5.40","0.30","62.684990","69","PRECIO_BASE_USD_DEFINIDO","data/cursos_tw_educa.json; data/precios_internacionales_tw_educa.json"
"tw-educa-curso-20::perfil-2::regular","Curso práctico de Excel Nivel I — Profesional — regular","tw-educa","Ofimática","curso","{""publico"":""Profesional"",""regular_soles"":249,""regular_usd"":73}","PEN/USD","73","5.40","0.30","77.484144","79","PRECIO_BASE_USD_DEFINIDO","data/cursos_tw_educa.json; data/precios_internacionales_tw_educa.json"
"tw-educa-curso-21::perfil-1::preventa","Curso práctico de Excel Nivel II — Estudiante con carné — preventa","tw-educa","Ofimática","curso","{""publico"":""Estudiante con carné"",""preventa_soles"":99,""preventa_usd"":30}","PEN/USD","30","5.40","0.30","32.029599","39","PRECIO_BASE_USD_DEFINIDO","data/cursos_tw_educa.json; data/precios_internacionales_tw_educa.json"
"tw-educa-curso-21::perfil-1::lanzamiento","Curso práctico de Excel Nivel II — Estudiante con carné — lanzamiento","tw-educa","Ofimática","curso","{""publico"":""Estudiante con carné"",""lanzamiento_soles"":129,""lanzamiento_usd"":38}","PEN/USD","38","5.40","0.30","40.486258","49","PRECIO_BASE_USD_DEFINIDO","data/cursos_tw_educa.json; data/precios_internacionales_tw_educa.json"
"tw-educa-curso-21::perfil-1::regular","Curso práctico de Excel Nivel II — Estudiante con carné — regular","tw-educa","Ofimática","curso","{""publico"":""Estudiante con carné"",""regular_soles"":179,""regular_usd"":53}","PEN/USD","53","5.40","0.30","56.342495","59","PRECIO_BASE_USD_DEFINIDO","data/cursos_tw_educa.json; data/precios_internacionales_tw_educa.json"
"tw-educa-curso-21::perfil-2::preventa","Curso práctico de Excel Nivel II — Profesional — preventa","tw-educa","Ofimática","curso","{""publico"":""Profesional"",""preventa_soles"":179,""preventa_usd"":53}","PEN/USD","53","5.40","0.30","56.342495","59","PRECIO_BASE_USD_DEFINIDO","data/cursos_tw_educa.json; data/precios_internacionales_tw_educa.json"
"tw-educa-curso-21::perfil-2::lanzamiento","Curso práctico de Excel Nivel II — Profesional — lanzamiento","tw-educa","Ofimática","curso","{""publico"":""Profesional"",""lanzamiento_soles"":229,""lanzamiento_usd"":68}","PEN/USD","68","5.40","0.30","72.198732","79","PRECIO_BASE_USD_DEFINIDO","data/cursos_tw_educa.json; data/precios_internacionales_tw_educa.json"
"tw-educa-curso-21::perfil-2::regular","Curso práctico de Excel Nivel II — Profesional — regular","tw-educa","Ofimática","curso","{""publico"":""Profesional"",""regular_soles"":299,""regular_usd"":88}","PEN/USD","88","5.40","0.30","93.340381","99","PRECIO_BASE_USD_DEFINIDO","data/cursos_tw_educa.json; data/precios_internacionales_tw_educa.json"
"tw-educa-curso-22::perfil-1::preventa","Curso práctico de Excel Nivel III — Estudiante con carné — preventa","tw-educa","Ofimática","curso","{""publico"":""Estudiante con carné"",""preventa_soles"":119,""preventa_usd"":35}","PEN/USD","35","5.40","0.30","37.315011","39","PRECIO_BASE_USD_DEFINIDO","data/cursos_tw_educa.json; data/precios_internacionales_tw_educa.json"
"tw-educa-curso-22::perfil-1::lanzamiento","Curso práctico de Excel Nivel III — Estudiante con carné — lanzamiento","tw-educa","Ofimática","curso","{""publico"":""Estudiante con carné"",""lanzamiento_soles"":149,""lanzamiento_usd"":44}","PEN/USD","44","5.40","0.30","46.828753","49","PRECIO_BASE_USD_DEFINIDO","data/cursos_tw_educa.json; data/precios_internacionales_tw_educa.json"
"tw-educa-curso-22::perfil-1::regular","Curso práctico de Excel Nivel III — Estudiante con carné — regular","tw-educa","Ofimática","curso","{""publico"":""Estudiante con carné"",""regular_soles"":199,""regular_usd"":59}","PEN/USD","59","5.40","0.30","62.684990","69","PRECIO_BASE_USD_DEFINIDO","data/cursos_tw_educa.json; data/precios_internacionales_tw_educa.json"
"tw-educa-curso-22::perfil-2::preventa","Curso práctico de Excel Nivel III — Profesional — preventa","tw-educa","Ofimática","curso","{""publico"":""Profesional"",""preventa_soles"":199,""preventa_usd"":59}","PEN/USD","59","5.40","0.30","62.684990","69","PRECIO_BASE_USD_DEFINIDO","data/cursos_tw_educa.json; data/precios_internacionales_tw_educa.json"
"tw-educa-curso-22::perfil-2::lanzamiento","Curso práctico de Excel Nivel III — Profesional — lanzamiento","tw-educa","Ofimática","curso","{""publico"":""Profesional"",""lanzamiento_soles"":249,""lanzamiento_usd"":73}","PEN/USD","73","5.40","0.30","77.484144","79","PRECIO_BASE_USD_DEFINIDO","data/cursos_tw_educa.json; data/precios_internacionales_tw_educa.json"
"tw-educa-curso-22::perfil-2::regular","Curso práctico de Excel Nivel III — Profesional — regular","tw-educa","Ofimática","curso","{""publico"":""Profesional"",""regular_soles"":349,""regular_usd"":103}","PEN/USD","103","5.40","0.30","109.196618","119","PRECIO_BASE_USD_DEFINIDO","data/cursos_tw_educa.json; data/precios_internacionales_tw_educa.json"
"tw-educa-curso-23::perfil-1::preventa","Curso práctico de AutoCAD Nivel I — Estudiante con carné — preventa","tw-educa","Diseño técnico","curso","{""publico"":""Estudiante con carné"",""preventa_soles"":99,""preventa_usd"":30}","PEN/USD","30","5.40","0.30","32.029599","39","PRECIO_BASE_USD_DEFINIDO","data/cursos_tw_educa.json; data/precios_internacionales_tw_educa.json"
"tw-educa-curso-23::perfil-1::lanzamiento","Curso práctico de AutoCAD Nivel I — Estudiante con carné — lanzamiento","tw-educa","Diseño técnico","curso","{""publico"":""Estudiante con carné"",""lanzamiento_soles"":149,""lanzamiento_usd"":44}","PEN/USD","44","5.40","0.30","46.828753","49","PRECIO_BASE_USD_DEFINIDO","data/cursos_tw_educa.json; data/precios_internacionales_tw_educa.json"
"tw-educa-curso-23::perfil-1::regular","Curso práctico de AutoCAD Nivel I — Estudiante con carné — regular","tw-educa","Diseño técnico","curso","{""publico"":""Estudiante con carné"",""regular_soles"":199,""regular_usd"":59}","PEN/USD","59","5.40","0.30","62.684990","69","PRECIO_BASE_USD_DEFINIDO","data/cursos_tw_educa.json; data/precios_internacionales_tw_educa.json"
"tw-educa-curso-23::perfil-2::preventa","Curso práctico de AutoCAD Nivel I — Profesional — preventa","tw-educa","Diseño técnico","curso","{""publico"":""Profesional"",""preventa_soles"":199,""preventa_usd"":59}","PEN/USD","59","5.40","0.30","62.684990","69","PRECIO_BASE_USD_DEFINIDO","data/cursos_tw_educa.json; data/precios_internacionales_tw_educa.json"
"tw-educa-curso-23::perfil-2::lanzamiento","Curso práctico de AutoCAD Nivel I — Profesional — lanzamiento","tw-educa","Diseño técnico","curso","{""publico"":""Profesional"",""lanzamiento_soles"":249,""lanzamiento_usd"":73}","PEN/USD","73","5.40","0.30","77.484144","79","PRECIO_BASE_USD_DEFINIDO","data/cursos_tw_educa.json; data/precios_internacionales_tw_educa.json"
"tw-educa-curso-23::perfil-2::regular","Curso práctico de AutoCAD Nivel I — Profesional — regular","tw-educa","Diseño técnico","curso","{""publico"":""Profesional"",""regular_soles"":349,""regular_usd"":103}","PEN/USD","103","5.40","0.30","109.196618","119","PRECIO_BASE_USD_DEFINIDO","data/cursos_tw_educa.json; data/precios_internacionales_tw_educa.json"
"tw-educa-curso-24::perfil-1::preventa","Curso práctico de AutoCAD Nivel II — Estudiante con carné — preventa","tw-educa","Diseño técnico","curso","{""publico"":""Estudiante con carné"",""preventa_soles"":119,""preventa_usd"":35}","PEN/USD","35","5.40","0.30","37.315011","39","PRECIO_BASE_USD_DEFINIDO","data/cursos_tw_educa.json; data/precios_internacionales_tw_educa.json"
"tw-educa-curso-24::perfil-1::lanzamiento","Curso práctico de AutoCAD Nivel II — Estudiante con carné — lanzamiento","tw-educa","Diseño técnico","curso","{""publico"":""Estudiante con carné"",""lanzamiento_soles"":169,""lanzamiento_usd"":50}","PEN/USD","50","5.40","0.30","53.171248","59","PRECIO_BASE_USD_DEFINIDO","data/cursos_tw_educa.json; data/precios_internacionales_tw_educa.json"
"tw-educa-curso-24::perfil-1::regular","Curso práctico de AutoCAD Nivel II — Estudiante con carné — regular","tw-educa","Diseño técnico","curso","{""publico"":""Estudiante con carné"",""regular_soles"":229,""regular_usd"":68}","PEN/USD","68","5.40","0.30","72.198732","79","PRECIO_BASE_USD_DEFINIDO","data/cursos_tw_educa.json; data/precios_internacionales_tw_educa.json"
"tw-educa-curso-24::perfil-2::preventa","Curso práctico de AutoCAD Nivel II — Profesional — preventa","tw-educa","Diseño técnico","curso","{""publico"":""Profesional"",""preventa_soles"":219,""preventa_usd"":65}","PEN/USD","65","5.40","0.30","69.027485","79","PRECIO_BASE_USD_DEFINIDO","data/cursos_tw_educa.json; data/precios_internacionales_tw_educa.json"
"tw-educa-curso-24::perfil-2::lanzamiento","Curso práctico de AutoCAD Nivel II — Profesional — lanzamiento","tw-educa","Diseño técnico","curso","{""publico"":""Profesional"",""lanzamiento_soles"":299,""lanzamiento_usd"":88}","PEN/USD","88","5.40","0.30","93.340381","99","PRECIO_BASE_USD_DEFINIDO","data/cursos_tw_educa.json; data/precios_internacionales_tw_educa.json"
"tw-educa-curso-24::perfil-2::regular","Curso práctico de AutoCAD Nivel II — Profesional — regular","tw-educa","Diseño técnico","curso","{""publico"":""Profesional"",""regular_soles"":399,""regular_usd"":117}","PEN/USD","117","5.40","0.30","123.995772","129","PRECIO_BASE_USD_DEFINIDO","data/cursos_tw_educa.json; data/precios_internacionales_tw_educa.json"
"tw-educa-curso-25::perfil-1::preventa","Curso práctico de AutoCAD Nivel III — Estudiante con carné — preventa","tw-educa","Diseño técnico","curso","{""publico"":""Estudiante con carné"",""preventa_soles"":129,""preventa_usd"":38}","PEN/USD","38","5.40","0.30","40.486258","49","PRECIO_BASE_USD_DEFINIDO","data/cursos_tw_educa.json; data/precios_internacionales_tw_educa.json"
"tw-educa-curso-25::perfil-1::lanzamiento","Curso práctico de AutoCAD Nivel III — Estudiante con carné — lanzamiento","tw-educa","Diseño técnico","curso","{""publico"":""Estudiante con carné"",""lanzamiento_soles"":179,""lanzamiento_usd"":53}","PEN/USD","53","5.40","0.30","56.342495","59","PRECIO_BASE_USD_DEFINIDO","data/cursos_tw_educa.json; data/precios_internacionales_tw_educa.json"
"tw-educa-curso-25::perfil-1::regular","Curso práctico de AutoCAD Nivel III — Estudiante con carné — regular","tw-educa","Diseño técnico","curso","{""publico"":""Estudiante con carné"",""regular_soles"":249,""regular_usd"":73}","PEN/USD","73","5.40","0.30","77.484144","79","PRECIO_BASE_USD_DEFINIDO","data/cursos_tw_educa.json; data/precios_internacionales_tw_educa.json"
"tw-educa-curso-25::perfil-2::preventa","Curso práctico de AutoCAD Nivel III — Profesional — preventa","tw-educa","Diseño técnico","curso","{""publico"":""Profesional"",""preventa_soles"":249,""preventa_usd"":73}","PEN/USD","73","5.40","0.30","77.484144","79","PRECIO_BASE_USD_DEFINIDO","data/cursos_tw_educa.json; data/precios_internacionales_tw_educa.json"
"tw-educa-curso-25::perfil-2::lanzamiento","Curso práctico de AutoCAD Nivel III — Profesional — lanzamiento","tw-educa","Diseño técnico","curso","{""publico"":""Profesional"",""lanzamiento_soles"":329,""lanzamiento_usd"":97}","PEN/USD","97","5.40","0.30","102.854123","109","PRECIO_BASE_USD_DEFINIDO","data/cursos_tw_educa.json; data/precios_internacionales_tw_educa.json"
"tw-educa-curso-25::perfil-2::regular","Curso práctico de AutoCAD Nivel III — Profesional — regular","tw-educa","Diseño técnico","curso","{""publico"":""Profesional"",""regular_soles"":449,""regular_usd"":132}","PEN/USD","132","5.40","0.30","139.852009","149","PRECIO_BASE_USD_DEFINIDO","data/cursos_tw_educa.json; data/precios_internacionales_tw_educa.json"
"tw-educa-curso-26::perfil-1::preventa","Curso práctico de SolidWorks para Diseño 3D — Estudiante con carné — preventa","tw-educa","Diseño 3D","curso","{""publico"":""Estudiante con carné"",""preventa_soles"":149,""preventa_usd"":44}","PEN/USD","44","5.40","0.30","46.828753","49","PRECIO_BASE_USD_DEFINIDO","data/cursos_tw_educa.json; data/precios_internacionales_tw_educa.json"
"tw-educa-curso-26::perfil-1::lanzamiento","Curso práctico de SolidWorks para Diseño 3D — Estudiante con carné — lanzamiento","tw-educa","Diseño 3D","curso","{""publico"":""Estudiante con carné"",""lanzamiento_soles"":199,""lanzamiento_usd"":59}","PEN/USD","59","5.40","0.30","62.684990","69","PRECIO_BASE_USD_DEFINIDO","data/cursos_tw_educa.json; data/precios_internacionales_tw_educa.json"
"tw-educa-curso-26::perfil-1::regular","Curso práctico de SolidWorks para Diseño 3D — Estudiante con carné — regular","tw-educa","Diseño 3D","curso","{""publico"":""Estudiante con carné"",""regular_soles"":299,""regular_usd"":88}","PEN/USD","88","5.40","0.30","93.340381","99","PRECIO_BASE_USD_DEFINIDO","data/cursos_tw_educa.json; data/precios_internacionales_tw_educa.json"
"tw-educa-curso-26::perfil-2::preventa","Curso práctico de SolidWorks para Diseño 3D — Profesional — preventa","tw-educa","Diseño 3D","curso","{""publico"":""Profesional"",""preventa_soles"":349,""preventa_usd"":103}","PEN/USD","103","5.40","0.30","109.196618","119","PRECIO_BASE_USD_DEFINIDO","data/cursos_tw_educa.json; data/precios_internacionales_tw_educa.json"
"tw-educa-curso-26::perfil-2::lanzamiento","Curso práctico de SolidWorks para Diseño 3D — Profesional — lanzamiento","tw-educa","Diseño 3D","curso","{""publico"":""Profesional"",""lanzamiento_soles"":449,""lanzamiento_usd"":132}","PEN/USD","132","5.40","0.30","139.852009","149","PRECIO_BASE_USD_DEFINIDO","data/cursos_tw_educa.json; data/precios_internacionales_tw_educa.json"
"tw-educa-curso-26::perfil-2::regular","Curso práctico de SolidWorks para Diseño 3D — Profesional — regular","tw-educa","Diseño 3D","curso","{""publico"":""Profesional"",""regular_soles"":599,""regular_usd"":176}","PEN/USD","176","5.40","0.30","186.363637","189","PRECIO_BASE_USD_DEFINIDO","data/cursos_tw_educa.json; data/precios_internacionales_tw_educa.json"
"tw-educa-curso-27::perfil-1::preventa","Curso práctico de FreeCAD para Diseño 3D — Estudiante con carné — preventa","tw-educa","Diseño 3D","curso","{""publico"":""Estudiante con carné"",""preventa_soles"":99,""preventa_usd"":30}","PEN/USD","30","5.40","0.30","32.029599","39","PRECIO_BASE_USD_DEFINIDO","data/cursos_tw_educa.json; data/precios_internacionales_tw_educa.json"
"tw-educa-curso-27::perfil-1::lanzamiento","Curso práctico de FreeCAD para Diseño 3D — Estudiante con carné — lanzamiento","tw-educa","Diseño 3D","curso","{""publico"":""Estudiante con carné"",""lanzamiento_soles"":149,""lanzamiento_usd"":44}","PEN/USD","44","5.40","0.30","46.828753","49","PRECIO_BASE_USD_DEFINIDO","data/cursos_tw_educa.json; data/precios_internacionales_tw_educa.json"
"tw-educa-curso-27::perfil-1::regular","Curso práctico de FreeCAD para Diseño 3D — Estudiante con carné — regular","tw-educa","Diseño 3D","curso","{""publico"":""Estudiante con carné"",""regular_soles"":199,""regular_usd"":59}","PEN/USD","59","5.40","0.30","62.684990","69","PRECIO_BASE_USD_DEFINIDO","data/cursos_tw_educa.json; data/precios_internacionales_tw_educa.json"
"tw-educa-curso-27::perfil-2::preventa","Curso práctico de FreeCAD para Diseño 3D — Profesional — preventa","tw-educa","Diseño 3D","curso","{""publico"":""Profesional"",""preventa_soles"":199,""preventa_usd"":59}","PEN/USD","59","5.40","0.30","62.684990","69","PRECIO_BASE_USD_DEFINIDO","data/cursos_tw_educa.json; data/precios_internacionales_tw_educa.json"
"tw-educa-curso-27::perfil-2::lanzamiento","Curso práctico de FreeCAD para Diseño 3D — Profesional — lanzamiento","tw-educa","Diseño 3D","curso","{""publico"":""Profesional"",""lanzamiento_soles"":249,""lanzamiento_usd"":73}","PEN/USD","73","5.40","0.30","77.484144","79","PRECIO_BASE_USD_DEFINIDO","data/cursos_tw_educa.json; data/precios_internacionales_tw_educa.json"
"tw-educa-curso-27::perfil-2::regular","Curso práctico de FreeCAD para Diseño 3D — Profesional — regular","tw-educa","Diseño 3D","curso","{""publico"":""Profesional"",""regular_soles"":349,""regular_usd"":103}","PEN/USD","103","5.40","0.30","109.196618","119","PRECIO_BASE_USD_DEFINIDO","data/cursos_tw_educa.json; data/precios_internacionales_tw_educa.json"
"tw-educa-curso-28::perfil-1::preventa","Curso práctico de MATLAB y Octave para Ingeniería — Estudiante con carné — preventa","tw-educa","Software científico","curso","{""publico"":""Estudiante con carné"",""preventa_soles"":149,""preventa_usd"":44}","PEN/USD","44","5.40","0.30","46.828753","49","PRECIO_BASE_USD_DEFINIDO","data/cursos_tw_educa.json; data/precios_internacionales_tw_educa.json"
"tw-educa-curso-28::perfil-1::lanzamiento","Curso práctico de MATLAB y Octave para Ingeniería — Estudiante con carné — lanzamiento","tw-educa","Software científico","curso","{""publico"":""Estudiante con carné"",""lanzamiento_soles"":199,""lanzamiento_usd"":59}","PEN/USD","59","5.40","0.30","62.684990","69","PRECIO_BASE_USD_DEFINIDO","data/cursos_tw_educa.json; data/precios_internacionales_tw_educa.json"
"tw-educa-curso-28::perfil-1::regular","Curso práctico de MATLAB y Octave para Ingeniería — Estudiante con carné — regular","tw-educa","Software científico","curso","{""publico"":""Estudiante con carné"",""regular_soles"":249,""regular_usd"":73}","PEN/USD","73","5.40","0.30","77.484144","79","PRECIO_BASE_USD_DEFINIDO","data/cursos_tw_educa.json; data/precios_internacionales_tw_educa.json"
"tw-educa-curso-28::perfil-2::preventa","Curso práctico de MATLAB y Octave para Ingeniería — Profesional — preventa","tw-educa","Software científico","curso","{""publico"":""Profesional"",""preventa_soles"":299,""preventa_usd"":88}","PEN/USD","88","5.40","0.30","93.340381","99","PRECIO_BASE_USD_DEFINIDO","data/cursos_tw_educa.json; data/precios_internacionales_tw_educa.json"
"tw-educa-curso-28::perfil-2::lanzamiento","Curso práctico de MATLAB y Octave para Ingeniería — Profesional — lanzamiento","tw-educa","Software científico","curso","{""publico"":""Profesional"",""lanzamiento_soles"":399,""lanzamiento_usd"":117}","PEN/USD","117","5.40","0.30","123.995772","129","PRECIO_BASE_USD_DEFINIDO","data/cursos_tw_educa.json; data/precios_internacionales_tw_educa.json"
"tw-educa-curso-28::perfil-2::regular","Curso práctico de MATLAB y Octave para Ingeniería — Profesional — regular","tw-educa","Software científico","curso","{""publico"":""Profesional"",""regular_soles"":499,""regular_usd"":147}","PEN/USD","147","5.40","0.30","155.708246","159","PRECIO_BASE_USD_DEFINIDO","data/cursos_tw_educa.json; data/precios_internacionales_tw_educa.json"
"tw-educa-curso-29::perfil-1::preventa","Curso práctico de Python Básico — Estudiante con carné — preventa","tw-educa","Programación","curso","{""publico"":""Estudiante con carné"",""preventa_soles"":99,""preventa_usd"":30}","PEN/USD","30","5.40","0.30","32.029599","39","PRECIO_BASE_USD_DEFINIDO","data/cursos_tw_educa.json; data/precios_internacionales_tw_educa.json"
"tw-educa-curso-29::perfil-1::lanzamiento","Curso práctico de Python Básico — Estudiante con carné — lanzamiento","tw-educa","Programación","curso","{""publico"":""Estudiante con carné"",""lanzamiento_soles"":149,""lanzamiento_usd"":44}","PEN/USD","44","5.40","0.30","46.828753","49","PRECIO_BASE_USD_DEFINIDO","data/cursos_tw_educa.json; data/precios_internacionales_tw_educa.json"
"tw-educa-curso-29::perfil-1::regular","Curso práctico de Python Básico — Estudiante con carné — regular","tw-educa","Programación","curso","{""publico"":""Estudiante con carné"",""regular_soles"":199,""regular_usd"":59}","PEN/USD","59","5.40","0.30","62.684990","69","PRECIO_BASE_USD_DEFINIDO","data/cursos_tw_educa.json; data/precios_internacionales_tw_educa.json"
"tw-educa-curso-29::perfil-2::preventa","Curso práctico de Python Básico — Profesional — preventa","tw-educa","Programación","curso","{""publico"":""Profesional"",""preventa_soles"":199,""preventa_usd"":59}","PEN/USD","59","5.40","0.30","62.684990","69","PRECIO_BASE_USD_DEFINIDO","data/cursos_tw_educa.json; data/precios_internacionales_tw_educa.json"
"tw-educa-curso-29::perfil-2::lanzamiento","Curso práctico de Python Básico — Profesional — lanzamiento","tw-educa","Programación","curso","{""publico"":""Profesional"",""lanzamiento_soles"":249,""lanzamiento_usd"":73}","PEN/USD","73","5.40","0.30","77.484144","79","PRECIO_BASE_USD_DEFINIDO","data/cursos_tw_educa.json; data/precios_internacionales_tw_educa.json"
"tw-educa-curso-29::perfil-2::regular","Curso práctico de Python Básico — Profesional — regular","tw-educa","Programación","curso","{""publico"":""Profesional"",""regular_soles"":349,""regular_usd"":103}","PEN/USD","103","5.40","0.30","109.196618","119","PRECIO_BASE_USD_DEFINIDO","data/cursos_tw_educa.json; data/precios_internacionales_tw_educa.json"
"tw-educa-curso-30::perfil-1::preventa","Curso práctico de Python POO — Estudiante con carné — preventa","tw-educa","Programación","curso","{""publico"":""Estudiante con carné"",""preventa_soles"":119,""preventa_usd"":35}","PEN/USD","35","5.40","0.30","37.315011","39","PRECIO_BASE_USD_DEFINIDO","data/cursos_tw_educa.json; data/precios_internacionales_tw_educa.json"
"tw-educa-curso-30::perfil-1::lanzamiento","Curso práctico de Python POO — Estudiante con carné — lanzamiento","tw-educa","Programación","curso","{""publico"":""Estudiante con carné"",""lanzamiento_soles"":169,""lanzamiento_usd"":50}","PEN/USD","50","5.40","0.30","53.171248","59","PRECIO_BASE_USD_DEFINIDO","data/cursos_tw_educa.json; data/precios_internacionales_tw_educa.json"
"tw-educa-curso-30::perfil-1::regular","Curso práctico de Python POO — Estudiante con carné — regular","tw-educa","Programación","curso","{""publico"":""Estudiante con carné"",""regular_soles"":229,""regular_usd"":68}","PEN/USD","68","5.40","0.30","72.198732","79","PRECIO_BASE_USD_DEFINIDO","data/cursos_tw_educa.json; data/precios_internacionales_tw_educa.json"
"tw-educa-curso-30::perfil-2::preventa","Curso práctico de Python POO — Profesional — preventa","tw-educa","Programación","curso","{""publico"":""Profesional"",""preventa_soles"":229,""preventa_usd"":68}","PEN/USD","68","5.40","0.30","72.198732","79","PRECIO_BASE_USD_DEFINIDO","data/cursos_tw_educa.json; data/precios_internacionales_tw_educa.json"
"tw-educa-curso-30::perfil-2::lanzamiento","Curso práctico de Python POO — Profesional — lanzamiento","tw-educa","Programación","curso","{""publico"":""Profesional"",""lanzamiento_soles"":299,""lanzamiento_usd"":88}","PEN/USD","88","5.40","0.30","93.340381","99","PRECIO_BASE_USD_DEFINIDO","data/cursos_tw_educa.json; data/precios_internacionales_tw_educa.json"
"tw-educa-curso-30::perfil-2::regular","Curso práctico de Python POO — Profesional — regular","tw-educa","Programación","curso","{""publico"":""Profesional"",""regular_soles"":399,""regular_usd"":117}","PEN/USD","117","5.40","0.30","123.995772","129","PRECIO_BASE_USD_DEFINIDO","data/cursos_tw_educa.json; data/precios_internacionales_tw_educa.json"
"tw-educa-curso-31::perfil-1::preventa","Curso práctico de Python Web — Estudiante con carné — preventa","tw-educa","Programación","curso","{""publico"":""Estudiante con carné"",""preventa_soles"":149,""preventa_usd"":44}","PEN/USD","44","5.40","0.30","46.828753","49","PRECIO_BASE_USD_DEFINIDO","data/cursos_tw_educa.json; data/precios_internacionales_tw_educa.json"
"tw-educa-curso-31::perfil-1::lanzamiento","Curso práctico de Python Web — Estudiante con carné — lanzamiento","tw-educa","Programación","curso","{""publico"":""Estudiante con carné"",""lanzamiento_soles"":199,""lanzamiento_usd"":59}","PEN/USD","59","5.40","0.30","62.684990","69","PRECIO_BASE_USD_DEFINIDO","data/cursos_tw_educa.json; data/precios_internacionales_tw_educa.json"
"tw-educa-curso-31::perfil-1::regular","Curso práctico de Python Web — Estudiante con carné — regular","tw-educa","Programación","curso","{""publico"":""Estudiante con carné"",""regular_soles"":249,""regular_usd"":73}","PEN/USD","73","5.40","0.30","77.484144","79","PRECIO_BASE_USD_DEFINIDO","data/cursos_tw_educa.json; data/precios_internacionales_tw_educa.json"
"tw-educa-curso-31::perfil-2::preventa","Curso práctico de Python Web — Profesional — preventa","tw-educa","Programación","curso","{""publico"":""Profesional"",""preventa_soles"":299,""preventa_usd"":88}","PEN/USD","88","5.40","0.30","93.340381","99","PRECIO_BASE_USD_DEFINIDO","data/cursos_tw_educa.json; data/precios_internacionales_tw_educa.json"
"tw-educa-curso-31::perfil-2::lanzamiento","Curso práctico de Python Web — Profesional — lanzamiento","tw-educa","Programación","curso","{""publico"":""Profesional"",""lanzamiento_soles"":399,""lanzamiento_usd"":117}","PEN/USD","117","5.40","0.30","123.995772","129","PRECIO_BASE_USD_DEFINIDO","data/cursos_tw_educa.json; data/precios_internacionales_tw_educa.json"
"tw-educa-curso-31::perfil-2::regular","Curso práctico de Python Web — Profesional — regular","tw-educa","Programación","curso","{""publico"":""Profesional"",""regular_soles"":499,""regular_usd"":147}","PEN/USD","147","5.40","0.30","155.708246","159","PRECIO_BASE_USD_DEFINIDO","data/cursos_tw_educa.json; data/precios_internacionales_tw_educa.json"
"tw-educa-curso-32::perfil-1::preventa","Curso práctico de Frontend Web — Estudiante con carné — preventa","tw-educa","Desarrollo web","curso","{""publico"":""Estudiante con carné"",""preventa_soles"":99,""preventa_usd"":30}","PEN/USD","30","5.40","0.30","32.029599","39","PRECIO_BASE_USD_DEFINIDO","data/cursos_tw_educa.json; data/precios_internacionales_tw_educa.json"
"tw-educa-curso-32::perfil-1::lanzamiento","Curso práctico de Frontend Web — Estudiante con carné — lanzamiento","tw-educa","Desarrollo web","curso","{""publico"":""Estudiante con carné"",""lanzamiento_soles"":149,""lanzamiento_usd"":44}","PEN/USD","44","5.40","0.30","46.828753","49","PRECIO_BASE_USD_DEFINIDO","data/cursos_tw_educa.json; data/precios_internacionales_tw_educa.json"
"tw-educa-curso-32::perfil-1::regular","Curso práctico de Frontend Web — Estudiante con carné — regular","tw-educa","Desarrollo web","curso","{""publico"":""Estudiante con carné"",""regular_soles"":199,""regular_usd"":59}","PEN/USD","59","5.40","0.30","62.684990","69","PRECIO_BASE_USD_DEFINIDO","data/cursos_tw_educa.json; data/precios_internacionales_tw_educa.json"
"tw-educa-curso-32::perfil-2::preventa","Curso práctico de Frontend Web — Profesional — preventa","tw-educa","Desarrollo web","curso","{""publico"":""Profesional"",""preventa_soles"":199,""preventa_usd"":59}","PEN/USD","59","5.40","0.30","62.684990","69","PRECIO_BASE_USD_DEFINIDO","data/cursos_tw_educa.json; data/precios_internacionales_tw_educa.json"
"tw-educa-curso-32::perfil-2::lanzamiento","Curso práctico de Frontend Web — Profesional — lanzamiento","tw-educa","Desarrollo web","curso","{""publico"":""Profesional"",""lanzamiento_soles"":249,""lanzamiento_usd"":73}","PEN/USD","73","5.40","0.30","77.484144","79","PRECIO_BASE_USD_DEFINIDO","data/cursos_tw_educa.json; data/precios_internacionales_tw_educa.json"
"tw-educa-curso-32::perfil-2::regular","Curso práctico de Frontend Web — Profesional — regular","tw-educa","Desarrollo web","curso","{""publico"":""Profesional"",""regular_soles"":349,""regular_usd"":103}","PEN/USD","103","5.40","0.30","109.196618","119","PRECIO_BASE_USD_DEFINIDO","data/cursos_tw_educa.json; data/precios_internacionales_tw_educa.json"
"tw-educa-curso-33::perfil-1::preventa","Curso práctico de Informática Básica — Estudiante — preventa","tw-educa","Informática","curso","{""publico"":""Estudiante"",""preventa_soles"":69,""preventa_usd"":21}","PEN/USD","21","5.40","0.30","22.515857","29","PRECIO_BASE_USD_DEFINIDO","data/cursos_tw_educa.json; data/precios_internacionales_tw_educa.json"
"tw-educa-curso-33::perfil-1::lanzamiento","Curso práctico de Informática Básica — Estudiante — lanzamiento","tw-educa","Informática","curso","{""publico"":""Estudiante"",""lanzamiento_soles"":89,""lanzamiento_usd"":27}","PEN/USD","27","5.40","0.30","28.858351","29","PRECIO_BASE_USD_DEFINIDO","data/cursos_tw_educa.json; data/precios_internacionales_tw_educa.json"
"tw-educa-curso-33::perfil-1::regular","Curso práctico de Informática Básica — Estudiante — regular","tw-educa","Informática","curso","{""publico"":""Estudiante"",""regular_soles"":129,""regular_usd"":38}","PEN/USD","38","5.40","0.30","40.486258","49","PRECIO_BASE_USD_DEFINIDO","data/cursos_tw_educa.json; data/precios_internacionales_tw_educa.json"
"tw-educa-curso-33::perfil-2::preventa","Curso práctico de Informática Básica — General — preventa","tw-educa","Informática","curso","{""publico"":""General"",""preventa_soles"":119,""preventa_usd"":35}","PEN/USD","35","5.40","0.30","37.315011","39","PRECIO_BASE_USD_DEFINIDO","data/cursos_tw_educa.json; data/precios_internacionales_tw_educa.json"
"tw-educa-curso-33::perfil-2::lanzamiento","Curso práctico de Informática Básica — General — lanzamiento","tw-educa","Informática","curso","{""publico"":""General"",""lanzamiento_soles"":149,""lanzamiento_usd"":44}","PEN/USD","44","5.40","0.30","46.828753","49","PRECIO_BASE_USD_DEFINIDO","data/cursos_tw_educa.json; data/precios_internacionales_tw_educa.json"
"tw-educa-curso-33::perfil-2::regular","Curso práctico de Informática Básica — General — regular","tw-educa","Informática","curso","{""publico"":""General"",""regular_soles"":199,""regular_usd"":59}","PEN/USD","59","5.40","0.30","62.684990","69","PRECIO_BASE_USD_DEFINIDO","data/cursos_tw_educa.json; data/precios_internacionales_tw_educa.json"
"tw-educa-curso-34::perfil-1::preventa","Curso práctico de GNU/Linux — Estudiante con carné — preventa","tw-educa","Sistemas","curso","{""publico"":""Estudiante con carné"",""preventa_soles"":89,""preventa_usd"":27}","PEN/USD","27","5.40","0.30","28.858351","29","PRECIO_BASE_USD_DEFINIDO","data/cursos_tw_educa.json; data/precios_internacionales_tw_educa.json"
"tw-educa-curso-34::perfil-1::lanzamiento","Curso práctico de GNU/Linux — Estudiante con carné — lanzamiento","tw-educa","Sistemas","curso","{""publico"":""Estudiante con carné"",""lanzamiento_soles"":119,""lanzamiento_usd"":35}","PEN/USD","35","5.40","0.30","37.315011","39","PRECIO_BASE_USD_DEFINIDO","data/cursos_tw_educa.json; data/precios_internacionales_tw_educa.json"
"tw-educa-curso-34::perfil-1::regular","Curso práctico de GNU/Linux — Estudiante con carné — regular","tw-educa","Sistemas","curso","{""publico"":""Estudiante con carné"",""regular_soles"":169,""regular_usd"":50}","PEN/USD","50","5.40","0.30","53.171248","59","PRECIO_BASE_USD_DEFINIDO","data/cursos_tw_educa.json; data/precios_internacionales_tw_educa.json"
"tw-educa-curso-34::perfil-2::preventa","Curso práctico de GNU/Linux — Profesional — preventa","tw-educa","Sistemas","curso","{""publico"":""Profesional"",""preventa_soles"":169,""preventa_usd"":50}","PEN/USD","50","5.40","0.30","53.171248","59","PRECIO_BASE_USD_DEFINIDO","data/cursos_tw_educa.json; data/precios_internacionales_tw_educa.json"
"tw-educa-curso-34::perfil-2::lanzamiento","Curso práctico de GNU/Linux — Profesional — lanzamiento","tw-educa","Sistemas","curso","{""publico"":""Profesional"",""lanzamiento_soles"":229,""lanzamiento_usd"":68}","PEN/USD","68","5.40","0.30","72.198732","79","PRECIO_BASE_USD_DEFINIDO","data/cursos_tw_educa.json; data/precios_internacionales_tw_educa.json"
"tw-educa-curso-34::perfil-2::regular","Curso práctico de GNU/Linux — Profesional — regular","tw-educa","Sistemas","curso","{""publico"":""Profesional"",""regular_soles"":299,""regular_usd"":88}","PEN/USD","88","5.40","0.30","93.340381","99","PRECIO_BASE_USD_DEFINIDO","data/cursos_tw_educa.json; data/precios_internacionales_tw_educa.json"
"tw-educa-curso-35::perfil-1::preventa","Preparación para Admisión UNMSM — Escolar / egresado — preventa","tw-educa","Preparación académica","curso","{""publico"":""Escolar / egresado"",""preventa_soles"":179,""preventa_usd"":53}","PEN/USD","53","5.40","0.30","56.342495","59","PRECIO_BASE_USD_DEFINIDO","data/cursos_tw_educa.json; data/precios_internacionales_tw_educa.json"
"tw-educa-curso-35::perfil-1::lanzamiento","Preparación para Admisión UNMSM — Escolar / egresado — lanzamiento","tw-educa","Preparación académica","curso","{""publico"":""Escolar / egresado"",""lanzamiento_soles"":249,""lanzamiento_usd"":73}","PEN/USD","73","5.40","0.30","77.484144","79","PRECIO_BASE_USD_DEFINIDO","data/cursos_tw_educa.json; data/precios_internacionales_tw_educa.json"
"tw-educa-curso-35::perfil-1::regular","Preparación para Admisión UNMSM — Escolar / egresado — regular","tw-educa","Preparación académica","curso","{""publico"":""Escolar / egresado"",""regular_soles"":349,""regular_usd"":103}","PEN/USD","103","5.40","0.30","109.196618","119","PRECIO_BASE_USD_DEFINIDO","data/cursos_tw_educa.json; data/precios_internacionales_tw_educa.json"
"tw-educa-curso-35::perfil-2::preventa","Preparación para Admisión UNMSM — General — preventa","tw-educa","Preparación académica","curso","{""publico"":""General"",""preventa_soles"":249,""preventa_usd"":73}","PEN/USD","73","5.40","0.30","77.484144","79","PRECIO_BASE_USD_DEFINIDO","data/cursos_tw_educa.json; data/precios_internacionales_tw_educa.json"
"tw-educa-curso-35::perfil-2::lanzamiento","Preparación para Admisión UNMSM — General — lanzamiento","tw-educa","Preparación académica","curso","{""publico"":""General"",""lanzamiento_soles"":349,""lanzamiento_usd"":103}","PEN/USD","103","5.40","0.30","109.196618","119","PRECIO_BASE_USD_DEFINIDO","data/cursos_tw_educa.json; data/precios_internacionales_tw_educa.json"
"tw-educa-curso-35::perfil-2::regular","Preparación para Admisión UNMSM — General — regular","tw-educa","Preparación académica","curso","{""publico"":""General"",""regular_soles"":449,""regular_usd"":132}","PEN/USD","132","5.40","0.30","139.852009","149","PRECIO_BASE_USD_DEFINIDO","data/cursos_tw_educa.json; data/precios_internacionales_tw_educa.json"
"tw-educa-curso-36::perfil-1::preventa","Preparación para Admisión UNI — Escolar / egresado — preventa","tw-educa","Preparación académica","curso","{""publico"":""Escolar / egresado"",""preventa_soles"":199,""preventa_usd"":59}","PEN/USD","59","5.40","0.30","62.684990","69","PRECIO_BASE_USD_DEFINIDO","data/cursos_tw_educa.json; data/precios_internacionales_tw_educa.json"
"tw-educa-curso-36::perfil-1::lanzamiento","Preparación para Admisión UNI — Escolar / egresado — lanzamiento","tw-educa","Preparación académica","curso","{""publico"":""Escolar / egresado"",""lanzamiento_soles"":279,""lanzamiento_usd"":82}","PEN/USD","82","5.40","0.30","86.997886","89","PRECIO_BASE_USD_DEFINIDO","data/cursos_tw_educa.json; data/precios_internacionales_tw_educa.json"
"tw-educa-curso-36::perfil-1::regular","Preparación para Admisión UNI — Escolar / egresado — regular","tw-educa","Preparación académica","curso","{""publico"":""Escolar / egresado"",""regular_soles"":379,""regular_usd"":112}","PEN/USD","112","5.40","0.30","118.710360","119","PRECIO_BASE_USD_DEFINIDO","data/cursos_tw_educa.json; data/precios_internacionales_tw_educa.json"
"tw-educa-curso-36::perfil-2::preventa","Preparación para Admisión UNI — General — preventa","tw-educa","Preparación académica","curso","{""publico"":""General"",""preventa_soles"":279,""preventa_usd"":82}","PEN/USD","82","5.40","0.30","86.997886","89","PRECIO_BASE_USD_DEFINIDO","data/cursos_tw_educa.json; data/precios_internacionales_tw_educa.json"
"tw-educa-curso-36::perfil-2::lanzamiento","Preparación para Admisión UNI — General — lanzamiento","tw-educa","Preparación académica","curso","{""publico"":""General"",""lanzamiento_soles"":379,""lanzamiento_usd"":112}","PEN/USD","112","5.40","0.30","118.710360","119","PRECIO_BASE_USD_DEFINIDO","data/cursos_tw_educa.json; data/precios_internacionales_tw_educa.json"
"tw-educa-curso-36::perfil-2::regular","Preparación para Admisión UNI — General — regular","tw-educa","Preparación académica","curso","{""publico"":""General"",""regular_soles"":499,""regular_usd"":147}","PEN/USD","147","5.40","0.30","155.708246","159","PRECIO_BASE_USD_DEFINIDO","data/cursos_tw_educa.json; data/precios_internacionales_tw_educa.json"
"tw-educa-curso-37::perfil-1::preventa","Preparación para Admisión UNAC — Escolar / egresado — preventa","tw-educa","Preparación académica","curso","{""publico"":""Escolar / egresado"",""preventa_soles"":159,""preventa_usd"":47}","PEN/USD","47","5.40","0.30","50.000000","59","PRECIO_BASE_USD_DEFINIDO","data/cursos_tw_educa.json; data/precios_internacionales_tw_educa.json"
"tw-educa-curso-37::perfil-1::lanzamiento","Preparación para Admisión UNAC — Escolar / egresado — lanzamiento","tw-educa","Preparación académica","curso","{""publico"":""Escolar / egresado"",""lanzamiento_soles"":229,""lanzamiento_usd"":68}","PEN/USD","68","5.40","0.30","72.198732","79","PRECIO_BASE_USD_DEFINIDO","data/cursos_tw_educa.json; data/precios_internacionales_tw_educa.json"
"tw-educa-curso-37::perfil-1::regular","Preparación para Admisión UNAC — Escolar / egresado — regular","tw-educa","Preparación académica","curso","{""publico"":""Escolar / egresado"",""regular_soles"":329,""regular_usd"":97}","PEN/USD","97","5.40","0.30","102.854123","109","PRECIO_BASE_USD_DEFINIDO","data/cursos_tw_educa.json; data/precios_internacionales_tw_educa.json"
"tw-educa-curso-37::perfil-2::preventa","Preparación para Admisión UNAC — General — preventa","tw-educa","Preparación académica","curso","{""publico"":""General"",""preventa_soles"":229,""preventa_usd"":68}","PEN/USD","68","5.40","0.30","72.198732","79","PRECIO_BASE_USD_DEFINIDO","data/cursos_tw_educa.json; data/precios_internacionales_tw_educa.json"
"tw-educa-curso-37::perfil-2::lanzamiento","Preparación para Admisión UNAC — General — lanzamiento","tw-educa","Preparación académica","curso","{""publico"":""General"",""lanzamiento_soles"":329,""lanzamiento_usd"":97}","PEN/USD","97","5.40","0.30","102.854123","109","PRECIO_BASE_USD_DEFINIDO","data/cursos_tw_educa.json; data/precios_internacionales_tw_educa.json"
"tw-educa-curso-37::perfil-2::regular","Preparación para Admisión UNAC — General — regular","tw-educa","Preparación académica","curso","{""publico"":""General"",""regular_soles"":429,""regular_usd"":126}","PEN/USD","126","5.40","0.30","133.509514","139","PRECIO_BASE_USD_DEFINIDO","data/cursos_tw_educa.json; data/precios_internacionales_tw_educa.json"
"openfoam-cfd","OpenFOAM CFD","TW Educa","CFD y modelamiento numérico","curso","{""precio_peru_igv_soles"":99,""precio_internacional_usd"":85,""precio_mooc_soles"":0,""certificado_desde_soles"":49,""certificado_digital_basico_desde_soles"":19,""certificado_con_evaluacion_desde_soles"":49,""curso_en_vivo_desde_soles"":99,""curso_tecnico_especializado_desde_soles"":99,""programa_especializacion_desde_soles"":199,""capacitacion_institucional_desde_soles"":500,""precio_pago_texto"":""Acceso completo desde S/ 99"",""politica_precio"":""Consulta disponibilidad, fecha de inicio, modalidad, horario y forma de pago antes de reservar tu vacante."",""nota_precio_mooc"":""Consulta disponibilidad, fecha de inicio, modalidad, horario y forma de pago antes de reservar tu vacante.""}","PEN/USD","85","5.40","0.30","90.169134","99","PRECIO_BASE_USD_DEFINIDO","data/catalogo-general-cursos.json"
"analisis-de-sistemas-de-informacion","Análisis de sistemas de información","TW Educa","Desarrollo de software y sistemas","curso","{""precio_peru_igv_soles"":149,""precio_internacional_usd"":75,""precio_mooc_soles"":0,""certificado_desde_soles"":49,""certificado_digital_basico_desde_soles"":19,""certificado_con_evaluacion_desde_soles"":49,""curso_en_vivo_desde_soles"":149,""curso_tecnico_especializado_desde_soles"":149,""programa_especializacion_desde_soles"":null,""capacitacion_institucional_desde_soles"":500,""precio_pago_texto"":""Acceso completo desde S/ 149"",""politica_precio"":""Consulta disponibilidad, fecha de inicio, modalidad, horario y forma de pago antes de reservar tu vacante."",""nota_precio_mooc"":""Consulta disponibilidad, fecha de inicio, modalidad, horario y forma de pago antes de reservar tu vacante.""}","PEN/USD","75","5.40","0.30","79.598309","89","PRECIO_BASE_USD_DEFINIDO","data/catalogo-general-cursos.json"
"arquitectura-y-organizacion-de-computadoras","Arquitectura y organización de computadoras","TW Educa","Desarrollo de software y sistemas","curso","{""precio_peru_igv_soles"":149,""precio_internacional_usd"":70,""precio_mooc_soles"":0,""certificado_desde_soles"":49,""certificado_digital_basico_desde_soles"":19,""certificado_con_evaluacion_desde_soles"":49,""curso_en_vivo_desde_soles"":149,""curso_tecnico_especializado_desde_soles"":149,""programa_especializacion_desde_soles"":null,""capacitacion_institucional_desde_soles"":500,""precio_pago_texto"":""Acceso completo desde S/ 149"",""politica_precio"":""Consulta disponibilidad, fecha de inicio, modalidad, horario y forma de pago antes de reservar tu vacante."",""nota_precio_mooc"":""Consulta disponibilidad, fecha de inicio, modalidad, horario y forma de pago antes de reservar tu vacante.""}","PEN/USD","70","5.40","0.30","74.312897","79","PRECIO_BASE_USD_DEFINIDO","data/catalogo-general-cursos.json"
"auditoria-de-sistemas","Auditoría de sistemas","TW Educa","Desarrollo de software y sistemas","curso","{""precio_peru_igv_soles"":199,""precio_internacional_usd"":100,""precio_mooc_soles"":0,""certificado_desde_soles"":49,""certificado_digital_basico_desde_soles"":19,""certificado_con_evaluacion_desde_soles"":49,""curso_en_vivo_desde_soles"":199,""curso_tecnico_especializado_desde_soles"":199,""programa_especializacion_desde_soles"":199,""capacitacion_institucional_desde_soles"":500,""precio_pago_texto"":""Acceso completo desde S/ 199"",""politica_precio"":""Consulta disponibilidad, fecha de inicio, modalidad, horario y forma de pago antes de reservar tu vacante."",""nota_precio_mooc"":""Consulta disponibilidad, fecha de inicio, modalidad, horario y forma de pago antes de reservar tu vacante.""}","PEN/USD","100","5.40","0.30","106.025370","109","PRECIO_BASE_USD_DEFINIDO","data/catalogo-general-cursos.json"
"base-de-datos-i","Base de datos I","TW Educa","Desarrollo de software y sistemas","curso","{""precio_peru_igv_soles"":149,""precio_internacional_usd"":60,""precio_mooc_soles"":0,""certificado_desde_soles"":49,""certificado_digital_basico_desde_soles"":19,""certificado_con_evaluacion_desde_soles"":49,""curso_en_vivo_desde_soles"":149,""curso_tecnico_especializado_desde_soles"":149,""programa_especializacion_desde_soles"":null,""capacitacion_institucional_desde_soles"":500,""precio_pago_texto"":""Acceso completo desde S/ 149"",""politica_precio"":""Consulta disponibilidad, fecha de inicio, modalidad, horario y forma de pago antes de reservar tu vacante."",""nota_precio_mooc"":""Consulta disponibilidad, fecha de inicio, modalidad, horario y forma de pago antes de reservar tu vacante.""}","PEN/USD","60","5.40","0.30","63.742072","69","PRECIO_BASE_USD_DEFINIDO","data/catalogo-general-cursos.json"
"base-de-datos-ii","Base de datos II","TW Educa","Desarrollo de software y sistemas","curso","{""precio_peru_igv_soles"":149,""precio_internacional_usd"":70,""precio_mooc_soles"":0,""certificado_desde_soles"":49,""certificado_digital_basico_desde_soles"":19,""certificado_con_evaluacion_desde_soles"":49,""curso_en_vivo_desde_soles"":149,""curso_tecnico_especializado_desde_soles"":149,""programa_especializacion_desde_soles"":null,""capacitacion_institucional_desde_soles"":500,""precio_pago_texto"":""Acceso completo desde S/ 149"",""politica_precio"":""Consulta disponibilidad, fecha de inicio, modalidad, horario y forma de pago antes de reservar tu vacante."",""nota_precio_mooc"":""Consulta disponibilidad, fecha de inicio, modalidad, horario y forma de pago antes de reservar tu vacante.""}","PEN/USD","70","5.40","0.30","74.312897","79","PRECIO_BASE_USD_DEFINIDO","data/catalogo-general-cursos.json"
"base-de-datos-iii","Base de datos III","TW Educa","Desarrollo de software y sistemas","curso","{""precio_peru_igv_soles"":149,""precio_internacional_usd"":85,""precio_mooc_soles"":0,""certificado_desde_soles"":49,""certificado_digital_basico_desde_soles"":19,""certificado_con_evaluacion_desde_soles"":49,""curso_en_vivo_desde_soles"":149,""curso_tecnico_especializado_desde_soles"":149,""programa_especializacion_desde_soles"":null,""capacitacion_institucional_desde_soles"":500,""precio_pago_texto"":""Acceso completo desde S/ 149"",""politica_precio"":""Consulta disponibilidad, fecha de inicio, modalidad, horario y forma de pago antes de reservar tu vacante."",""nota_precio_mooc"":""Consulta disponibilidad, fecha de inicio, modalidad, horario y forma de pago antes de reservar tu vacante.""}","PEN/USD","85","5.40","0.30","90.169134","99","PRECIO_BASE_USD_DEFINIDO","data/catalogo-general-cursos.json"
"circuitos-electricos-y-electronicos-para-sistemas","Circuitos eléctricos y electrónicos para sistemas","TW Educa","Desarrollo de software y sistemas","curso","{""precio_peru_igv_soles"":149,""precio_internacional_usd"":70,""precio_mooc_soles"":0,""certificado_desde_soles"":49,""certificado_digital_basico_desde_soles"":19,""certificado_con_evaluacion_desde_soles"":49,""curso_en_vivo_desde_soles"":149,""curso_tecnico_especializado_desde_soles"":149,""programa_especializacion_desde_soles"":null,""capacitacion_institucional_desde_soles"":500,""precio_pago_texto"":""Acceso completo desde S/ 149"",""politica_precio"":""Consulta disponibilidad, fecha de inicio, modalidad, horario y forma de pago antes de reservar tu vacante."",""nota_precio_mooc"":""Consulta disponibilidad, fecha de inicio, modalidad, horario y forma de pago antes de reservar tu vacante.""}","PEN/USD","70","5.40","0.30","74.312897","79","PRECIO_BASE_USD_DEFINIDO","data/catalogo-general-cursos.json"
"dinamica-de-sistemas","Dinámica de sistemas","TW Educa","Desarrollo de software y sistemas","curso","{""precio_peru_igv_soles"":149,""precio_internacional_usd"":75,""precio_mooc_soles"":0,""certificado_desde_soles"":49,""certificado_digital_basico_desde_soles"":19,""certificado_con_evaluacion_desde_soles"":49,""curso_en_vivo_desde_soles"":149,""curso_tecnico_especializado_desde_soles"":149,""programa_especializacion_desde_soles"":null,""capacitacion_institucional_desde_soles"":500,""precio_pago_texto"":""Acceso completo desde S/ 149"",""politica_precio"":""Consulta disponibilidad, fecha de inicio, modalidad, horario y forma de pago antes de reservar tu vacante."",""nota_precio_mooc"":""Consulta disponibilidad, fecha de inicio, modalidad, horario y forma de pago antes de reservar tu vacante.""}","PEN/USD","75","5.40","0.30","79.598309","89","PRECIO_BASE_USD_DEFINIDO","data/catalogo-general-cursos.json"
"diseno-de-sistemas-de-informacion","Diseño de sistemas de información","TW Educa","Desarrollo de software y sistemas","curso","{""precio_peru_igv_soles"":149,""precio_internacional_usd"":95,""precio_mooc_soles"":0,""certificado_desde_soles"":49,""certificado_digital_basico_desde_soles"":19,""certificado_con_evaluacion_desde_soles"":49,""curso_en_vivo_desde_soles"":149,""curso_tecnico_especializado_desde_soles"":149,""programa_especializacion_desde_soles"":null,""capacitacion_institucional_desde_soles"":500,""precio_pago_texto"":""Acceso completo desde S/ 149"",""politica_precio"":""Consulta disponibilidad, fecha de inicio, modalidad, horario y forma de pago antes de reservar tu vacante."",""nota_precio_mooc"":""Consulta disponibilidad, fecha de inicio, modalidad, horario y forma de pago antes de reservar tu vacante.""}","PEN/USD","95","5.40","0.30","100.739958","109","PRECIO_BASE_USD_DEFINIDO","data/catalogo-general-cursos.json"
"ingenieria-de-software","Ingeniería de software","TW Educa","Desarrollo de software y sistemas","curso","{""precio_peru_igv_soles"":199,""precio_internacional_usd"":125,""precio_mooc_soles"":0,""certificado_desde_soles"":49,""certificado_digital_basico_desde_soles"":19,""certificado_con_evaluacion_desde_soles"":49,""curso_en_vivo_desde_soles"":199,""curso_tecnico_especializado_desde_soles"":199,""programa_especializacion_desde_soles"":199,""capacitacion_institucional_desde_soles"":500,""precio_pago_texto"":""Acceso completo desde S/ 199"",""politica_precio"":""Consulta disponibilidad, fecha de inicio, modalidad, horario y forma de pago antes de reservar tu vacante."",""nota_precio_mooc"":""Consulta disponibilidad, fecha de inicio, modalidad, horario y forma de pago antes de reservar tu vacante.""}","PEN/USD","125","5.40","0.30","132.452432","139","PRECIO_BASE_USD_DEFINIDO","data/catalogo-general-cursos.json"
"introduccion-a-la-ingenieria-de-sistemas","Introducción a la ingeniería de sistemas","TW Educa","Desarrollo de software y sistemas","curso","{""precio_peru_igv_soles"":99,""precio_internacional_usd"":45,""precio_mooc_soles"":0,""certificado_desde_soles"":49,""certificado_digital_basico_desde_soles"":19,""certificado_con_evaluacion_desde_soles"":49,""curso_en_vivo_desde_soles"":99,""curso_tecnico_especializado_desde_soles"":99,""programa_especializacion_desde_soles"":null,""capacitacion_institucional_desde_soles"":500,""precio_pago_texto"":""Acceso completo desde S/ 99"",""politica_precio"":""Consulta disponibilidad, fecha de inicio, modalidad, horario y forma de pago antes de reservar tu vacante."",""nota_precio_mooc"":""Consulta disponibilidad, fecha de inicio, modalidad, horario y forma de pago antes de reservar tu vacante.""}","PEN/USD","45","5.40","0.30","47.885836","49","PRECIO_BASE_USD_DEFINIDO","data/catalogo-general-cursos.json"
"metodos-numericos-para-ingenieria-de-sistemas","Métodos numéricos para ingeniería de sistemas","TW Educa","Desarrollo de software y sistemas","curso","{""precio_peru_igv_soles"":149,""precio_internacional_usd"":85,""precio_mooc_soles"":0,""certificado_desde_soles"":49,""certificado_digital_basico_desde_soles"":19,""certificado_con_evaluacion_desde_soles"":49,""curso_en_vivo_desde_soles"":149,""curso_tecnico_especializado_desde_soles"":149,""programa_especializacion_desde_soles"":null,""capacitacion_institucional_desde_soles"":500,""precio_pago_texto"":""Acceso completo desde S/ 149"",""politica_precio"":""Consulta disponibilidad, fecha de inicio, modalidad, horario y forma de pago antes de reservar tu vacante."",""nota_precio_mooc"":""Consulta disponibilidad, fecha de inicio, modalidad, horario y forma de pago antes de reservar tu vacante.""}","PEN/USD","85","5.40","0.30","90.169134","99","PRECIO_BASE_USD_DEFINIDO","data/catalogo-general-cursos.json"
"planeamiento-estrategico-de-sistemas","Planeamiento estratégico de sistemas","TW Educa","Desarrollo de software y sistemas","curso","{""precio_peru_igv_soles"":149,""precio_internacional_usd"":75,""precio_mooc_soles"":0,""certificado_desde_soles"":49,""certificado_digital_basico_desde_soles"":19,""certificado_con_evaluacion_desde_soles"":49,""curso_en_vivo_desde_soles"":149,""curso_tecnico_especializado_desde_soles"":149,""programa_especializacion_desde_soles"":null,""capacitacion_institucional_desde_soles"":500,""precio_pago_texto"":""Acceso completo desde S/ 149"",""politica_precio"":""Consulta disponibilidad, fecha de inicio, modalidad, horario y forma de pago antes de reservar tu vacante."",""nota_precio_mooc"":""Consulta disponibilidad, fecha de inicio, modalidad, horario y forma de pago antes de reservar tu vacante.""}","PEN/USD","75","5.40","0.30","79.598309","89","PRECIO_BASE_USD_DEFINIDO","data/catalogo-general-cursos.json"
"programacion-estructurada","Programación estructurada","TW Educa","Desarrollo de software y sistemas","curso","{""precio_peru_igv_soles"":149,""precio_internacional_usd"":60,""precio_mooc_soles"":0,""certificado_desde_soles"":49,""certificado_digital_basico_desde_soles"":19,""certificado_con_evaluacion_desde_soles"":49,""curso_en_vivo_desde_soles"":149,""curso_tecnico_especializado_desde_soles"":149,""programa_especializacion_desde_soles"":null,""capacitacion_institucional_desde_soles"":500,""precio_pago_texto"":""Acceso completo desde S/ 149"",""politica_precio"":""Consulta disponibilidad, fecha de inicio, modalidad, horario y forma de pago antes de reservar tu vacante."",""nota_precio_mooc"":""Consulta disponibilidad, fecha de inicio, modalidad, horario y forma de pago antes de reservar tu vacante.""}","PEN/USD","60","5.40","0.30","63.742072","69","PRECIO_BASE_USD_DEFINIDO","data/catalogo-general-cursos.json"
"programacion-orientada-a-objetos-i","Programación orientada a objetos I","TW Educa","Desarrollo de software y sistemas","curso","{""precio_peru_igv_soles"":149,""precio_internacional_usd"":60,""precio_mooc_soles"":0,""certificado_desde_soles"":49,""certificado_digital_basico_desde_soles"":19,""certificado_con_evaluacion_desde_soles"":49,""curso_en_vivo_desde_soles"":149,""curso_tecnico_especializado_desde_soles"":149,""programa_especializacion_desde_soles"":null,""capacitacion_institucional_desde_soles"":500,""precio_pago_texto"":""Acceso completo desde S/ 149"",""politica_precio"":""Consulta disponibilidad, fecha de inicio, modalidad, horario y forma de pago antes de reservar tu vacante."",""nota_precio_mooc"":""Consulta disponibilidad, fecha de inicio, modalidad, horario y forma de pago antes de reservar tu vacante.""}","PEN/USD","60","5.40","0.30","63.742072","69","PRECIO_BASE_USD_DEFINIDO","data/catalogo-general-cursos.json"
"programacion-orientada-a-objetos-ii","Programación orientada a objetos II","TW Educa","Desarrollo de software y sistemas","curso","{""precio_peru_igv_soles"":149,""precio_internacional_usd"":70,""precio_mooc_soles"":0,""certificado_desde_soles"":49,""certificado_digital_basico_desde_soles"":19,""certificado_con_evaluacion_desde_soles"":49,""curso_en_vivo_desde_soles"":149,""curso_tecnico_especializado_desde_soles"":149,""programa_especializacion_desde_soles"":null,""capacitacion_institucional_desde_soles"":500,""precio_pago_texto"":""Acceso completo desde S/ 149"",""politica_precio"":""Consulta disponibilidad, fecha de inicio, modalidad, horario y forma de pago antes de reservar tu vacante."",""nota_precio_mooc"":""Consulta disponibilidad, fecha de inicio, modalidad, horario y forma de pago antes de reservar tu vacante.""}","PEN/USD","70","5.40","0.30","74.312897","79","PRECIO_BASE_USD_DEFINIDO","data/catalogo-general-cursos.json"
"programacion-web-i-html-css-php-y-mysql","Programación web I: HTML, CSS, PHP y MySQL","TW Educa","Desarrollo de software y sistemas","curso","{""precio_peru_igv_soles"":149,""precio_internacional_usd"":60,""precio_mooc_soles"":0,""certificado_desde_soles"":49,""certificado_digital_basico_desde_soles"":19,""certificado_con_evaluacion_desde_soles"":49,""curso_en_vivo_desde_soles"":149,""curso_tecnico_especializado_desde_soles"":149,""programa_especializacion_desde_soles"":null,""capacitacion_institucional_desde_soles"":500,""precio_pago_texto"":""Acceso completo desde S/ 149"",""politica_precio"":""Consulta disponibilidad, fecha de inicio, modalidad, horario y forma de pago antes de reservar tu vacante."",""nota_precio_mooc"":""Consulta disponibilidad, fecha de inicio, modalidad, horario y forma de pago antes de reservar tu vacante.""}","PEN/USD","60","5.40","0.30","63.742072","69","PRECIO_BASE_USD_DEFINIDO","data/catalogo-general-cursos.json"
"programacion-web-ii-aplicaciones-web-dinamicas","Programación web II: aplicaciones web dinámicas","TW Educa","Desarrollo de software y sistemas","curso","{""precio_peru_igv_soles"":149,""precio_internacional_usd"":85,""precio_mooc_soles"":0,""certificado_desde_soles"":49,""certificado_digital_basico_desde_soles"":19,""certificado_con_evaluacion_desde_soles"":49,""curso_en_vivo_desde_soles"":149,""curso_tecnico_especializado_desde_soles"":149,""programa_especializacion_desde_soles"":null,""capacitacion_institucional_desde_soles"":500,""precio_pago_texto"":""Acceso completo desde S/ 149"",""politica_precio"":""Consulta disponibilidad, fecha de inicio, modalidad, horario y forma de pago antes de reservar tu vacante."",""nota_precio_mooc"":""Consulta disponibilidad, fecha de inicio, modalidad, horario y forma de pago antes de reservar tu vacante.""}","PEN/USD","85","5.40","0.30","90.169134","99","PRECIO_BASE_USD_DEFINIDO","data/catalogo-general-cursos.json"
"proyecto-de-sistemas","Proyecto de sistemas","TW Educa","Desarrollo de software y sistemas","curso","{""precio_peru_igv_soles"":199,""precio_internacional_usd"":125,""precio_mooc_soles"":0,""certificado_desde_soles"":49,""certificado_digital_basico_desde_soles"":19,""certificado_con_evaluacion_desde_soles"":49,""curso_en_vivo_desde_soles"":199,""curso_tecnico_especializado_desde_soles"":199,""programa_especializacion_desde_soles"":199,""capacitacion_institucional_desde_soles"":500,""precio_pago_texto"":""Acceso completo desde S/ 199"",""politica_precio"":""Consulta disponibilidad, fecha de inicio, modalidad, horario y forma de pago antes de reservar tu vacante."",""nota_precio_mooc"":""Consulta disponibilidad, fecha de inicio, modalidad, horario y forma de pago antes de reservar tu vacante.""}","PEN/USD","125","5.40","0.30","132.452432","139","PRECIO_BASE_USD_DEFINIDO","data/catalogo-general-cursos.json"
"realidad-virtual-aplicada","Realidad virtual aplicada","TW Educa","Desarrollo de software y sistemas","curso","{""precio_peru_igv_soles"":149,""precio_internacional_usd"":110,""precio_mooc_soles"":0,""certificado_desde_soles"":49,""certificado_digital_basico_desde_soles"":19,""certificado_con_evaluacion_desde_soles"":49,""curso_en_vivo_desde_soles"":149,""curso_tecnico_especializado_desde_soles"":149,""programa_especializacion_desde_soles"":null,""capacitacion_institucional_desde_soles"":500,""precio_pago_texto"":""Acceso completo desde S/ 149"",""politica_precio"":""Consulta disponibilidad, fecha de inicio, modalidad, horario y forma de pago antes de reservar tu vacante."",""nota_precio_mooc"":""Consulta disponibilidad, fecha de inicio, modalidad, horario y forma de pago antes de reservar tu vacante.""}","PEN/USD","110","5.40","0.30","116.596195","119","PRECIO_BASE_USD_DEFINIDO","data/catalogo-general-cursos.json"
"robotica-y-automatizacion-de-procesos","Robótica y automatización de procesos","TW Educa","Desarrollo de software y sistemas","curso","{""precio_peru_igv_soles"":149,""precio_internacional_usd"":100,""precio_mooc_soles"":0,""certificado_desde_soles"":49,""certificado_digital_basico_desde_soles"":19,""certificado_con_evaluacion_desde_soles"":49,""curso_en_vivo_desde_soles"":149,""curso_tecnico_especializado_desde_soles"":149,""programa_especializacion_desde_soles"":null,""capacitacion_institucional_desde_soles"":500,""precio_pago_texto"":""Acceso completo desde S/ 149"",""politica_precio"":""Consulta disponibilidad, fecha de inicio, modalidad, horario y forma de pago antes de reservar tu vacante."",""nota_precio_mooc"":""Consulta disponibilidad, fecha de inicio, modalidad, horario y forma de pago antes de reservar tu vacante.""}","PEN/USD","100","5.40","0.30","106.025370","109","PRECIO_BASE_USD_DEFINIDO","data/catalogo-general-cursos.json"
"seguridad-de-la-informacion","Seguridad de la información","TW Educa","Desarrollo de software y sistemas","curso","{""precio_peru_igv_soles"":199,""precio_internacional_usd"":110,""precio_mooc_soles"":0,""certificado_desde_soles"":49,""certificado_digital_basico_desde_soles"":19,""certificado_con_evaluacion_desde_soles"":49,""curso_en_vivo_desde_soles"":199,""curso_tecnico_especializado_desde_soles"":199,""programa_especializacion_desde_soles"":199,""capacitacion_institucional_desde_soles"":500,""precio_pago_texto"":""Acceso completo desde S/ 199"",""politica_precio"":""Consulta disponibilidad, fecha de inicio, modalidad, horario y forma de pago antes de reservar tu vacante."",""nota_precio_mooc"":""Consulta disponibilidad, fecha de inicio, modalidad, horario y forma de pago antes de reservar tu vacante.""}","PEN/USD","110","5.40","0.30","116.596195","119","PRECIO_BASE_USD_DEFINIDO","data/catalogo-general-cursos.json"
"seguridad-de-redes-i","Seguridad de redes I","TW Educa","Desarrollo de software y sistemas","curso","{""precio_peru_igv_soles"":149,""precio_internacional_usd"":100,""precio_mooc_soles"":0,""certificado_desde_soles"":49,""certificado_digital_basico_desde_soles"":19,""certificado_con_evaluacion_desde_soles"":49,""curso_en_vivo_desde_soles"":149,""curso_tecnico_especializado_desde_soles"":149,""programa_especializacion_desde_soles"":null,""capacitacion_institucional_desde_soles"":500,""precio_pago_texto"":""Acceso completo desde S/ 149"",""politica_precio"":""Consulta disponibilidad, fecha de inicio, modalidad, horario y forma de pago antes de reservar tu vacante."",""nota_precio_mooc"":""Consulta disponibilidad, fecha de inicio, modalidad, horario y forma de pago antes de reservar tu vacante.""}","PEN/USD","100","5.40","0.30","106.025370","109","PRECIO_BASE_USD_DEFINIDO","data/catalogo-general-cursos.json"
"seguridad-de-redes-ii","Seguridad de redes II","TW Educa","Desarrollo de software y sistemas","curso","{""precio_peru_igv_soles"":199,""precio_internacional_usd"":110,""precio_mooc_soles"":0,""certificado_desde_soles"":49,""certificado_digital_basico_desde_soles"":19,""certificado_con_evaluacion_desde_soles"":49,""curso_en_vivo_desde_soles"":199,""curso_tecnico_especializado_desde_soles"":199,""programa_especializacion_desde_soles"":199,""capacitacion_institucional_desde_soles"":500,""precio_pago_texto"":""Acceso completo desde S/ 199"",""politica_precio"":""Consulta disponibilidad, fecha de inicio, modalidad, horario y forma de pago antes de reservar tu vacante."",""nota_precio_mooc"":""Consulta disponibilidad, fecha de inicio, modalidad, horario y forma de pago antes de reservar tu vacante.""}","PEN/USD","110","5.40","0.30","116.596195","119","PRECIO_BASE_USD_DEFINIDO","data/catalogo-general-cursos.json"
"seguridad-de-redes-de-datos","Seguridad de redes de datos","TW Educa","Desarrollo de software y sistemas","curso","{""precio_peru_igv_soles"":199,""precio_internacional_usd"":110,""precio_mooc_soles"":0,""certificado_desde_soles"":49,""certificado_digital_basico_desde_soles"":19,""certificado_con_evaluacion_desde_soles"":49,""curso_en_vivo_desde_soles"":199,""curso_tecnico_especializado_desde_soles"":199,""programa_especializacion_desde_soles"":199,""capacitacion_institucional_desde_soles"":500,""precio_pago_texto"":""Acceso completo desde S/ 199"",""politica_precio"":""Consulta disponibilidad, fecha de inicio, modalidad, horario y forma de pago antes de reservar tu vacante."",""nota_precio_mooc"":""Consulta disponibilidad, fecha de inicio, modalidad, horario y forma de pago antes de reservar tu vacante.""}","PEN/USD","110","5.40","0.30","116.596195","119","PRECIO_BASE_USD_DEFINIDO","data/catalogo-general-cursos.json"
"seguridad-informatica","Seguridad informática","TW Educa","Desarrollo de software y sistemas","curso","{""precio_peru_igv_soles"":149,""precio_internacional_usd"":100,""precio_mooc_soles"":0,""certificado_desde_soles"":49,""certificado_digital_basico_desde_soles"":19,""certificado_con_evaluacion_desde_soles"":49,""curso_en_vivo_desde_soles"":149,""curso_tecnico_especializado_desde_soles"":149,""programa_especializacion_desde_soles"":null,""capacitacion_institucional_desde_soles"":500,""precio_pago_texto"":""Acceso completo desde S/ 149"",""politica_precio"":""Consulta disponibilidad, fecha de inicio, modalidad, horario y forma de pago antes de reservar tu vacante."",""nota_precio_mooc"":""Consulta disponibilidad, fecha de inicio, modalidad, horario y forma de pago antes de reservar tu vacante.""}","PEN/USD","100","5.40","0.30","106.025370","109","PRECIO_BASE_USD_DEFINIDO","data/catalogo-general-cursos.json"
"simulacion-de-sistemas","Simulación de sistemas","TW Educa","Desarrollo de software y sistemas","curso","{""precio_peru_igv_soles"":149,""precio_internacional_usd"":95,""precio_mooc_soles"":0,""certificado_desde_soles"":49,""certificado_digital_basico_desde_soles"":19,""certificado_con_evaluacion_desde_soles"":49,""curso_en_vivo_desde_soles"":149,""curso_tecnico_especializado_desde_soles"":149,""programa_especializacion_desde_soles"":null,""capacitacion_institucional_desde_soles"":500,""precio_pago_texto"":""Acceso completo desde S/ 149"",""politica_precio"":""Consulta disponibilidad, fecha de inicio, modalidad, horario y forma de pago antes de reservar tu vacante."",""nota_precio_mooc"":""Consulta disponibilidad, fecha de inicio, modalidad, horario y forma de pago antes de reservar tu vacante.""}","PEN/USD","95","5.40","0.30","100.739958","109","PRECIO_BASE_USD_DEFINIDO","data/catalogo-general-cursos.json"
"sistemas-basados-en-conocimiento","Sistemas basados en conocimiento","TW Educa","Desarrollo de software y sistemas","curso","{""precio_peru_igv_soles"":199,""precio_internacional_usd"":110,""precio_mooc_soles"":0,""certificado_desde_soles"":49,""certificado_digital_basico_desde_soles"":19,""certificado_con_evaluacion_desde_soles"":49,""curso_en_vivo_desde_soles"":199,""curso_tecnico_especializado_desde_soles"":199,""programa_especializacion_desde_soles"":199,""capacitacion_institucional_desde_soles"":500,""precio_pago_texto"":""Acceso completo desde S/ 199"",""politica_precio"":""Consulta disponibilidad, fecha de inicio, modalidad, horario y forma de pago antes de reservar tu vacante."",""nota_precio_mooc"":""Consulta disponibilidad, fecha de inicio, modalidad, horario y forma de pago antes de reservar tu vacante.""}","PEN/USD","110","5.40","0.30","116.596195","119","PRECIO_BASE_USD_DEFINIDO","data/catalogo-general-cursos.json"
"sistemas-complejos","Sistemas complejos","TW Educa","Desarrollo de software y sistemas","curso","{""precio_peru_igv_soles"":199,""precio_internacional_usd"":75,""precio_mooc_soles"":0,""certificado_desde_soles"":49,""certificado_digital_basico_desde_soles"":19,""certificado_con_evaluacion_desde_soles"":49,""curso_en_vivo_desde_soles"":199,""curso_tecnico_especializado_desde_soles"":199,""programa_especializacion_desde_soles"":199,""capacitacion_institucional_desde_soles"":500,""precio_pago_texto"":""Acceso completo desde S/ 199"",""politica_precio"":""Consulta disponibilidad, fecha de inicio, modalidad, horario y forma de pago antes de reservar tu vacante."",""nota_precio_mooc"":""Consulta disponibilidad, fecha de inicio, modalidad, horario y forma de pago antes de reservar tu vacante.""}","PEN/USD","75","5.40","0.30","79.598309","89","PRECIO_BASE_USD_DEFINIDO","data/catalogo-general-cursos.json"
"sistemas-digitales","Sistemas digitales","TW Educa","Desarrollo de software y sistemas","curso","{""precio_peru_igv_soles"":149,""precio_internacional_usd"":70,""precio_mooc_soles"":0,""certificado_desde_soles"":49,""certificado_digital_basico_desde_soles"":19,""certificado_con_evaluacion_desde_soles"":49,""curso_en_vivo_desde_soles"":149,""curso_tecnico_especializado_desde_soles"":149,""programa_especializacion_desde_soles"":null,""capacitacion_institucional_desde_soles"":500,""precio_pago_texto"":""Acceso completo desde S/ 149"",""politica_precio"":""Consulta disponibilidad, fecha de inicio, modalidad, horario y forma de pago antes de reservar tu vacante."",""nota_precio_mooc"":""Consulta disponibilidad, fecha de inicio, modalidad, horario y forma de pago antes de reservar tu vacante.""}","PEN/USD","70","5.40","0.30","74.312897","79","PRECIO_BASE_USD_DEFINIDO","data/catalogo-general-cursos.json"
"sistemas-distribuidos","Sistemas distribuidos","TW Educa","Desarrollo de software y sistemas","curso","{""precio_peru_igv_soles"":199,""precio_internacional_usd"":100,""precio_mooc_soles"":0,""certificado_desde_soles"":49,""certificado_digital_basico_desde_soles"":19,""certificado_con_evaluacion_desde_soles"":49,""curso_en_vivo_desde_soles"":199,""curso_tecnico_especializado_desde_soles"":199,""programa_especializacion_desde_soles"":199,""capacitacion_institucional_desde_soles"":500,""precio_pago_texto"":""Acceso completo desde S/ 199"",""politica_precio"":""Consulta disponibilidad, fecha de inicio, modalidad, horario y forma de pago antes de reservar tu vacante."",""nota_precio_mooc"":""Consulta disponibilidad, fecha de inicio, modalidad, horario y forma de pago antes de reservar tu vacante.""}","PEN/USD","100","5.40","0.30","106.025370","109","PRECIO_BASE_USD_DEFINIDO","data/catalogo-general-cursos.json"
"sistemas-operativos","Sistemas operativos","TW Educa","Desarrollo de software y sistemas","curso","{""precio_peru_igv_soles"":149,""precio_internacional_usd"":85,""precio_mooc_soles"":0,""certificado_desde_soles"":49,""certificado_digital_basico_desde_soles"":19,""certificado_con_evaluacion_desde_soles"":49,""curso_en_vivo_desde_soles"":149,""curso_tecnico_especializado_desde_soles"":149,""programa_especializacion_desde_soles"":null,""capacitacion_institucional_desde_soles"":500,""precio_pago_texto"":""Acceso completo desde S/ 149"",""politica_precio"":""Consulta disponibilidad, fecha de inicio, modalidad, horario y forma de pago antes de reservar tu vacante."",""nota_precio_mooc"":""Consulta disponibilidad, fecha de inicio, modalidad, horario y forma de pago antes de reservar tu vacante.""}","PEN/USD","85","5.40","0.30","90.169134","99","PRECIO_BASE_USD_DEFINIDO","data/catalogo-general-cursos.json"
"telecomunicaciones-y-redes","Telecomunicaciones y redes","TW Educa","Desarrollo de software y sistemas","curso","{""precio_peru_igv_soles"":149,""precio_internacional_usd"":95,""precio_mooc_soles"":0,""certificado_desde_soles"":49,""certificado_digital_basico_desde_soles"":19,""certificado_con_evaluacion_desde_soles"":49,""curso_en_vivo_desde_soles"":149,""curso_tecnico_especializado_desde_soles"":149,""programa_especializacion_desde_soles"":null,""capacitacion_institucional_desde_soles"":500,""precio_pago_texto"":""Acceso completo desde S/ 149"",""politica_precio"":""Consulta disponibilidad, fecha de inicio, modalidad, horario y forma de pago antes de reservar tu vacante."",""nota_precio_mooc"":""Consulta disponibilidad, fecha de inicio, modalidad, horario y forma de pago antes de reservar tu vacante.""}","PEN/USD","95","5.40","0.30","100.739958","109","PRECIO_BASE_USD_DEFINIDO","data/catalogo-general-cursos.json"
"teoria-de-lenguajes-y-compiladores","Teoría de lenguajes y compiladores","TW Educa","Desarrollo de software y sistemas","curso","{""precio_peru_igv_soles"":199,""precio_internacional_usd"":100,""precio_mooc_soles"":0,""certificado_desde_soles"":49,""certificado_digital_basico_desde_soles"":19,""certificado_con_evaluacion_desde_soles"":49,""curso_en_vivo_desde_soles"":199,""curso_tecnico_especializado_desde_soles"":199,""programa_especializacion_desde_soles"":199,""capacitacion_institucional_desde_soles"":500,""precio_pago_texto"":""Acceso completo desde S/ 199"",""politica_precio"":""Consulta disponibilidad, fecha de inicio, modalidad, horario y forma de pago antes de reservar tu vacante."",""nota_precio_mooc"":""Consulta disponibilidad, fecha de inicio, modalidad, horario y forma de pago antes de reservar tu vacante.""}","PEN/USD","100","5.40","0.30","106.025370","109","PRECIO_BASE_USD_DEFINIDO","data/catalogo-general-cursos.json"
"teoria-de-sistemas","Teoría de sistemas","TW Educa","Desarrollo de software y sistemas","curso","{""precio_peru_igv_soles"":99,""precio_internacional_usd"":45,""precio_mooc_soles"":0,""certificado_desde_soles"":49,""certificado_digital_basico_desde_soles"":19,""certificado_con_evaluacion_desde_soles"":49,""curso_en_vivo_desde_soles"":99,""curso_tecnico_especializado_desde_soles"":99,""programa_especializacion_desde_soles"":null,""capacitacion_institucional_desde_soles"":500,""precio_pago_texto"":""Acceso completo desde S/ 99"",""politica_precio"":""Consulta disponibilidad, fecha de inicio, modalidad, horario y forma de pago antes de reservar tu vacante."",""nota_precio_mooc"":""Consulta disponibilidad, fecha de inicio, modalidad, horario y forma de pago antes de reservar tu vacante.""}","PEN/USD","45","5.40","0.30","47.885836","49","PRECIO_BASE_USD_DEFINIDO","data/catalogo-general-cursos.json"
"cableado-estructurado-y-configuracion","Cableado estructurado y configuración","TW Educa","Electrónica industrial, automatización y control","curso","{""precio_peru_igv_soles"":149,""precio_internacional_usd"":75,""precio_mooc_soles"":0,""certificado_desde_soles"":49,""certificado_digital_basico_desde_soles"":19,""certificado_con_evaluacion_desde_soles"":49,""curso_en_vivo_desde_soles"":149,""curso_tecnico_especializado_desde_soles"":149,""programa_especializacion_desde_soles"":null,""capacitacion_institucional_desde_soles"":500,""precio_pago_texto"":""Acceso completo desde S/ 149"",""politica_precio"":""Consulta disponibilidad, fecha de inicio, modalidad, horario y forma de pago antes de reservar tu vacante."",""nota_precio_mooc"":""Consulta disponibilidad, fecha de inicio, modalidad, horario y forma de pago antes de reservar tu vacante.""}","PEN/USD","75","5.40","0.30","79.598309","89","PRECIO_BASE_USD_DEFINIDO","data/catalogo-general-cursos.json"
"comportamiento-etico-profesional","Comportamiento ético profesional","TW Educa","Electrónica industrial, automatización y control","curso","{""precio_peru_igv_soles"":59,""precio_internacional_usd"":20,""precio_mooc_soles"":0,""certificado_desde_soles"":19,""certificado_digital_basico_desde_soles"":19,""certificado_con_evaluacion_desde_soles"":49,""curso_en_vivo_desde_soles"":59,""curso_tecnico_especializado_desde_soles"":59,""programa_especializacion_desde_soles"":null,""capacitacion_institucional_desde_soles"":500,""precio_pago_texto"":""Acceso completo desde S/ 59"",""politica_precio"":""Consulta disponibilidad, fecha de inicio, modalidad, horario y forma de pago antes de reservar tu vacante."",""nota_precio_mooc"":""Consulta disponibilidad, fecha de inicio, modalidad, horario y forma de pago antes de reservar tu vacante.""}","PEN/USD","20","5.40","0.30","21.458774","29","PRECIO_BASE_USD_DEFINIDO","data/catalogo-general-cursos.json"
"comunicaciones-electronicas-i","Comunicaciones electrónicas I","TW Educa","Electrónica industrial, automatización y control","curso","{""precio_peru_igv_soles"":149,""precio_internacional_usd"":95,""precio_mooc_soles"":0,""certificado_desde_soles"":49,""certificado_digital_basico_desde_soles"":19,""certificado_con_evaluacion_desde_soles"":49,""curso_en_vivo_desde_soles"":149,""curso_tecnico_especializado_desde_soles"":149,""programa_especializacion_desde_soles"":null,""capacitacion_institucional_desde_soles"":500,""precio_pago_texto"":""Acceso completo desde S/ 149"",""politica_precio"":""Consulta disponibilidad, fecha de inicio, modalidad, horario y forma de pago antes de reservar tu vacante."",""nota_precio_mooc"":""Consulta disponibilidad, fecha de inicio, modalidad, horario y forma de pago antes de reservar tu vacante.""}","PEN/USD","95","5.40","0.30","100.739958","109","PRECIO_BASE_USD_DEFINIDO","data/catalogo-general-cursos.json"
"comunicaciones-electronicas-ii","Comunicaciones electrónicas II","TW Educa","Electrónica industrial, automatización y control","curso","{""precio_peru_igv_soles"":199,""precio_internacional_usd"":100,""precio_mooc_soles"":0,""certificado_desde_soles"":49,""certificado_digital_basico_desde_soles"":19,""certificado_con_evaluacion_desde_soles"":49,""curso_en_vivo_desde_soles"":199,""curso_tecnico_especializado_desde_soles"":199,""programa_especializacion_desde_soles"":199,""capacitacion_institucional_desde_soles"":500,""precio_pago_texto"":""Acceso completo desde S/ 199"",""politica_precio"":""Consulta disponibilidad, fecha de inicio, modalidad, horario y forma de pago antes de reservar tu vacante."",""nota_precio_mooc"":""Consulta disponibilidad, fecha de inicio, modalidad, horario y forma de pago antes de reservar tu vacante.""}","PEN/USD","100","5.40","0.30","106.025370","109","PRECIO_BASE_USD_DEFINIDO","data/catalogo-general-cursos.json"
"comunicacion-empresarial","Comunicación empresarial","TW Educa","Electrónica industrial, automatización y control","curso","{""precio_peru_igv_soles"":99,""precio_internacional_usd"":30,""precio_mooc_soles"":0,""certificado_desde_soles"":49,""certificado_digital_basico_desde_soles"":19,""certificado_con_evaluacion_desde_soles"":49,""curso_en_vivo_desde_soles"":99,""curso_tecnico_especializado_desde_soles"":99,""programa_especializacion_desde_soles"":null,""capacitacion_institucional_desde_soles"":500,""precio_pago_texto"":""Acceso completo desde S/ 99"",""politica_precio"":""Consulta disponibilidad, fecha de inicio, modalidad, horario y forma de pago antes de reservar tu vacante."",""nota_precio_mooc"":""Consulta disponibilidad, fecha de inicio, modalidad, horario y forma de pago antes de reservar tu vacante.""}","PEN/USD","30","5.40","0.30","32.029599","39","PRECIO_BASE_USD_DEFINIDO","data/catalogo-general-cursos.json"
"comunicacion-interpersonal","Comunicación interpersonal","TW Educa","Electrónica industrial, automatización y control","curso","{""precio_peru_igv_soles"":59,""precio_internacional_usd"":20,""precio_mooc_soles"":0,""certificado_desde_soles"":19,""certificado_digital_basico_desde_soles"":19,""certificado_con_evaluacion_desde_soles"":49,""curso_en_vivo_desde_soles"":59,""curso_tecnico_especializado_desde_soles"":59,""programa_especializacion_desde_soles"":null,""capacitacion_institucional_desde_soles"":500,""precio_pago_texto"":""Acceso completo desde S/ 59"",""politica_precio"":""Consulta disponibilidad, fecha de inicio, modalidad, horario y forma de pago antes de reservar tu vacante."",""nota_precio_mooc"":""Consulta disponibilidad, fecha de inicio, modalidad, horario y forma de pago antes de reservar tu vacante.""}","PEN/USD","20","5.40","0.30","21.458774","29","PRECIO_BASE_USD_DEFINIDO","data/catalogo-general-cursos.json"
"control-de-procesos-industriales","Control de procesos industriales","TW Educa","Electrónica industrial, automatización y control","curso","{""precio_peru_igv_soles"":199,""precio_internacional_usd"":100,""precio_mooc_soles"":0,""certificado_desde_soles"":49,""certificado_digital_basico_desde_soles"":19,""certificado_con_evaluacion_desde_soles"":49,""curso_en_vivo_desde_soles"":199,""curso_tecnico_especializado_desde_soles"":199,""programa_especializacion_desde_soles"":199,""capacitacion_institucional_desde_soles"":500,""precio_pago_texto"":""Acceso completo desde S/ 199"",""politica_precio"":""Consulta disponibilidad, fecha de inicio, modalidad, horario y forma de pago antes de reservar tu vacante."",""nota_precio_mooc"":""Consulta disponibilidad, fecha de inicio, modalidad, horario y forma de pago antes de reservar tu vacante.""}","PEN/USD","100","5.40","0.30","106.025370","109","PRECIO_BASE_USD_DEFINIDO","data/catalogo-general-cursos.json"
"control-electronico-de-motores-industriales","Control electrónico de motores industriales","TW Educa","Electrónica industrial, automatización y control","curso","{""precio_peru_igv_soles"":149,""precio_internacional_usd"":75,""precio_mooc_soles"":0,""certificado_desde_soles"":49,""certificado_digital_basico_desde_soles"":19,""certificado_con_evaluacion_desde_soles"":49,""curso_en_vivo_desde_soles"":149,""curso_tecnico_especializado_desde_soles"":149,""programa_especializacion_desde_soles"":null,""capacitacion_institucional_desde_soles"":500,""precio_pago_texto"":""Acceso completo desde S/ 149"",""politica_precio"":""Consulta disponibilidad, fecha de inicio, modalidad, horario y forma de pago antes de reservar tu vacante."",""nota_precio_mooc"":""Consulta disponibilidad, fecha de inicio, modalidad, horario y forma de pago antes de reservar tu vacante.""}","PEN/USD","75","5.40","0.30","79.598309","89","PRECIO_BASE_USD_DEFINIDO","data/catalogo-general-cursos.json"
"controlador-logico-programable-i","Controlador lógico programable I","TW Educa","Electrónica industrial, automatización y control","curso","{""precio_peru_igv_soles"":149,""precio_internacional_usd"":95,""precio_mooc_soles"":0,""certificado_desde_soles"":49,""certificado_digital_basico_desde_soles"":19,""certificado_con_evaluacion_desde_soles"":49,""curso_en_vivo_desde_soles"":149,""curso_tecnico_especializado_desde_soles"":149,""programa_especializacion_desde_soles"":null,""capacitacion_institucional_desde_soles"":500,""precio_pago_texto"":""Acceso completo desde S/ 149"",""politica_precio"":""Consulta disponibilidad, fecha de inicio, modalidad, horario y forma de pago antes de reservar tu vacante."",""nota_precio_mooc"":""Consulta disponibilidad, fecha de inicio, modalidad, horario y forma de pago antes de reservar tu vacante.""}","PEN/USD","95","5.40","0.30","100.739958","109","PRECIO_BASE_USD_DEFINIDO","data/catalogo-general-cursos.json"
"controlador-logico-programable-ii","Controlador lógico programable II","TW Educa","Electrónica industrial, automatización y control","curso","{""precio_peru_igv_soles"":199,""precio_internacional_usd"":100,""precio_mooc_soles"":0,""certificado_desde_soles"":49,""certificado_digital_basico_desde_soles"":19,""certificado_con_evaluacion_desde_soles"":49,""curso_en_vivo_desde_soles"":199,""curso_tecnico_especializado_desde_soles"":199,""programa_especializacion_desde_soles"":199,""capacitacion_institucional_desde_soles"":500,""precio_pago_texto"":""Acceso completo desde S/ 199"",""politica_precio"":""Consulta disponibilidad, fecha de inicio, modalidad, horario y forma de pago antes de reservar tu vacante."",""nota_precio_mooc"":""Consulta disponibilidad, fecha de inicio, modalidad, horario y forma de pago antes de reservar tu vacante.""}","PEN/USD","100","5.40","0.30","106.025370","109","PRECIO_BASE_USD_DEFINIDO","data/catalogo-general-cursos.json"
"cultura-artistica-y-creatividad-tecnica","Cultura artística y creatividad técnica","TW Educa","Electrónica industrial, automatización y control","curso","{""precio_peru_igv_soles"":59,""precio_internacional_usd"":20,""precio_mooc_soles"":0,""certificado_desde_soles"":19,""certificado_digital_basico_desde_soles"":19,""certificado_con_evaluacion_desde_soles"":49,""curso_en_vivo_desde_soles"":59,""curso_tecnico_especializado_desde_soles"":59,""programa_especializacion_desde_soles"":null,""capacitacion_institucional_desde_soles"":500,""precio_pago_texto"":""Acceso completo desde S/ 59"",""politica_precio"":""Consulta disponibilidad, fecha de inicio, modalidad, horario y forma de pago antes de reservar tu vacante."",""nota_precio_mooc"":""Consulta disponibilidad, fecha de inicio, modalidad, horario y forma de pago antes de reservar tu vacante.""}","PEN/USD","20","5.40","0.30","21.458774","29","PRECIO_BASE_USD_DEFINIDO","data/catalogo-general-cursos.json"
"cultura-fisica-y-deporte-para-formacion-tecnica","Cultura física y deporte para formación técnica","TW Educa","Electrónica industrial, automatización y control","curso","{""precio_peru_igv_soles"":59,""precio_internacional_usd"":20,""precio_mooc_soles"":0,""certificado_desde_soles"":19,""certificado_digital_basico_desde_soles"":19,""certificado_con_evaluacion_desde_soles"":49,""curso_en_vivo_desde_soles"":59,""curso_tecnico_especializado_desde_soles"":59,""programa_especializacion_desde_soles"":null,""capacitacion_institucional_desde_soles"":500,""precio_pago_texto"":""Acceso completo desde S/ 59"",""politica_precio"":""Consulta disponibilidad, fecha de inicio, modalidad, horario y forma de pago antes de reservar tu vacante."",""nota_precio_mooc"":""Consulta disponibilidad, fecha de inicio, modalidad, horario y forma de pago antes de reservar tu vacante.""}","PEN/USD","20","5.40","0.30","21.458774","29","PRECIO_BASE_USD_DEFINIDO","data/catalogo-general-cursos.json"
"diseno-e-instalaciones-electronicas","Diseño e instalaciones electrónicas","TW Educa","Electrónica industrial, automatización y control","curso","{""precio_peru_igv_soles"":149,""precio_internacional_usd"":75,""precio_mooc_soles"":0,""certificado_desde_soles"":49,""certificado_digital_basico_desde_soles"":19,""certificado_con_evaluacion_desde_soles"":49,""curso_en_vivo_desde_soles"":149,""curso_tecnico_especializado_desde_soles"":149,""programa_especializacion_desde_soles"":null,""capacitacion_institucional_desde_soles"":500,""precio_pago_texto"":""Acceso completo desde S/ 149"",""politica_precio"":""Consulta disponibilidad, fecha de inicio, modalidad, horario y forma de pago antes de reservar tu vacante."",""nota_precio_mooc"":""Consulta disponibilidad, fecha de inicio, modalidad, horario y forma de pago antes de reservar tu vacante.""}","PEN/USD","75","5.40","0.30","79.598309","89","PRECIO_BASE_USD_DEFINIDO","data/catalogo-general-cursos.json"
"electrotecnia-general","Electrotecnia general","TW Educa","Electrónica industrial, automatización y control","curso","{""precio_peru_igv_soles"":149,""precio_internacional_usd"":60,""precio_mooc_soles"":0,""certificado_desde_soles"":49,""certificado_digital_basico_desde_soles"":19,""certificado_con_evaluacion_desde_soles"":49,""curso_en_vivo_desde_soles"":149,""curso_tecnico_especializado_desde_soles"":149,""programa_especializacion_desde_soles"":null,""capacitacion_institucional_desde_soles"":500,""precio_pago_texto"":""Acceso completo desde S/ 149"",""politica_precio"":""Consulta disponibilidad, fecha de inicio, modalidad, horario y forma de pago antes de reservar tu vacante."",""nota_precio_mooc"":""Consulta disponibilidad, fecha de inicio, modalidad, horario y forma de pago antes de reservar tu vacante.""}","PEN/USD","60","5.40","0.30","63.742072","69","PRECIO_BASE_USD_DEFINIDO","data/catalogo-general-cursos.json"
"electronica-analogica","Electrónica analógica","TW Educa","Electrónica industrial, automatización y control","curso","{""precio_peru_igv_soles"":149,""precio_internacional_usd"":75,""precio_mooc_soles"":0,""certificado_desde_soles"":49,""certificado_digital_basico_desde_soles"":19,""certificado_con_evaluacion_desde_soles"":49,""curso_en_vivo_desde_soles"":149,""curso_tecnico_especializado_desde_soles"":149,""programa_especializacion_desde_soles"":null,""capacitacion_institucional_desde_soles"":500,""precio_pago_texto"":""Acceso completo desde S/ 149"",""politica_precio"":""Consulta disponibilidad, fecha de inicio, modalidad, horario y forma de pago antes de reservar tu vacante."",""nota_precio_mooc"":""Consulta disponibilidad, fecha de inicio, modalidad, horario y forma de pago antes de reservar tu vacante.""}","PEN/USD","75","5.40","0.30","79.598309","89","PRECIO_BASE_USD_DEFINIDO","data/catalogo-general-cursos.json"
"electronica-de-potencia","Electrónica de potencia","TW Educa","Electrónica industrial, automatización y control","curso","{""precio_peru_igv_soles"":149,""precio_internacional_usd"":95,""precio_mooc_soles"":0,""certificado_desde_soles"":49,""certificado_digital_basico_desde_soles"":19,""certificado_con_evaluacion_desde_soles"":49,""curso_en_vivo_desde_soles"":149,""curso_tecnico_especializado_desde_soles"":149,""programa_especializacion_desde_soles"":null,""capacitacion_institucional_desde_soles"":500,""precio_pago_texto"":""Acceso completo desde S/ 149"",""politica_precio"":""Consulta disponibilidad, fecha de inicio, modalidad, horario y forma de pago antes de reservar tu vacante."",""nota_precio_mooc"":""Consulta disponibilidad, fecha de inicio, modalidad, horario y forma de pago antes de reservar tu vacante.""}","PEN/USD","95","5.40","0.30","100.739958","109","PRECIO_BASE_USD_DEFINIDO","data/catalogo-general-cursos.json"
"estadistica-general","Estadística general","TW Educa","Electrónica industrial, automatización y control","curso","{""precio_peru_igv_soles"":99,""precio_internacional_usd"":40,""precio_mooc_soles"":0,""certificado_desde_soles"":49,""certificado_digital_basico_desde_soles"":19,""certificado_con_evaluacion_desde_soles"":49,""curso_en_vivo_desde_soles"":99,""curso_tecnico_especializado_desde_soles"":99,""programa_especializacion_desde_soles"":null,""capacitacion_institucional_desde_soles"":500,""precio_pago_texto"":""Acceso completo desde S/ 99"",""politica_precio"":""Consulta disponibilidad, fecha de inicio, modalidad, horario y forma de pago antes de reservar tu vacante."",""nota_precio_mooc"":""Consulta disponibilidad, fecha de inicio, modalidad, horario y forma de pago antes de reservar tu vacante.""}","PEN/USD","40","5.40","0.30","42.600423","49","PRECIO_BASE_USD_DEFINIDO","data/catalogo-general-cursos.json"
"fundamentos-de-investigacion-tecnologica","Fundamentos de investigación tecnológica","TW Educa","Electrónica industrial, automatización y control","curso","{""precio_peru_igv_soles"":99,""precio_internacional_usd"":45,""precio_mooc_soles"":0,""certificado_desde_soles"":49,""certificado_digital_basico_desde_soles"":19,""certificado_con_evaluacion_desde_soles"":49,""curso_en_vivo_desde_soles"":99,""curso_tecnico_especializado_desde_soles"":99,""programa_especializacion_desde_soles"":null,""capacitacion_institucional_desde_soles"":500,""precio_pago_texto"":""Acceso completo desde S/ 99"",""politica_precio"":""Consulta disponibilidad, fecha de inicio, modalidad, horario y forma de pago antes de reservar tu vacante."",""nota_precio_mooc"":""Consulta disponibilidad, fecha de inicio, modalidad, horario y forma de pago antes de reservar tu vacante.""}","PEN/USD","45","5.40","0.30","47.885836","49","PRECIO_BASE_USD_DEFINIDO","data/catalogo-general-cursos.json"
"fundamentos-de-robotica","Fundamentos de robótica","TW Educa","Electrónica industrial, automatización y control","curso","{""precio_peru_igv_soles"":149,""precio_internacional_usd"":75,""precio_mooc_soles"":0,""certificado_desde_soles"":49,""certificado_digital_basico_desde_soles"":19,""certificado_con_evaluacion_desde_soles"":49,""curso_en_vivo_desde_soles"":149,""curso_tecnico_especializado_desde_soles"":149,""programa_especializacion_desde_soles"":null,""capacitacion_institucional_desde_soles"":500,""precio_pago_texto"":""Acceso completo desde S/ 149"",""politica_precio"":""Consulta disponibilidad, fecha de inicio, modalidad, horario y forma de pago antes de reservar tu vacante."",""nota_precio_mooc"":""Consulta disponibilidad, fecha de inicio, modalidad, horario y forma de pago antes de reservar tu vacante.""}","PEN/USD","75","5.40","0.30","79.598309","89","PRECIO_BASE_USD_DEFINIDO","data/catalogo-general-cursos.json"
"informatica-e-internet-para-tecnicos","Informática e internet para técnicos","TW Educa","Electrónica industrial, automatización y control","curso","{""precio_peru_igv_soles"":99,""precio_internacional_usd"":30,""precio_mooc_soles"":0,""certificado_desde_soles"":49,""certificado_digital_basico_desde_soles"":19,""certificado_con_evaluacion_desde_soles"":49,""curso_en_vivo_desde_soles"":99,""curso_tecnico_especializado_desde_soles"":99,""programa_especializacion_desde_soles"":null,""capacitacion_institucional_desde_soles"":500,""precio_pago_texto"":""Acceso completo desde S/ 99"",""politica_precio"":""Consulta disponibilidad, fecha de inicio, modalidad, horario y forma de pago antes de reservar tu vacante."",""nota_precio_mooc"":""Consulta disponibilidad, fecha de inicio, modalidad, horario y forma de pago antes de reservar tu vacante.""}","PEN/USD","30","5.40","0.30","32.029599","39","PRECIO_BASE_USD_DEFINIDO","data/catalogo-general-cursos.json"
"instalaciones-electricas","Instalaciones eléctricas","TW Educa","Electrónica industrial, automatización y control","curso","{""precio_peru_igv_soles"":149,""precio_internacional_usd"":60,""precio_mooc_soles"":0,""certificado_desde_soles"":49,""certificado_digital_basico_desde_soles"":19,""certificado_con_evaluacion_desde_soles"":49,""curso_en_vivo_desde_soles"":149,""curso_tecnico_especializado_desde_soles"":149,""programa_especializacion_desde_soles"":null,""capacitacion_institucional_desde_soles"":500,""precio_pago_texto"":""Acceso completo desde S/ 149"",""politica_precio"":""Consulta disponibilidad, fecha de inicio, modalidad, horario y forma de pago antes de reservar tu vacante."",""nota_precio_mooc"":""Consulta disponibilidad, fecha de inicio, modalidad, horario y forma de pago antes de reservar tu vacante.""}","PEN/USD","60","5.40","0.30","63.742072","69","PRECIO_BASE_USD_DEFINIDO","data/catalogo-general-cursos.json"
"instrumentacion-industrial","Instrumentación industrial","TW Educa","Electrónica industrial, automatización y control","curso","{""precio_peru_igv_soles"":149,""precio_internacional_usd"":95,""precio_mooc_soles"":0,""certificado_desde_soles"":49,""certificado_digital_basico_desde_soles"":19,""certificado_con_evaluacion_desde_soles"":49,""curso_en_vivo_desde_soles"":149,""curso_tecnico_especializado_desde_soles"":149,""programa_especializacion_desde_soles"":null,""capacitacion_institucional_desde_soles"":500,""precio_pago_texto"":""Acceso completo desde S/ 149"",""politica_precio"":""Consulta disponibilidad, fecha de inicio, modalidad, horario y forma de pago antes de reservar tu vacante."",""nota_precio_mooc"":""Consulta disponibilidad, fecha de inicio, modalidad, horario y forma de pago antes de reservar tu vacante.""}","PEN/USD","95","5.40","0.30","100.739958","109","PRECIO_BASE_USD_DEFINIDO","data/catalogo-general-cursos.json"
"interpretacion-y-produccion-de-textos-tecnicos","Interpretación y producción de textos técnicos","TW Educa","Electrónica industrial, automatización y control","curso","{""precio_peru_igv_soles"":99,""precio_internacional_usd"":30,""precio_mooc_soles"":0,""certificado_desde_soles"":49,""certificado_digital_basico_desde_soles"":19,""certificado_con_evaluacion_desde_soles"":49,""curso_en_vivo_desde_soles"":99,""curso_tecnico_especializado_desde_soles"":99,""programa_especializacion_desde_soles"":null,""capacitacion_institucional_desde_soles"":500,""precio_pago_texto"":""Acceso completo desde S/ 99"",""politica_precio"":""Consulta disponibilidad, fecha de inicio, modalidad, horario y forma de pago antes de reservar tu vacante."",""nota_precio_mooc"":""Consulta disponibilidad, fecha de inicio, modalidad, horario y forma de pago antes de reservar tu vacante.""}","PEN/USD","30","5.40","0.30","32.029599","39","PRECIO_BASE_USD_DEFINIDO","data/catalogo-general-cursos.json"
"investigacion-e-innovacion-tecnologica","Investigación e innovación tecnológica","TW Educa","Electrónica industrial, automatización y control","curso","{""precio_peru_igv_soles"":99,""precio_internacional_usd"":45,""precio_mooc_soles"":0,""certificado_desde_soles"":49,""certificado_digital_basico_desde_soles"":19,""certificado_con_evaluacion_desde_soles"":49,""curso_en_vivo_desde_soles"":99,""curso_tecnico_especializado_desde_soles"":99,""programa_especializacion_desde_soles"":null,""capacitacion_institucional_desde_soles"":500,""precio_pago_texto"":""Acceso completo desde S/ 99"",""politica_precio"":""Consulta disponibilidad, fecha de inicio, modalidad, horario y forma de pago antes de reservar tu vacante."",""nota_precio_mooc"":""Consulta disponibilidad, fecha de inicio, modalidad, horario y forma de pago antes de reservar tu vacante.""}","PEN/USD","45","5.40","0.30","47.885836","49","PRECIO_BASE_USD_DEFINIDO","data/catalogo-general-cursos.json"
"legislacion-e-insercion-laboral","Legislación e inserción laboral","TW Educa","Electrónica industrial, automatización y control","curso","{""precio_peru_igv_soles"":99,""precio_internacional_usd"":30,""precio_mooc_soles"":0,""certificado_desde_soles"":49,""certificado_digital_basico_desde_soles"":19,""certificado_con_evaluacion_desde_soles"":49,""curso_en_vivo_desde_soles"":99,""curso_tecnico_especializado_desde_soles"":99,""programa_especializacion_desde_soles"":null,""capacitacion_institucional_desde_soles"":500,""precio_pago_texto"":""Acceso completo desde S/ 99"",""politica_precio"":""Consulta disponibilidad, fecha de inicio, modalidad, horario y forma de pago antes de reservar tu vacante."",""nota_precio_mooc"":""Consulta disponibilidad, fecha de inicio, modalidad, horario y forma de pago antes de reservar tu vacante.""}","PEN/USD","30","5.40","0.30","32.029599","39","PRECIO_BASE_USD_DEFINIDO","data/catalogo-general-cursos.json"
"logica-y-funciones","Lógica y funciones","TW Educa","Electrónica industrial, automatización y control","curso","{""precio_peru_igv_soles"":99,""precio_internacional_usd"":30,""precio_mooc_soles"":0,""certificado_desde_soles"":49,""certificado_digital_basico_desde_soles"":19,""certificado_con_evaluacion_desde_soles"":49,""curso_en_vivo_desde_soles"":99,""curso_tecnico_especializado_desde_soles"":99,""programa_especializacion_desde_soles"":null,""capacitacion_institucional_desde_soles"":500,""precio_pago_texto"":""Acceso completo desde S/ 99"",""politica_precio"":""Consulta disponibilidad, fecha de inicio, modalidad, horario y forma de pago antes de reservar tu vacante."",""nota_precio_mooc"":""Consulta disponibilidad, fecha de inicio, modalidad, horario y forma de pago antes de reservar tu vacante.""}","PEN/USD","30","5.40","0.30","32.029599","39","PRECIO_BASE_USD_DEFINIDO","data/catalogo-general-cursos.json"
"medio-ambiente-y-desarrollo-sostenible","Medio ambiente y desarrollo sostenible","TW Educa","Electrónica industrial, automatización y control","curso","{""precio_peru_igv_soles"":99,""precio_internacional_usd"":30,""precio_mooc_soles"":0,""certificado_desde_soles"":49,""certificado_digital_basico_desde_soles"":19,""certificado_con_evaluacion_desde_soles"":49,""curso_en_vivo_desde_soles"":99,""curso_tecnico_especializado_desde_soles"":99,""programa_especializacion_desde_soles"":null,""capacitacion_institucional_desde_soles"":500,""precio_pago_texto"":""Acceso completo desde S/ 99"",""politica_precio"":""Consulta disponibilidad, fecha de inicio, modalidad, horario y forma de pago antes de reservar tu vacante."",""nota_precio_mooc"":""Consulta disponibilidad, fecha de inicio, modalidad, horario y forma de pago antes de reservar tu vacante.""}","PEN/USD","30","5.40","0.30","32.029599","39","PRECIO_BASE_USD_DEFINIDO","data/catalogo-general-cursos.json"
"microcontroladores-i","Microcontroladores I","TW Educa","Electrónica industrial, automatización y control","curso","{""precio_peru_igv_soles"":149,""precio_internacional_usd"":85,""precio_mooc_soles"":0,""certificado_desde_soles"":49,""certificado_digital_basico_desde_soles"":19,""certificado_con_evaluacion_desde_soles"":49,""curso_en_vivo_desde_soles"":149,""curso_tecnico_especializado_desde_soles"":149,""programa_especializacion_desde_soles"":null,""capacitacion_institucional_desde_soles"":500,""precio_pago_texto"":""Acceso completo desde S/ 149"",""politica_precio"":""Consulta disponibilidad, fecha de inicio, modalidad, horario y forma de pago antes de reservar tu vacante."",""nota_precio_mooc"":""Consulta disponibilidad, fecha de inicio, modalidad, horario y forma de pago antes de reservar tu vacante.""}","PEN/USD","85","5.40","0.30","90.169134","99","PRECIO_BASE_USD_DEFINIDO","data/catalogo-general-cursos.json"
"microcontroladores-ii","Microcontroladores II","TW Educa","Electrónica industrial, automatización y control","curso","{""precio_peru_igv_soles"":199,""precio_internacional_usd"":95,""precio_mooc_soles"":0,""certificado_desde_soles"":49,""certificado_digital_basico_desde_soles"":19,""certificado_con_evaluacion_desde_soles"":49,""curso_en_vivo_desde_soles"":199,""curso_tecnico_especializado_desde_soles"":199,""programa_especializacion_desde_soles"":199,""capacitacion_institucional_desde_soles"":500,""precio_pago_texto"":""Acceso completo desde S/ 199"",""politica_precio"":""Consulta disponibilidad, fecha de inicio, modalidad, horario y forma de pago antes de reservar tu vacante."",""nota_precio_mooc"":""Consulta disponibilidad, fecha de inicio, modalidad, horario y forma de pago antes de reservar tu vacante.""}","PEN/USD","95","5.40","0.30","100.739958","109","PRECIO_BASE_USD_DEFINIDO","data/catalogo-general-cursos.json"
"maquinas-electricas-y-tableros-industriales","Máquinas eléctricas y tableros industriales","TW Educa","Electrónica industrial, automatización y control","curso","{""precio_peru_igv_soles"":149,""precio_internacional_usd"":85,""precio_mooc_soles"":0,""certificado_desde_soles"":49,""certificado_digital_basico_desde_soles"":19,""certificado_con_evaluacion_desde_soles"":49,""curso_en_vivo_desde_soles"":149,""curso_tecnico_especializado_desde_soles"":149,""programa_especializacion_desde_soles"":null,""capacitacion_institucional_desde_soles"":500,""precio_pago_texto"":""Acceso completo desde S/ 149"",""politica_precio"":""Consulta disponibilidad, fecha de inicio, modalidad, horario y forma de pago antes de reservar tu vacante."",""nota_precio_mooc"":""Consulta disponibilidad, fecha de inicio, modalidad, horario y forma de pago antes de reservar tu vacante.""}","PEN/USD","85","5.40","0.30","90.169134","99","PRECIO_BASE_USD_DEFINIDO","data/catalogo-general-cursos.json"
"ofimatica-para-tecnicos-y-emprendedores","Ofimática para técnicos y emprendedores","TW Educa","Electrónica industrial, automatización y control","curso","{""precio_peru_igv_soles"":99,""precio_internacional_usd"":30,""precio_mooc_soles"":0,""certificado_desde_soles"":49,""certificado_digital_basico_desde_soles"":19,""certificado_con_evaluacion_desde_soles"":49,""curso_en_vivo_desde_soles"":99,""curso_tecnico_especializado_desde_soles"":99,""programa_especializacion_desde_soles"":null,""capacitacion_institucional_desde_soles"":500,""precio_pago_texto"":""Acceso completo desde S/ 99"",""politica_precio"":""Consulta disponibilidad, fecha de inicio, modalidad, horario y forma de pago antes de reservar tu vacante."",""nota_precio_mooc"":""Consulta disponibilidad, fecha de inicio, modalidad, horario y forma de pago antes de reservar tu vacante.""}","PEN/USD","30","5.40","0.30","32.029599","39","PRECIO_BASE_USD_DEFINIDO","data/catalogo-general-cursos.json"
"proyecto-electronico-i","Proyecto electrónico I","TW Educa","Electrónica industrial, automatización y control","curso","{""precio_peru_igv_soles"":149,""precio_internacional_usd"":95,""precio_mooc_soles"":0,""certificado_desde_soles"":49,""certificado_digital_basico_desde_soles"":19,""certificado_con_evaluacion_desde_soles"":49,""curso_en_vivo_desde_soles"":149,""curso_tecnico_especializado_desde_soles"":149,""programa_especializacion_desde_soles"":null,""capacitacion_institucional_desde_soles"":500,""precio_pago_texto"":""Acceso completo desde S/ 149"",""politica_precio"":""Consulta disponibilidad, fecha de inicio, modalidad, horario y forma de pago antes de reservar tu vacante."",""nota_precio_mooc"":""Consulta disponibilidad, fecha de inicio, modalidad, horario y forma de pago antes de reservar tu vacante.""}","PEN/USD","95","5.40","0.30","100.739958","109","PRECIO_BASE_USD_DEFINIDO","data/catalogo-general-cursos.json"
"proyecto-electronico-ii","Proyecto electrónico II","TW Educa","Electrónica industrial, automatización y control","curso","{""precio_peru_igv_soles"":199,""precio_internacional_usd"":100,""precio_mooc_soles"":0,""certificado_desde_soles"":49,""certificado_digital_basico_desde_soles"":19,""certificado_con_evaluacion_desde_soles"":49,""curso_en_vivo_desde_soles"":199,""curso_tecnico_especializado_desde_soles"":199,""programa_especializacion_desde_soles"":199,""capacitacion_institucional_desde_soles"":500,""precio_pago_texto"":""Acceso completo desde S/ 199"",""politica_precio"":""Consulta disponibilidad, fecha de inicio, modalidad, horario y forma de pago antes de reservar tu vacante."",""nota_precio_mooc"":""Consulta disponibilidad, fecha de inicio, modalidad, horario y forma de pago antes de reservar tu vacante.""}","PEN/USD","100","5.40","0.30","106.025370","109","PRECIO_BASE_USD_DEFINIDO","data/catalogo-general-cursos.json"
"proyectos-de-investigacion-e-innovacion-tecnologica","Proyectos de investigación e innovación tecnológica","TW Educa","Electrónica industrial, automatización y control","curso","{""precio_peru_igv_soles"":149,""precio_internacional_usd"":95,""precio_mooc_soles"":0,""certificado_desde_soles"":49,""certificado_digital_basico_desde_soles"":19,""certificado_con_evaluacion_desde_soles"":49,""curso_en_vivo_desde_soles"":149,""curso_tecnico_especializado_desde_soles"":149,""programa_especializacion_desde_soles"":null,""capacitacion_institucional_desde_soles"":500,""precio_pago_texto"":""Acceso completo desde S/ 149"",""politica_precio"":""Consulta disponibilidad, fecha de inicio, modalidad, horario y forma de pago antes de reservar tu vacante."",""nota_precio_mooc"":""Consulta disponibilidad, fecha de inicio, modalidad, horario y forma de pago antes de reservar tu vacante.""}","PEN/USD","95","5.40","0.30","100.739958","109","PRECIO_BASE_USD_DEFINIDO","data/catalogo-general-cursos.json"
"redes-industriales-i","Redes industriales I","TW Educa","Electrónica industrial, automatización y control","curso","{""precio_peru_igv_soles"":149,""precio_internacional_usd"":95,""precio_mooc_soles"":0,""certificado_desde_soles"":49,""certificado_digital_basico_desde_soles"":19,""certificado_con_evaluacion_desde_soles"":49,""curso_en_vivo_desde_soles"":149,""curso_tecnico_especializado_desde_soles"":149,""programa_especializacion_desde_soles"":null,""capacitacion_institucional_desde_soles"":500,""precio_pago_texto"":""Acceso completo desde S/ 149"",""politica_precio"":""Consulta disponibilidad, fecha de inicio, modalidad, horario y forma de pago antes de reservar tu vacante."",""nota_precio_mooc"":""Consulta disponibilidad, fecha de inicio, modalidad, horario y forma de pago antes de reservar tu vacante.""}","PEN/USD","95","5.40","0.30","100.739958","109","PRECIO_BASE_USD_DEFINIDO","data/catalogo-general-cursos.json"
"redes-industriales-ii","Redes industriales II","TW Educa","Electrónica industrial, automatización y control","curso","{""precio_peru_igv_soles"":199,""precio_internacional_usd"":100,""precio_mooc_soles"":0,""certificado_desde_soles"":49,""certificado_digital_basico_desde_soles"":19,""certificado_con_evaluacion_desde_soles"":49,""curso_en_vivo_desde_soles"":199,""curso_tecnico_especializado_desde_soles"":199,""programa_especializacion_desde_soles"":199,""capacitacion_institucional_desde_soles"":500,""precio_pago_texto"":""Acceso completo desde S/ 199"",""politica_precio"":""Consulta disponibilidad, fecha de inicio, modalidad, horario y forma de pago antes de reservar tu vacante."",""nota_precio_mooc"":""Consulta disponibilidad, fecha de inicio, modalidad, horario y forma de pago antes de reservar tu vacante.""}","PEN/USD","100","5.40","0.30","106.025370","109","PRECIO_BASE_USD_DEFINIDO","data/catalogo-general-cursos.json"
"sistemas-de-mando-neumatico-e-hidraulico","Sistemas de mando neumático e hidráulico","TW Educa","Electrónica industrial, automatización y control","curso","{""precio_peru_igv_soles"":149,""precio_internacional_usd"":75,""precio_mooc_soles"":0,""certificado_desde_soles"":49,""certificado_digital_basico_desde_soles"":19,""certificado_con_evaluacion_desde_soles"":49,""curso_en_vivo_desde_soles"":149,""curso_tecnico_especializado_desde_soles"":149,""programa_especializacion_desde_soles"":null,""capacitacion_institucional_desde_soles"":500,""precio_pago_texto"":""Acceso completo desde S/ 149"",""politica_precio"":""Consulta disponibilidad, fecha de inicio, modalidad, horario y forma de pago antes de reservar tu vacante."",""nota_precio_mooc"":""Consulta disponibilidad, fecha de inicio, modalidad, horario y forma de pago antes de reservar tu vacante.""}","PEN/USD","75","5.40","0.30","79.598309","89","PRECIO_BASE_USD_DEFINIDO","data/catalogo-general-cursos.json"
"sistemas-digitales-para-electronica-industrial","Sistemas digitales para electrónica industrial","TW Educa","Electrónica industrial, automatización y control","curso","{""precio_peru_igv_soles"":149,""precio_internacional_usd"":75,""precio_mooc_soles"":0,""certificado_desde_soles"":49,""certificado_digital_basico_desde_soles"":19,""certificado_con_evaluacion_desde_soles"":49,""curso_en_vivo_desde_soles"":149,""curso_tecnico_especializado_desde_soles"":149,""programa_especializacion_desde_soles"":null,""capacitacion_institucional_desde_soles"":500,""precio_pago_texto"":""Acceso completo desde S/ 149"",""politica_precio"":""Consulta disponibilidad, fecha de inicio, modalidad, horario y forma de pago antes de reservar tu vacante."",""nota_precio_mooc"":""Consulta disponibilidad, fecha de inicio, modalidad, horario y forma de pago antes de reservar tu vacante.""}","PEN/USD","75","5.40","0.30","79.598309","89","PRECIO_BASE_USD_DEFINIDO","data/catalogo-general-cursos.json"
"sociedad-y-economia-en-la-globalizacion","Sociedad y economía en la globalización","TW Educa","Electrónica industrial, automatización y control","curso","{""precio_peru_igv_soles"":99,""precio_internacional_usd"":30,""precio_mooc_soles"":0,""certificado_desde_soles"":49,""certificado_digital_basico_desde_soles"":19,""certificado_con_evaluacion_desde_soles"":49,""curso_en_vivo_desde_soles"":99,""curso_tecnico_especializado_desde_soles"":99,""programa_especializacion_desde_soles"":null,""capacitacion_institucional_desde_soles"":500,""precio_pago_texto"":""Acceso completo desde S/ 99"",""politica_precio"":""Consulta disponibilidad, fecha de inicio, modalidad, horario y forma de pago antes de reservar tu vacante."",""nota_precio_mooc"":""Consulta disponibilidad, fecha de inicio, modalidad, horario y forma de pago antes de reservar tu vacante.""}","PEN/USD","30","5.40","0.30","32.029599","39","PRECIO_BASE_USD_DEFINIDO","data/catalogo-general-cursos.json"
"tecnicas-de-comunicacion-para-tecnicos","Técnicas de comunicación para técnicos","TW Educa","Electrónica industrial, automatización y control","curso","{""precio_peru_igv_soles"":99,""precio_internacional_usd"":30,""precio_mooc_soles"":0,""certificado_desde_soles"":49,""certificado_digital_basico_desde_soles"":19,""certificado_con_evaluacion_desde_soles"":49,""curso_en_vivo_desde_soles"":99,""curso_tecnico_especializado_desde_soles"":99,""programa_especializacion_desde_soles"":null,""capacitacion_institucional_desde_soles"":500,""precio_pago_texto"":""Acceso completo desde S/ 99"",""politica_precio"":""Consulta disponibilidad, fecha de inicio, modalidad, horario y forma de pago antes de reservar tu vacante."",""nota_precio_mooc"":""Consulta disponibilidad, fecha de inicio, modalidad, horario y forma de pago antes de reservar tu vacante.""}","PEN/USD","30","5.40","0.30","32.029599","39","PRECIO_BASE_USD_DEFINIDO","data/catalogo-general-cursos.json"
"qgis-basico","QGIS Básico","TW Educa","GIS y geomática","curso","{""precio_peru_igv_soles"":99,""precio_internacional_usd"":50,""precio_mooc_soles"":0,""certificado_desde_soles"":49,""certificado_digital_basico_desde_soles"":19,""certificado_con_evaluacion_desde_soles"":49,""curso_en_vivo_desde_soles"":99,""curso_tecnico_especializado_desde_soles"":99,""programa_especializacion_desde_soles"":null,""capacitacion_institucional_desde_soles"":500,""precio_pago_texto"":""Acceso completo desde S/ 99"",""politica_precio"":""Consulta disponibilidad, fecha de inicio, modalidad, horario y forma de pago antes de reservar tu vacante."",""nota_precio_mooc"":""Consulta disponibilidad, fecha de inicio, modalidad, horario y forma de pago antes de reservar tu vacante.""}","PEN/USD","50","5.40","0.30","53.171248","59","PRECIO_BASE_USD_DEFINIDO","data/catalogo-general-cursos.json"
"qgis-aplicado-a-cuencas-hidrograficas","QGIS aplicado a cuencas hidrográficas","TW Educa","GIS y geomática","curso","{""precio_peru_igv_soles"":99,""precio_internacional_usd"":60,""precio_mooc_soles"":0,""certificado_desde_soles"":49,""certificado_digital_basico_desde_soles"":19,""certificado_con_evaluacion_desde_soles"":49,""curso_en_vivo_desde_soles"":99,""curso_tecnico_especializado_desde_soles"":99,""programa_especializacion_desde_soles"":null,""capacitacion_institucional_desde_soles"":500,""precio_pago_texto"":""Acceso completo desde S/ 99"",""politica_precio"":""Consulta disponibilidad, fecha de inicio, modalidad, horario y forma de pago antes de reservar tu vacante."",""nota_precio_mooc"":""Consulta disponibilidad, fecha de inicio, modalidad, horario y forma de pago antes de reservar tu vacante.""}","PEN/USD","60","5.40","0.30","63.742072","69","PRECIO_BASE_USD_DEFINIDO","data/catalogo-general-cursos.json"
"aplicaciones-de-negocios-electronicos","Aplicaciones de negocios electrónicos","TW Educa","Gestión tecnológica e investigación","curso","{""precio_peru_igv_soles"":149,""precio_internacional_usd"":75,""precio_mooc_soles"":0,""certificado_desde_soles"":49,""certificado_digital_basico_desde_soles"":19,""certificado_con_evaluacion_desde_soles"":49,""curso_en_vivo_desde_soles"":149,""curso_tecnico_especializado_desde_soles"":149,""programa_especializacion_desde_soles"":null,""capacitacion_institucional_desde_soles"":500,""precio_pago_texto"":""Acceso completo desde S/ 149"",""politica_precio"":""Consulta disponibilidad, fecha de inicio, modalidad, horario y forma de pago antes de reservar tu vacante."",""nota_precio_mooc"":""Consulta disponibilidad, fecha de inicio, modalidad, horario y forma de pago antes de reservar tu vacante.""}","PEN/USD","75","5.40","0.30","79.598309","89","PRECIO_BASE_USD_DEFINIDO","data/catalogo-general-cursos.json"
"articulo-cientifico-para-ingenieria","Artículo científico para ingeniería","TW Educa","Gestión tecnológica e investigación","curso","{""precio_peru_igv_soles"":99,""precio_internacional_usd"":55,""precio_mooc_soles"":0,""certificado_desde_soles"":49,""certificado_digital_basico_desde_soles"":19,""certificado_con_evaluacion_desde_soles"":49,""curso_en_vivo_desde_soles"":99,""curso_tecnico_especializado_desde_soles"":99,""programa_especializacion_desde_soles"":null,""capacitacion_institucional_desde_soles"":500,""precio_pago_texto"":""Acceso completo desde S/ 99"",""politica_precio"":""Consulta disponibilidad, fecha de inicio, modalidad, horario y forma de pago antes de reservar tu vacante."",""nota_precio_mooc"":""Consulta disponibilidad, fecha de inicio, modalidad, horario y forma de pago antes de reservar tu vacante.""}","PEN/USD","55","5.40","0.30","58.456660","59","PRECIO_BASE_USD_DEFINIDO","data/catalogo-general-cursos.json"
"costos-y-presupuesto-para-proyectos-tecnologicos","Costos y presupuesto para proyectos tecnológicos","TW Educa","Gestión tecnológica e investigación","curso","{""precio_peru_igv_soles"":99,""precio_internacional_usd"":45,""precio_mooc_soles"":0,""certificado_desde_soles"":49,""certificado_digital_basico_desde_soles"":19,""certificado_con_evaluacion_desde_soles"":49,""curso_en_vivo_desde_soles"":99,""curso_tecnico_especializado_desde_soles"":99,""programa_especializacion_desde_soles"":null,""capacitacion_institucional_desde_soles"":500,""precio_pago_texto"":""Acceso completo desde S/ 99"",""politica_precio"":""Consulta disponibilidad, fecha de inicio, modalidad, horario y forma de pago antes de reservar tu vacante."",""nota_precio_mooc"":""Consulta disponibilidad, fecha de inicio, modalidad, horario y forma de pago antes de reservar tu vacante.""}","PEN/USD","45","5.40","0.30","47.885836","49","PRECIO_BASE_USD_DEFINIDO","data/catalogo-general-cursos.json"
"diseno-y-gestion-de-procesos-organizacionales","Diseño y gestión de procesos organizacionales","TW Educa","Gestión tecnológica e investigación","curso","{""precio_peru_igv_soles"":149,""precio_internacional_usd"":75,""precio_mooc_soles"":0,""certificado_desde_soles"":49,""certificado_digital_basico_desde_soles"":19,""certificado_con_evaluacion_desde_soles"":49,""curso_en_vivo_desde_soles"":149,""curso_tecnico_especializado_desde_soles"":149,""programa_especializacion_desde_soles"":null,""capacitacion_institucional_desde_soles"":500,""precio_pago_texto"":""Acceso completo desde S/ 149"",""politica_precio"":""Consulta disponibilidad, fecha de inicio, modalidad, horario y forma de pago antes de reservar tu vacante."",""nota_precio_mooc"":""Consulta disponibilidad, fecha de inicio, modalidad, horario y forma de pago antes de reservar tu vacante.""}","PEN/USD","75","5.40","0.30","79.598309","89","PRECIO_BASE_USD_DEFINIDO","data/catalogo-general-cursos.json"
"estadistica-para-investigacion-cientifica","Estadística para investigación científica","TW Educa","Gestión tecnológica e investigación","curso","{""precio_peru_igv_soles"":149,""precio_internacional_usd"":70,""precio_mooc_soles"":0,""certificado_desde_soles"":49,""certificado_digital_basico_desde_soles"":19,""certificado_con_evaluacion_desde_soles"":49,""curso_en_vivo_desde_soles"":149,""curso_tecnico_especializado_desde_soles"":149,""programa_especializacion_desde_soles"":null,""capacitacion_institucional_desde_soles"":500,""precio_pago_texto"":""Acceso completo desde S/ 149"",""politica_precio"":""Consulta disponibilidad, fecha de inicio, modalidad, horario y forma de pago antes de reservar tu vacante."",""nota_precio_mooc"":""Consulta disponibilidad, fecha de inicio, modalidad, horario y forma de pago antes de reservar tu vacante.""}","PEN/USD","70","5.40","0.30","74.312897","79","PRECIO_BASE_USD_DEFINIDO","data/catalogo-general-cursos.json"
"formulacion-y-evaluacion-de-proyectos-de-inversion","Formulación y evaluación de proyectos de inversión","TW Educa","Gestión tecnológica e investigación","curso","{""precio_peru_igv_soles"":149,""precio_internacional_usd"":75,""precio_mooc_soles"":0,""certificado_desde_soles"":49,""certificado_digital_basico_desde_soles"":19,""certificado_con_evaluacion_desde_soles"":49,""curso_en_vivo_desde_soles"":149,""curso_tecnico_especializado_desde_soles"":149,""programa_especializacion_desde_soles"":null,""capacitacion_institucional_desde_soles"":500,""precio_pago_texto"":""Acceso completo desde S/ 149"",""politica_precio"":""Consulta disponibilidad, fecha de inicio, modalidad, horario y forma de pago antes de reservar tu vacante."",""nota_precio_mooc"":""Consulta disponibilidad, fecha de inicio, modalidad, horario y forma de pago antes de reservar tu vacante.""}","PEN/USD","75","5.40","0.30","79.598309","89","PRECIO_BASE_USD_DEFINIDO","data/catalogo-general-cursos.json"
"gestion-de-procesos-tecnologicos","Gestión de procesos tecnológicos","TW Educa","Gestión tecnológica e investigación","curso","{""precio_peru_igv_soles"":149,""precio_internacional_usd"":75,""precio_mooc_soles"":0,""certificado_desde_soles"":49,""certificado_digital_basico_desde_soles"":19,""certificado_con_evaluacion_desde_soles"":49,""curso_en_vivo_desde_soles"":149,""curso_tecnico_especializado_desde_soles"":149,""programa_especializacion_desde_soles"":null,""capacitacion_institucional_desde_soles"":500,""precio_pago_texto"":""Acceso completo desde S/ 149"",""politica_precio"":""Consulta disponibilidad, fecha de inicio, modalidad, horario y forma de pago antes de reservar tu vacante."",""nota_precio_mooc"":""Consulta disponibilidad, fecha de inicio, modalidad, horario y forma de pago antes de reservar tu vacante.""}","PEN/USD","75","5.40","0.30","79.598309","89","PRECIO_BASE_USD_DEFINIDO","data/catalogo-general-cursos.json"
"gestion-del-conocimiento","Gestión del conocimiento","TW Educa","Gestión tecnológica e investigación","curso","{""precio_peru_igv_soles"":99,""precio_internacional_usd"":55,""precio_mooc_soles"":0,""certificado_desde_soles"":49,""certificado_digital_basico_desde_soles"":19,""certificado_con_evaluacion_desde_soles"":49,""curso_en_vivo_desde_soles"":99,""curso_tecnico_especializado_desde_soles"":99,""programa_especializacion_desde_soles"":null,""capacitacion_institucional_desde_soles"":500,""precio_pago_texto"":""Acceso completo desde S/ 99"",""politica_precio"":""Consulta disponibilidad, fecha de inicio, modalidad, horario y forma de pago antes de reservar tu vacante."",""nota_precio_mooc"":""Consulta disponibilidad, fecha de inicio, modalidad, horario y forma de pago antes de reservar tu vacante.""}","PEN/USD","55","5.40","0.30","58.456660","59","PRECIO_BASE_USD_DEFINIDO","data/catalogo-general-cursos.json"
"ingenieria-economica-y-financiera","Ingeniería económica y financiera","TW Educa","Gestión tecnológica e investigación","curso","{""precio_peru_igv_soles"":99,""precio_internacional_usd"":55,""precio_mooc_soles"":0,""certificado_desde_soles"":49,""certificado_digital_basico_desde_soles"":19,""certificado_con_evaluacion_desde_soles"":49,""curso_en_vivo_desde_soles"":99,""curso_tecnico_especializado_desde_soles"":99,""programa_especializacion_desde_soles"":null,""capacitacion_institucional_desde_soles"":500,""precio_pago_texto"":""Acceso completo desde S/ 99"",""politica_precio"":""Consulta disponibilidad, fecha de inicio, modalidad, horario y forma de pago antes de reservar tu vacante."",""nota_precio_mooc"":""Consulta disponibilidad, fecha de inicio, modalidad, horario y forma de pago antes de reservar tu vacante.""}","PEN/USD","55","5.40","0.30","58.456660","59","PRECIO_BASE_USD_DEFINIDO","data/catalogo-general-cursos.json"
"inteligencia-de-negocios","Inteligencia de negocios","TW Educa","Gestión tecnológica e investigación","curso","{""precio_peru_igv_soles"":149,""precio_internacional_usd"":110,""precio_mooc_soles"":0,""certificado_desde_soles"":49,""certificado_digital_basico_desde_soles"":19,""certificado_con_evaluacion_desde_soles"":49,""curso_en_vivo_desde_soles"":149,""curso_tecnico_especializado_desde_soles"":149,""programa_especializacion_desde_soles"":null,""capacitacion_institucional_desde_soles"":500,""precio_pago_texto"":""Acceso completo desde S/ 149"",""politica_precio"":""Consulta disponibilidad, fecha de inicio, modalidad, horario y forma de pago antes de reservar tu vacante."",""nota_precio_mooc"":""Consulta disponibilidad, fecha de inicio, modalidad, horario y forma de pago antes de reservar tu vacante.""}","PEN/USD","110","5.40","0.30","116.596195","119","PRECIO_BASE_USD_DEFINIDO","data/catalogo-general-cursos.json"
"investigacion-de-operaciones","Investigación de operaciones","TW Educa","Gestión tecnológica e investigación","curso","{""precio_peru_igv_soles"":149,""precio_internacional_usd"":85,""precio_mooc_soles"":0,""certificado_desde_soles"":49,""certificado_digital_basico_desde_soles"":19,""certificado_con_evaluacion_desde_soles"":49,""curso_en_vivo_desde_soles"":149,""curso_tecnico_especializado_desde_soles"":149,""programa_especializacion_desde_soles"":null,""capacitacion_institucional_desde_soles"":500,""precio_pago_texto"":""Acceso completo desde S/ 149"",""politica_precio"":""Consulta disponibilidad, fecha de inicio, modalidad, horario y forma de pago antes de reservar tu vacante."",""nota_precio_mooc"":""Consulta disponibilidad, fecha de inicio, modalidad, horario y forma de pago antes de reservar tu vacante.""}","PEN/USD","85","5.40","0.30","90.169134","99","PRECIO_BASE_USD_DEFINIDO","data/catalogo-general-cursos.json"
"modelo-de-procesos-organizacionales","Modelo de procesos organizacionales","TW Educa","Gestión tecnológica e investigación","curso","{""precio_peru_igv_soles"":149,""precio_internacional_usd"":75,""precio_mooc_soles"":0,""certificado_desde_soles"":49,""certificado_digital_basico_desde_soles"":19,""certificado_con_evaluacion_desde_soles"":49,""curso_en_vivo_desde_soles"":149,""curso_tecnico_especializado_desde_soles"":149,""programa_especializacion_desde_soles"":null,""capacitacion_institucional_desde_soles"":500,""precio_pago_texto"":""Acceso completo desde S/ 149"",""politica_precio"":""Consulta disponibilidad, fecha de inicio, modalidad, horario y forma de pago antes de reservar tu vacante."",""nota_precio_mooc"":""Consulta disponibilidad, fecha de inicio, modalidad, horario y forma de pago antes de reservar tu vacante.""}","PEN/USD","75","5.40","0.30","79.598309","89","PRECIO_BASE_USD_DEFINIDO","data/catalogo-general-cursos.json"
"sistema-de-gestion-de-calidad","Sistema de gestión de calidad","TW Educa","Gestión tecnológica e investigación","curso","{""precio_peru_igv_soles"":99,""precio_internacional_usd"":55,""precio_mooc_soles"":0,""certificado_desde_soles"":49,""certificado_digital_basico_desde_soles"":19,""certificado_con_evaluacion_desde_soles"":49,""curso_en_vivo_desde_soles"":99,""curso_tecnico_especializado_desde_soles"":99,""programa_especializacion_desde_soles"":null,""capacitacion_institucional_desde_soles"":500,""precio_pago_texto"":""Acceso completo desde S/ 99"",""politica_precio"":""Consulta disponibilidad, fecha de inicio, modalidad, horario y forma de pago antes de reservar tu vacante."",""nota_precio_mooc"":""Consulta disponibilidad, fecha de inicio, modalidad, horario y forma de pago antes de reservar tu vacante.""}","PEN/USD","55","5.40","0.30","58.456660","59","PRECIO_BASE_USD_DEFINIDO","data/catalogo-general-cursos.json"
"teoria-de-la-informacion-y-codificacion","Teoría de la información y codificación","TW Educa","Gestión tecnológica e investigación","curso","{""precio_peru_igv_soles"":99,""precio_internacional_usd"":45,""precio_mooc_soles"":0,""certificado_desde_soles"":49,""certificado_digital_basico_desde_soles"":19,""certificado_con_evaluacion_desde_soles"":49,""curso_en_vivo_desde_soles"":99,""curso_tecnico_especializado_desde_soles"":99,""programa_especializacion_desde_soles"":null,""capacitacion_institucional_desde_soles"":500,""precio_pago_texto"":""Acceso completo desde S/ 99"",""politica_precio"":""Consulta disponibilidad, fecha de inicio, modalidad, horario y forma de pago antes de reservar tu vacante."",""nota_precio_mooc"":""Consulta disponibilidad, fecha de inicio, modalidad, horario y forma de pago antes de reservar tu vacante.""}","PEN/USD","45","5.40","0.30","47.885836","49","PRECIO_BASE_USD_DEFINIDO","data/catalogo-general-cursos.json"
"tesis-i-formulacion-de-proyecto-de-investigacion","Tesis I: formulación de proyecto de investigación","TW Educa","Gestión tecnológica e investigación","curso","{""precio_peru_igv_soles"":149,""precio_internacional_usd"":75,""precio_mooc_soles"":0,""certificado_desde_soles"":49,""certificado_digital_basico_desde_soles"":19,""certificado_con_evaluacion_desde_soles"":49,""curso_en_vivo_desde_soles"":149,""curso_tecnico_especializado_desde_soles"":149,""programa_especializacion_desde_soles"":null,""capacitacion_institucional_desde_soles"":500,""precio_pago_texto"":""Acceso completo desde S/ 149"",""politica_precio"":""Consulta disponibilidad, fecha de inicio, modalidad, horario y forma de pago antes de reservar tu vacante."",""nota_precio_mooc"":""Consulta disponibilidad, fecha de inicio, modalidad, horario y forma de pago antes de reservar tu vacante.""}","PEN/USD","75","5.40","0.30","79.598309","89","PRECIO_BASE_USD_DEFINIDO","data/catalogo-general-cursos.json"
"tesis-ii-desarrollo-metodologico","Tesis II: desarrollo metodológico","TW Educa","Gestión tecnológica e investigación","curso","{""precio_peru_igv_soles"":149,""precio_internacional_usd"":75,""precio_mooc_soles"":0,""certificado_desde_soles"":49,""certificado_digital_basico_desde_soles"":19,""certificado_con_evaluacion_desde_soles"":49,""curso_en_vivo_desde_soles"":149,""curso_tecnico_especializado_desde_soles"":149,""programa_especializacion_desde_soles"":null,""capacitacion_institucional_desde_soles"":500,""precio_pago_texto"":""Acceso completo desde S/ 149"",""politica_precio"":""Consulta disponibilidad, fecha de inicio, modalidad, horario y forma de pago antes de reservar tu vacante."",""nota_precio_mooc"":""Consulta disponibilidad, fecha de inicio, modalidad, horario y forma de pago antes de reservar tu vacante.""}","PEN/USD","75","5.40","0.30","79.598309","89","PRECIO_BASE_USD_DEFINIDO","data/catalogo-general-cursos.json"
"tesis-iii-articulo-y-sustentacion","Tesis III: artículo y sustentación","TW Educa","Gestión tecnológica e investigación","curso","{""precio_peru_igv_soles"":149,""precio_internacional_usd"":75,""precio_mooc_soles"":0,""certificado_desde_soles"":49,""certificado_digital_basico_desde_soles"":19,""certificado_con_evaluacion_desde_soles"":49,""curso_en_vivo_desde_soles"":149,""curso_tecnico_especializado_desde_soles"":149,""programa_especializacion_desde_soles"":null,""capacitacion_institucional_desde_soles"":500,""precio_pago_texto"":""Acceso completo desde S/ 149"",""politica_precio"":""Consulta disponibilidad, fecha de inicio, modalidad, horario y forma de pago antes de reservar tu vacante."",""nota_precio_mooc"":""Consulta disponibilidad, fecha de inicio, modalidad, horario y forma de pago antes de reservar tu vacante.""}","PEN/USD","75","5.40","0.30","79.598309","89","PRECIO_BASE_USD_DEFINIDO","data/catalogo-general-cursos.json"
"programacion-hp-50g-para-ingenieria","Programación HP 50G para ingeniería","TW Educa","Herramientas de ingeniería","curso","{""precio_peru_igv_soles"":99,""precio_internacional_usd"":40,""precio_mooc_soles"":0,""certificado_desde_soles"":49,""certificado_digital_basico_desde_soles"":19,""certificado_con_evaluacion_desde_soles"":49,""curso_en_vivo_desde_soles"":99,""curso_tecnico_especializado_desde_soles"":99,""programa_especializacion_desde_soles"":null,""capacitacion_institucional_desde_soles"":500,""precio_pago_texto"":""Acceso completo desde S/ 99"",""politica_precio"":""Consulta disponibilidad, fecha de inicio, modalidad, horario y forma de pago antes de reservar tu vacante."",""nota_precio_mooc"":""Consulta disponibilidad, fecha de inicio, modalidad, horario y forma de pago antes de reservar tu vacante.""}","PEN/USD","40","5.40","0.30","42.600423","49","PRECIO_BASE_USD_DEFINIDO","data/catalogo-general-cursos.json"
"abastecimiento-de-agua-y-alcantarillado","Abastecimiento de agua y alcantarillado","TW Educa","Ingeniería mecánica de fluidos, energía y recursos hídricos","curso","{""precio_peru_igv_soles"":149,""precio_internacional_usd"":100,""precio_mooc_soles"":0,""certificado_desde_soles"":49,""certificado_digital_basico_desde_soles"":19,""certificado_con_evaluacion_desde_soles"":49,""curso_en_vivo_desde_soles"":149,""curso_tecnico_especializado_desde_soles"":149,""programa_especializacion_desde_soles"":null,""capacitacion_institucional_desde_soles"":500,""precio_pago_texto"":""Acceso completo desde S/ 149"",""politica_precio"":""Consulta disponibilidad, fecha de inicio, modalidad, horario y forma de pago antes de reservar tu vacante."",""nota_precio_mooc"":""Consulta disponibilidad, fecha de inicio, modalidad, horario y forma de pago antes de reservar tu vacante.""}","PEN/USD","100","5.40","0.30","106.025370","109","PRECIO_BASE_USD_DEFINIDO","data/catalogo-general-cursos.json"
"aerodinamica-i","Aerodinámica I","TW Educa","Ingeniería mecánica de fluidos, energía y recursos hídricos","curso","{""precio_peru_igv_soles"":199,""precio_internacional_usd"":100,""precio_mooc_soles"":0,""certificado_desde_soles"":49,""certificado_digital_basico_desde_soles"":19,""certificado_con_evaluacion_desde_soles"":49,""curso_en_vivo_desde_soles"":199,""curso_tecnico_especializado_desde_soles"":199,""programa_especializacion_desde_soles"":199,""capacitacion_institucional_desde_soles"":500,""precio_pago_texto"":""Acceso completo desde S/ 199"",""politica_precio"":""Consulta disponibilidad, fecha de inicio, modalidad, horario y forma de pago antes de reservar tu vacante."",""nota_precio_mooc"":""Consulta disponibilidad, fecha de inicio, modalidad, horario y forma de pago antes de reservar tu vacante.""}","PEN/USD","100","5.40","0.30","106.025370","109","PRECIO_BASE_USD_DEFINIDO","data/catalogo-general-cursos.json"
"aerodinamica-ii","Aerodinámica II","TW Educa","Ingeniería mecánica de fluidos, energía y recursos hídricos","curso","{""precio_peru_igv_soles"":199,""precio_internacional_usd"":110,""precio_mooc_soles"":0,""certificado_desde_soles"":49,""certificado_digital_basico_desde_soles"":19,""certificado_con_evaluacion_desde_soles"":49,""curso_en_vivo_desde_soles"":199,""curso_tecnico_especializado_desde_soles"":199,""programa_especializacion_desde_soles"":199,""capacitacion_institucional_desde_soles"":500,""precio_pago_texto"":""Acceso completo desde S/ 199"",""politica_precio"":""Consulta disponibilidad, fecha de inicio, modalidad, horario y forma de pago antes de reservar tu vacante."",""nota_precio_mooc"":""Consulta disponibilidad, fecha de inicio, modalidad, horario y forma de pago antes de reservar tu vacante.""}","PEN/USD","110","5.40","0.30","116.596195","119","PRECIO_BASE_USD_DEFINIDO","data/catalogo-general-cursos.json"
"aerodinamica-de-construcciones","Aerodinámica de construcciones","TW Educa","Ingeniería mecánica de fluidos, energía y recursos hídricos","curso","{""precio_peru_igv_soles"":199,""precio_internacional_usd"":95,""precio_mooc_soles"":0,""certificado_desde_soles"":49,""certificado_digital_basico_desde_soles"":19,""certificado_con_evaluacion_desde_soles"":49,""curso_en_vivo_desde_soles"":199,""curso_tecnico_especializado_desde_soles"":199,""programa_especializacion_desde_soles"":199,""capacitacion_institucional_desde_soles"":500,""precio_pago_texto"":""Acceso completo desde S/ 199"",""politica_precio"":""Consulta disponibilidad, fecha de inicio, modalidad, horario y forma de pago antes de reservar tu vacante."",""nota_precio_mooc"":""Consulta disponibilidad, fecha de inicio, modalidad, horario y forma de pago antes de reservar tu vacante.""}","PEN/USD","95","5.40","0.30","100.739958","109","PRECIO_BASE_USD_DEFINIDO","data/catalogo-general-cursos.json"
"analisis-estructural","Análisis estructural","TW Educa","Ingeniería mecánica de fluidos, energía y recursos hídricos","curso","{""precio_peru_igv_soles"":199,""precio_internacional_usd"":100,""precio_mooc_soles"":0,""certificado_desde_soles"":49,""certificado_digital_basico_desde_soles"":19,""certificado_con_evaluacion_desde_soles"":49,""curso_en_vivo_desde_soles"":199,""curso_tecnico_especializado_desde_soles"":199,""programa_especializacion_desde_soles"":199,""capacitacion_institucional_desde_soles"":500,""precio_pago_texto"":""Acceso completo desde S/ 199"",""politica_precio"":""Consulta disponibilidad, fecha de inicio, modalidad, horario y forma de pago antes de reservar tu vacante."",""nota_precio_mooc"":""Consulta disponibilidad, fecha de inicio, modalidad, horario y forma de pago antes de reservar tu vacante.""}","PEN/USD","100","5.40","0.30","106.025370","109","PRECIO_BASE_USD_DEFINIDO","data/catalogo-general-cursos.json"
"analisis-vectorial-y-tensorial","Análisis vectorial y tensorial","TW Educa","Ingeniería mecánica de fluidos, energía y recursos hídricos","curso","{""precio_peru_igv_soles"":199,""precio_internacional_usd"":95,""precio_mooc_soles"":0,""certificado_desde_soles"":49,""certificado_digital_basico_desde_soles"":19,""certificado_con_evaluacion_desde_soles"":49,""curso_en_vivo_desde_soles"":199,""curso_tecnico_especializado_desde_soles"":199,""programa_especializacion_desde_soles"":199,""capacitacion_institucional_desde_soles"":500,""precio_pago_texto"":""Acceso completo desde S/ 199"",""politica_precio"":""Consulta disponibilidad, fecha de inicio, modalidad, horario y forma de pago antes de reservar tu vacante."",""nota_precio_mooc"":""Consulta disponibilidad, fecha de inicio, modalidad, horario y forma de pago antes de reservar tu vacante.""}","PEN/USD","95","5.40","0.30","100.739958","109","PRECIO_BASE_USD_DEFINIDO","data/catalogo-general-cursos.json"
"bombas-compresoras-y-ventiladores","Bombas, compresoras y ventiladores","TW Educa","Ingeniería mecánica de fluidos, energía y recursos hídricos","curso","{""precio_peru_igv_soles"":199,""precio_internacional_usd"":100,""precio_mooc_soles"":0,""certificado_desde_soles"":49,""certificado_digital_basico_desde_soles"":19,""certificado_con_evaluacion_desde_soles"":49,""curso_en_vivo_desde_soles"":199,""curso_tecnico_especializado_desde_soles"":199,""programa_especializacion_desde_soles"":199,""capacitacion_institucional_desde_soles"":500,""precio_pago_texto"":""Acceso completo desde S/ 199"",""politica_precio"":""Consulta disponibilidad, fecha de inicio, modalidad, horario y forma de pago antes de reservar tu vacante."",""nota_precio_mooc"":""Consulta disponibilidad, fecha de inicio, modalidad, horario y forma de pago antes de reservar tu vacante.""}","PEN/USD","100","5.40","0.30","106.025370","109","PRECIO_BASE_USD_DEFINIDO","data/catalogo-general-cursos.json"
"capa-limite","Capa límite","TW Educa","Ingeniería mecánica de fluidos, energía y recursos hídricos","curso","{""precio_peru_igv_soles"":199,""precio_internacional_usd"":110,""precio_mooc_soles"":0,""certificado_desde_soles"":49,""certificado_digital_basico_desde_soles"":19,""certificado_con_evaluacion_desde_soles"":49,""curso_en_vivo_desde_soles"":199,""curso_tecnico_especializado_desde_soles"":199,""programa_especializacion_desde_soles"":199,""capacitacion_institucional_desde_soles"":500,""precio_pago_texto"":""Acceso completo desde S/ 199"",""politica_precio"":""Consulta disponibilidad, fecha de inicio, modalidad, horario y forma de pago antes de reservar tu vacante."",""nota_precio_mooc"":""Consulta disponibilidad, fecha de inicio, modalidad, horario y forma de pago antes de reservar tu vacante.""}","PEN/USD","110","5.40","0.30","116.596195","119","PRECIO_BASE_USD_DEFINIDO","data/catalogo-general-cursos.json"
"centrales-hidroelectricas","Centrales hidroeléctricas","TW Educa","Ingeniería mecánica de fluidos, energía y recursos hídricos","curso","{""precio_peru_igv_soles"":199,""precio_internacional_usd"":110,""precio_mooc_soles"":0,""certificado_desde_soles"":49,""certificado_digital_basico_desde_soles"":19,""certificado_con_evaluacion_desde_soles"":49,""curso_en_vivo_desde_soles"":199,""curso_tecnico_especializado_desde_soles"":199,""programa_especializacion_desde_soles"":199,""capacitacion_institucional_desde_soles"":500,""precio_pago_texto"":""Acceso completo desde S/ 199"",""politica_precio"":""Consulta disponibilidad, fecha de inicio, modalidad, horario y forma de pago antes de reservar tu vacante."",""nota_precio_mooc"":""Consulta disponibilidad, fecha de inicio, modalidad, horario y forma de pago antes de reservar tu vacante.""}","PEN/USD","110","5.40","0.30","116.596195","119","PRECIO_BASE_USD_DEFINIDO","data/catalogo-general-cursos.json"
"centrales-termicas","Centrales térmicas","TW Educa","Ingeniería mecánica de fluidos, energía y recursos hídricos","curso","{""precio_peru_igv_soles"":199,""precio_internacional_usd"":100,""precio_mooc_soles"":0,""certificado_desde_soles"":49,""certificado_digital_basico_desde_soles"":19,""certificado_con_evaluacion_desde_soles"":49,""curso_en_vivo_desde_soles"":199,""curso_tecnico_especializado_desde_soles"":199,""programa_especializacion_desde_soles"":199,""capacitacion_institucional_desde_soles"":500,""precio_pago_texto"":""Acceso completo desde S/ 199"",""politica_precio"":""Consulta disponibilidad, fecha de inicio, modalidad, horario y forma de pago antes de reservar tu vacante."",""nota_precio_mooc"":""Consulta disponibilidad, fecha de inicio, modalidad, horario y forma de pago antes de reservar tu vacante.""}","PEN/USD","100","5.40","0.30","106.025370","109","PRECIO_BASE_USD_DEFINIDO","data/catalogo-general-cursos.json"
"circuitos-y-dispositivos-hidroneumaticos","Circuitos y dispositivos hidroneumáticos","TW Educa","Ingeniería mecánica de fluidos, energía y recursos hídricos","curso","{""precio_peru_igv_soles"":149,""precio_internacional_usd"":100,""precio_mooc_soles"":0,""certificado_desde_soles"":49,""certificado_digital_basico_desde_soles"":19,""certificado_con_evaluacion_desde_soles"":49,""curso_en_vivo_desde_soles"":149,""curso_tecnico_especializado_desde_soles"":149,""programa_especializacion_desde_soles"":null,""capacitacion_institucional_desde_soles"":500,""precio_pago_texto"":""Acceso completo desde S/ 149"",""politica_precio"":""Consulta disponibilidad, fecha de inicio, modalidad, horario y forma de pago antes de reservar tu vacante."",""nota_precio_mooc"":""Consulta disponibilidad, fecha de inicio, modalidad, horario y forma de pago antes de reservar tu vacante.""}","PEN/USD","100","5.40","0.30","106.025370","109","PRECIO_BASE_USD_DEFINIDO","data/catalogo-general-cursos.json"
"combustibles-y-combustion","Combustibles y combustión","TW Educa","Ingeniería mecánica de fluidos, energía y recursos hídricos","curso","{""precio_peru_igv_soles"":149,""precio_internacional_usd"":75,""precio_mooc_soles"":0,""certificado_desde_soles"":49,""certificado_digital_basico_desde_soles"":19,""certificado_con_evaluacion_desde_soles"":49,""curso_en_vivo_desde_soles"":149,""curso_tecnico_especializado_desde_soles"":149,""programa_especializacion_desde_soles"":null,""capacitacion_institucional_desde_soles"":500,""precio_pago_texto"":""Acceso completo desde S/ 149"",""politica_precio"":""Consulta disponibilidad, fecha de inicio, modalidad, horario y forma de pago antes de reservar tu vacante."",""nota_precio_mooc"":""Consulta disponibilidad, fecha de inicio, modalidad, horario y forma de pago antes de reservar tu vacante.""}","PEN/USD","75","5.40","0.30","79.598309","89","PRECIO_BASE_USD_DEFINIDO","data/catalogo-general-cursos.json"
"concreto-para-proyectos-hidraulicos","Concreto para proyectos hidráulicos","TW Educa","Ingeniería mecánica de fluidos, energía y recursos hídricos","curso","{""precio_peru_igv_soles"":149,""precio_internacional_usd"":75,""precio_mooc_soles"":0,""certificado_desde_soles"":49,""certificado_digital_basico_desde_soles"":19,""certificado_con_evaluacion_desde_soles"":49,""curso_en_vivo_desde_soles"":149,""curso_tecnico_especializado_desde_soles"":149,""programa_especializacion_desde_soles"":null,""capacitacion_institucional_desde_soles"":500,""precio_pago_texto"":""Acceso completo desde S/ 149"",""politica_precio"":""Consulta disponibilidad, fecha de inicio, modalidad, horario y forma de pago antes de reservar tu vacante."",""nota_precio_mooc"":""Consulta disponibilidad, fecha de inicio, modalidad, horario y forma de pago antes de reservar tu vacante.""}","PEN/USD","75","5.40","0.30","79.598309","89","PRECIO_BASE_USD_DEFINIDO","data/catalogo-general-cursos.json"
"contaminacion-ambiental","Contaminación ambiental","TW Educa","Ingeniería mecánica de fluidos, energía y recursos hídricos","curso","{""precio_peru_igv_soles"":149,""precio_internacional_usd"":75,""precio_mooc_soles"":0,""certificado_desde_soles"":49,""certificado_digital_basico_desde_soles"":19,""certificado_con_evaluacion_desde_soles"":49,""curso_en_vivo_desde_soles"":149,""curso_tecnico_especializado_desde_soles"":149,""programa_especializacion_desde_soles"":null,""capacitacion_institucional_desde_soles"":500,""precio_pago_texto"":""Acceso completo desde S/ 149"",""politica_precio"":""Consulta disponibilidad, fecha de inicio, modalidad, horario y forma de pago antes de reservar tu vacante."",""nota_precio_mooc"":""Consulta disponibilidad, fecha de inicio, modalidad, horario y forma de pago antes de reservar tu vacante.""}","PEN/USD","75","5.40","0.30","79.598309","89","PRECIO_BASE_USD_DEFINIDO","data/catalogo-general-cursos.json"
"controles-neumaticos-e-hidraulicos","Controles neumáticos e hidráulicos","TW Educa","Ingeniería mecánica de fluidos, energía y recursos hídricos","curso","{""precio_peru_igv_soles"":199,""precio_internacional_usd"":110,""precio_mooc_soles"":0,""certificado_desde_soles"":49,""certificado_digital_basico_desde_soles"":19,""certificado_con_evaluacion_desde_soles"":49,""curso_en_vivo_desde_soles"":199,""curso_tecnico_especializado_desde_soles"":199,""programa_especializacion_desde_soles"":199,""capacitacion_institucional_desde_soles"":500,""precio_pago_texto"":""Acceso completo desde S/ 199"",""politica_precio"":""Consulta disponibilidad, fecha de inicio, modalidad, horario y forma de pago antes de reservar tu vacante."",""nota_precio_mooc"":""Consulta disponibilidad, fecha de inicio, modalidad, horario y forma de pago antes de reservar tu vacante.""}","PEN/USD","110","5.40","0.30","116.596195","119","PRECIO_BASE_USD_DEFINIDO","data/catalogo-general-cursos.json"
"calculo-diferencial-para-ingenieria","Cálculo diferencial para ingeniería","TW Educa","Ingeniería mecánica de fluidos, energía y recursos hídricos","curso","{""precio_peru_igv_soles"":149,""precio_internacional_usd"":60,""precio_mooc_soles"":0,""certificado_desde_soles"":49,""certificado_digital_basico_desde_soles"":19,""certificado_con_evaluacion_desde_soles"":49,""curso_en_vivo_desde_soles"":149,""curso_tecnico_especializado_desde_soles"":149,""programa_especializacion_desde_soles"":null,""capacitacion_institucional_desde_soles"":500,""precio_pago_texto"":""Acceso completo desde S/ 149"",""politica_precio"":""Consulta disponibilidad, fecha de inicio, modalidad, horario y forma de pago antes de reservar tu vacante."",""nota_precio_mooc"":""Consulta disponibilidad, fecha de inicio, modalidad, horario y forma de pago antes de reservar tu vacante.""}","PEN/USD","60","5.40","0.30","63.742072","69","PRECIO_BASE_USD_DEFINIDO","data/catalogo-general-cursos.json"
"calculo-integral-para-ingenieria","Cálculo integral para ingeniería","TW Educa","Ingeniería mecánica de fluidos, energía y recursos hídricos","curso","{""precio_peru_igv_soles"":149,""precio_internacional_usd"":60,""precio_mooc_soles"":0,""certificado_desde_soles"":49,""certificado_digital_basico_desde_soles"":19,""certificado_con_evaluacion_desde_soles"":49,""curso_en_vivo_desde_soles"":149,""curso_tecnico_especializado_desde_soles"":149,""programa_especializacion_desde_soles"":null,""capacitacion_institucional_desde_soles"":500,""precio_pago_texto"":""Acceso completo desde S/ 149"",""politica_precio"":""Consulta disponibilidad, fecha de inicio, modalidad, horario y forma de pago antes de reservar tu vacante."",""nota_precio_mooc"":""Consulta disponibilidad, fecha de inicio, modalidad, horario y forma de pago antes de reservar tu vacante.""}","PEN/USD","60","5.40","0.30","63.742072","69","PRECIO_BASE_USD_DEFINIDO","data/catalogo-general-cursos.json"
"calculo-multivariable-y-calculo-iii","Cálculo multivariable y cálculo III","TW Educa","Ingeniería mecánica de fluidos, energía y recursos hídricos","curso","{""precio_peru_igv_soles"":149,""precio_internacional_usd"":75,""precio_mooc_soles"":0,""certificado_desde_soles"":49,""certificado_digital_basico_desde_soles"":19,""certificado_con_evaluacion_desde_soles"":49,""curso_en_vivo_desde_soles"":149,""curso_tecnico_especializado_desde_soles"":149,""programa_especializacion_desde_soles"":null,""capacitacion_institucional_desde_soles"":500,""precio_pago_texto"":""Acceso completo desde S/ 149"",""politica_precio"":""Consulta disponibilidad, fecha de inicio, modalidad, horario y forma de pago antes de reservar tu vacante."",""nota_precio_mooc"":""Consulta disponibilidad, fecha de inicio, modalidad, horario y forma de pago antes de reservar tu vacante.""}","PEN/USD","75","5.40","0.30","79.598309","89","PRECIO_BASE_USD_DEFINIDO","data/catalogo-general-cursos.json"
"dibujo-tecnico","Dibujo técnico","TW Educa","Ingeniería mecánica de fluidos, energía y recursos hídricos","curso","{""precio_peru_igv_soles"":99,""precio_internacional_usd"":45,""precio_mooc_soles"":0,""certificado_desde_soles"":49,""certificado_digital_basico_desde_soles"":19,""certificado_con_evaluacion_desde_soles"":49,""curso_en_vivo_desde_soles"":99,""curso_tecnico_especializado_desde_soles"":99,""programa_especializacion_desde_soles"":null,""capacitacion_institucional_desde_soles"":500,""precio_pago_texto"":""Acceso completo desde S/ 99"",""politica_precio"":""Consulta disponibilidad, fecha de inicio, modalidad, horario y forma de pago antes de reservar tu vacante."",""nota_precio_mooc"":""Consulta disponibilidad, fecha de inicio, modalidad, horario y forma de pago antes de reservar tu vacante.""}","PEN/USD","45","5.40","0.30","47.885836","49","PRECIO_BASE_USD_DEFINIDO","data/catalogo-general-cursos.json"
"dinamica","Dinámica","TW Educa","Ingeniería mecánica de fluidos, energía y recursos hídricos","curso","{""precio_peru_igv_soles"":149,""precio_internacional_usd"":75,""precio_mooc_soles"":0,""certificado_desde_soles"":49,""certificado_digital_basico_desde_soles"":19,""certificado_con_evaluacion_desde_soles"":49,""curso_en_vivo_desde_soles"":149,""curso_tecnico_especializado_desde_soles"":149,""programa_especializacion_desde_soles"":null,""capacitacion_institucional_desde_soles"":500,""precio_pago_texto"":""Acceso completo desde S/ 149"",""politica_precio"":""Consulta disponibilidad, fecha de inicio, modalidad, horario y forma de pago antes de reservar tu vacante."",""nota_precio_mooc"":""Consulta disponibilidad, fecha de inicio, modalidad, horario y forma de pago antes de reservar tu vacante.""}","PEN/USD","75","5.40","0.30","79.598309","89","PRECIO_BASE_USD_DEFINIDO","data/catalogo-general-cursos.json"
"dinamica-de-fluidos","Dinámica de fluidos","TW Educa","Ingeniería mecánica de fluidos, energía y recursos hídricos","curso","{""precio_peru_igv_soles"":199,""precio_internacional_usd"":110,""precio_mooc_soles"":0,""certificado_desde_soles"":49,""certificado_digital_basico_desde_soles"":19,""certificado_con_evaluacion_desde_soles"":49,""curso_en_vivo_desde_soles"":199,""curso_tecnico_especializado_desde_soles"":199,""programa_especializacion_desde_soles"":199,""capacitacion_institucional_desde_soles"":500,""precio_pago_texto"":""Acceso completo desde S/ 199"",""politica_precio"":""Consulta disponibilidad, fecha de inicio, modalidad, horario y forma de pago antes de reservar tu vacante."",""nota_precio_mooc"":""Consulta disponibilidad, fecha de inicio, modalidad, horario y forma de pago antes de reservar tu vacante.""}","PEN/USD","110","5.40","0.30","116.596195","119","PRECIO_BASE_USD_DEFINIDO","data/catalogo-general-cursos.json"
"dinamica-de-fluidos-computacional","Dinámica de fluidos computacional","TW Educa","Ingeniería mecánica de fluidos, energía y recursos hídricos","curso","{""precio_peru_igv_soles"":199,""precio_internacional_usd"":125,""precio_mooc_soles"":0,""certificado_desde_soles"":49,""certificado_digital_basico_desde_soles"":19,""certificado_con_evaluacion_desde_soles"":49,""curso_en_vivo_desde_soles"":199,""curso_tecnico_especializado_desde_soles"":199,""programa_especializacion_desde_soles"":199,""capacitacion_institucional_desde_soles"":500,""precio_pago_texto"":""Acceso completo desde S/ 199"",""politica_precio"":""Consulta disponibilidad, fecha de inicio, modalidad, horario y forma de pago antes de reservar tu vacante."",""nota_precio_mooc"":""Consulta disponibilidad, fecha de inicio, modalidad, horario y forma de pago antes de reservar tu vacante.""}","PEN/USD","125","5.40","0.30","132.452432","139","PRECIO_BASE_USD_DEFINIDO","data/catalogo-general-cursos.json"
"diseno-de-estructuras-hidraulicas","Diseño de estructuras hidráulicas","TW Educa","Ingeniería mecánica de fluidos, energía y recursos hídricos","curso","{""precio_peru_igv_soles"":199,""precio_internacional_usd"":125,""precio_mooc_soles"":0,""certificado_desde_soles"":49,""certificado_digital_basico_desde_soles"":19,""certificado_con_evaluacion_desde_soles"":49,""curso_en_vivo_desde_soles"":199,""curso_tecnico_especializado_desde_soles"":199,""programa_especializacion_desde_soles"":199,""capacitacion_institucional_desde_soles"":500,""precio_pago_texto"":""Acceso completo desde S/ 199"",""politica_precio"":""Consulta disponibilidad, fecha de inicio, modalidad, horario y forma de pago antes de reservar tu vacante."",""nota_precio_mooc"":""Consulta disponibilidad, fecha de inicio, modalidad, horario y forma de pago antes de reservar tu vacante.""}","PEN/USD","125","5.40","0.30","132.452432","139","PRECIO_BASE_USD_DEFINIDO","data/catalogo-general-cursos.json"
"diseno-mecanico","Diseño mecánico","TW Educa","Ingeniería mecánica de fluidos, energía y recursos hídricos","curso","{""precio_peru_igv_soles"":149,""precio_internacional_usd"":100,""precio_mooc_soles"":0,""certificado_desde_soles"":49,""certificado_digital_basico_desde_soles"":19,""certificado_con_evaluacion_desde_soles"":49,""curso_en_vivo_desde_soles"":149,""curso_tecnico_especializado_desde_soles"":149,""programa_especializacion_desde_soles"":null,""capacitacion_institucional_desde_soles"":500,""precio_pago_texto"":""Acceso completo desde S/ 149"",""politica_precio"":""Consulta disponibilidad, fecha de inicio, modalidad, horario y forma de pago antes de reservar tu vacante."",""nota_precio_mooc"":""Consulta disponibilidad, fecha de inicio, modalidad, horario y forma de pago antes de reservar tu vacante.""}","PEN/USD","100","5.40","0.30","106.025370","109","PRECIO_BASE_USD_DEFINIDO","data/catalogo-general-cursos.json"
"drenaje","Drenaje","TW Educa","Ingeniería mecánica de fluidos, energía y recursos hídricos","curso","{""precio_peru_igv_soles"":149,""precio_internacional_usd"":75,""precio_mooc_soles"":0,""certificado_desde_soles"":49,""certificado_digital_basico_desde_soles"":19,""certificado_con_evaluacion_desde_soles"":49,""curso_en_vivo_desde_soles"":149,""curso_tecnico_especializado_desde_soles"":149,""programa_especializacion_desde_soles"":null,""capacitacion_institucional_desde_soles"":500,""precio_pago_texto"":""Acceso completo desde S/ 149"",""politica_precio"":""Consulta disponibilidad, fecha de inicio, modalidad, horario y forma de pago antes de reservar tu vacante."",""nota_precio_mooc"":""Consulta disponibilidad, fecha de inicio, modalidad, horario y forma de pago antes de reservar tu vacante.""}","PEN/USD","75","5.40","0.30","79.598309","89","PRECIO_BASE_USD_DEFINIDO","data/catalogo-general-cursos.json"
"ecuaciones-diferenciales-ordinarias","Ecuaciones diferenciales ordinarias","TW Educa","Ingeniería mecánica de fluidos, energía y recursos hídricos","curso","{""precio_peru_igv_soles"":149,""precio_internacional_usd"":85,""precio_mooc_soles"":0,""certificado_desde_soles"":49,""certificado_digital_basico_desde_soles"":19,""certificado_con_evaluacion_desde_soles"":49,""curso_en_vivo_desde_soles"":149,""curso_tecnico_especializado_desde_soles"":149,""programa_especializacion_desde_soles"":null,""capacitacion_institucional_desde_soles"":500,""precio_pago_texto"":""Acceso completo desde S/ 149"",""politica_precio"":""Consulta disponibilidad, fecha de inicio, modalidad, horario y forma de pago antes de reservar tu vacante."",""nota_precio_mooc"":""Consulta disponibilidad, fecha de inicio, modalidad, horario y forma de pago antes de reservar tu vacante.""}","PEN/USD","85","5.40","0.30","90.169134","99","PRECIO_BASE_USD_DEFINIDO","data/catalogo-general-cursos.json"
"ecuaciones-diferenciales-parciales","Ecuaciones diferenciales parciales","TW Educa","Ingeniería mecánica de fluidos, energía y recursos hídricos","curso","{""precio_peru_igv_soles"":199,""precio_internacional_usd"":95,""precio_mooc_soles"":0,""certificado_desde_soles"":49,""certificado_digital_basico_desde_soles"":19,""certificado_con_evaluacion_desde_soles"":49,""curso_en_vivo_desde_soles"":199,""curso_tecnico_especializado_desde_soles"":199,""programa_especializacion_desde_soles"":199,""capacitacion_institucional_desde_soles"":500,""precio_pago_texto"":""Acceso completo desde S/ 199"",""politica_precio"":""Consulta disponibilidad, fecha de inicio, modalidad, horario y forma de pago antes de reservar tu vacante."",""nota_precio_mooc"":""Consulta disponibilidad, fecha de inicio, modalidad, horario y forma de pago antes de reservar tu vacante.""}","PEN/USD","95","5.40","0.30","100.739958","109","PRECIO_BASE_USD_DEFINIDO","data/catalogo-general-cursos.json"
"elementos-de-maquinas","Elementos de máquinas","TW Educa","Ingeniería mecánica de fluidos, energía y recursos hídricos","curso","{""precio_peru_igv_soles"":149,""precio_internacional_usd"":100,""precio_mooc_soles"":0,""certificado_desde_soles"":49,""certificado_digital_basico_desde_soles"":19,""certificado_con_evaluacion_desde_soles"":49,""curso_en_vivo_desde_soles"":149,""curso_tecnico_especializado_desde_soles"":149,""programa_especializacion_desde_soles"":null,""capacitacion_institucional_desde_soles"":500,""precio_pago_texto"":""Acceso completo desde S/ 149"",""politica_precio"":""Consulta disponibilidad, fecha de inicio, modalidad, horario y forma de pago antes de reservar tu vacante."",""nota_precio_mooc"":""Consulta disponibilidad, fecha de inicio, modalidad, horario y forma de pago antes de reservar tu vacante.""}","PEN/USD","100","5.40","0.30","106.025370","109","PRECIO_BASE_USD_DEFINIDO","data/catalogo-general-cursos.json"
"energia-no-convencional","Energía no convencional","TW Educa","Ingeniería mecánica de fluidos, energía y recursos hídricos","curso","{""precio_peru_igv_soles"":149,""precio_internacional_usd"":75,""precio_mooc_soles"":0,""certificado_desde_soles"":49,""certificado_digital_basico_desde_soles"":19,""certificado_con_evaluacion_desde_soles"":49,""curso_en_vivo_desde_soles"":149,""curso_tecnico_especializado_desde_soles"":149,""programa_especializacion_desde_soles"":null,""capacitacion_institucional_desde_soles"":500,""precio_pago_texto"":""Acceso completo desde S/ 149"",""politica_precio"":""Consulta disponibilidad, fecha de inicio, modalidad, horario y forma de pago antes de reservar tu vacante."",""nota_precio_mooc"":""Consulta disponibilidad, fecha de inicio, modalidad, horario y forma de pago antes de reservar tu vacante.""}","PEN/USD","75","5.40","0.30","79.598309","89","PRECIO_BASE_USD_DEFINIDO","data/catalogo-general-cursos.json"
"estadistica-y-probabilidades-para-ingenieria","Estadística y probabilidades para ingeniería","TW Educa","Ingeniería mecánica de fluidos, energía y recursos hídricos","curso","{""precio_peru_igv_soles"":149,""precio_internacional_usd"":70,""precio_mooc_soles"":0,""certificado_desde_soles"":49,""certificado_digital_basico_desde_soles"":19,""certificado_con_evaluacion_desde_soles"":49,""curso_en_vivo_desde_soles"":149,""curso_tecnico_especializado_desde_soles"":149,""programa_especializacion_desde_soles"":null,""capacitacion_institucional_desde_soles"":500,""precio_pago_texto"":""Acceso completo desde S/ 149"",""politica_precio"":""Consulta disponibilidad, fecha de inicio, modalidad, horario y forma de pago antes de reservar tu vacante."",""nota_precio_mooc"":""Consulta disponibilidad, fecha de inicio, modalidad, horario y forma de pago antes de reservar tu vacante.""}","PEN/USD","70","5.40","0.30","74.312897","79","PRECIO_BASE_USD_DEFINIDO","data/catalogo-general-cursos.json"
"estatica","Estática","TW Educa","Ingeniería mecánica de fluidos, energía y recursos hídricos","curso","{""precio_peru_igv_soles"":149,""precio_internacional_usd"":70,""precio_mooc_soles"":0,""certificado_desde_soles"":49,""certificado_digital_basico_desde_soles"":19,""certificado_con_evaluacion_desde_soles"":49,""curso_en_vivo_desde_soles"":149,""curso_tecnico_especializado_desde_soles"":149,""programa_especializacion_desde_soles"":null,""capacitacion_institucional_desde_soles"":500,""precio_pago_texto"":""Acceso completo desde S/ 149"",""politica_precio"":""Consulta disponibilidad, fecha de inicio, modalidad, horario y forma de pago antes de reservar tu vacante."",""nota_precio_mooc"":""Consulta disponibilidad, fecha de inicio, modalidad, horario y forma de pago antes de reservar tu vacante.""}","PEN/USD","70","5.40","0.30","74.312897","79","PRECIO_BASE_USD_DEFINIDO","data/catalogo-general-cursos.json"
"flujo-compresible","Flujo compresible","TW Educa","Ingeniería mecánica de fluidos, energía y recursos hídricos","curso","{""precio_peru_igv_soles"":199,""precio_internacional_usd"":100,""precio_mooc_soles"":0,""certificado_desde_soles"":49,""certificado_digital_basico_desde_soles"":19,""certificado_con_evaluacion_desde_soles"":49,""curso_en_vivo_desde_soles"":199,""curso_tecnico_especializado_desde_soles"":199,""programa_especializacion_desde_soles"":199,""capacitacion_institucional_desde_soles"":500,""precio_pago_texto"":""Acceso completo desde S/ 199"",""politica_precio"":""Consulta disponibilidad, fecha de inicio, modalidad, horario y forma de pago antes de reservar tu vacante."",""nota_precio_mooc"":""Consulta disponibilidad, fecha de inicio, modalidad, horario y forma de pago antes de reservar tu vacante.""}","PEN/USD","100","5.40","0.30","106.025370","109","PRECIO_BASE_USD_DEFINIDO","data/catalogo-general-cursos.json"
"flujo-multifasico","Flujo multifásico","TW Educa","Ingeniería mecánica de fluidos, energía y recursos hídricos","curso","{""precio_peru_igv_soles"":199,""precio_internacional_usd"":110,""precio_mooc_soles"":0,""certificado_desde_soles"":49,""certificado_digital_basico_desde_soles"":19,""certificado_con_evaluacion_desde_soles"":49,""curso_en_vivo_desde_soles"":199,""curso_tecnico_especializado_desde_soles"":199,""programa_especializacion_desde_soles"":199,""capacitacion_institucional_desde_soles"":500,""precio_pago_texto"":""Acceso completo desde S/ 199"",""politica_precio"":""Consulta disponibilidad, fecha de inicio, modalidad, horario y forma de pago antes de reservar tu vacante."",""nota_precio_mooc"":""Consulta disponibilidad, fecha de inicio, modalidad, horario y forma de pago antes de reservar tu vacante.""}","PEN/USD","110","5.40","0.30","116.596195","119","PRECIO_BASE_USD_DEFINIDO","data/catalogo-general-cursos.json"
"flujo-no-permanente","Flujo no permanente","TW Educa","Ingeniería mecánica de fluidos, energía y recursos hídricos","curso","{""precio_peru_igv_soles"":199,""precio_internacional_usd"":100,""precio_mooc_soles"":0,""certificado_desde_soles"":49,""certificado_digital_basico_desde_soles"":19,""certificado_con_evaluacion_desde_soles"":49,""curso_en_vivo_desde_soles"":199,""curso_tecnico_especializado_desde_soles"":199,""programa_especializacion_desde_soles"":199,""capacitacion_institucional_desde_soles"":500,""precio_pago_texto"":""Acceso completo desde S/ 199"",""politica_precio"":""Consulta disponibilidad, fecha de inicio, modalidad, horario y forma de pago antes de reservar tu vacante."",""nota_precio_mooc"":""Consulta disponibilidad, fecha de inicio, modalidad, horario y forma de pago antes de reservar tu vacante.""}","PEN/USD","100","5.40","0.30","106.025370","109","PRECIO_BASE_USD_DEFINIDO","data/catalogo-general-cursos.json"
"flujo-potencial","Flujo potencial","TW Educa","Ingeniería mecánica de fluidos, energía y recursos hídricos","curso","{""precio_peru_igv_soles"":199,""precio_internacional_usd"":85,""precio_mooc_soles"":0,""certificado_desde_soles"":49,""certificado_digital_basico_desde_soles"":19,""certificado_con_evaluacion_desde_soles"":49,""curso_en_vivo_desde_soles"":199,""curso_tecnico_especializado_desde_soles"":199,""programa_especializacion_desde_soles"":199,""capacitacion_institucional_desde_soles"":500,""precio_pago_texto"":""Acceso completo desde S/ 199"",""politica_precio"":""Consulta disponibilidad, fecha de inicio, modalidad, horario y forma de pago antes de reservar tu vacante."",""nota_precio_mooc"":""Consulta disponibilidad, fecha de inicio, modalidad, horario y forma de pago antes de reservar tu vacante.""}","PEN/USD","85","5.40","0.30","90.169134","99","PRECIO_BASE_USD_DEFINIDO","data/catalogo-general-cursos.json"
"flujo-turbulento","Flujo turbulento","TW Educa","Ingeniería mecánica de fluidos, energía y recursos hídricos","curso","{""precio_peru_igv_soles"":199,""precio_internacional_usd"":110,""precio_mooc_soles"":0,""certificado_desde_soles"":49,""certificado_digital_basico_desde_soles"":19,""certificado_con_evaluacion_desde_soles"":49,""curso_en_vivo_desde_soles"":199,""curso_tecnico_especializado_desde_soles"":199,""programa_especializacion_desde_soles"":199,""capacitacion_institucional_desde_soles"":500,""precio_pago_texto"":""Acceso completo desde S/ 199"",""politica_precio"":""Consulta disponibilidad, fecha de inicio, modalidad, horario y forma de pago antes de reservar tu vacante."",""nota_precio_mooc"":""Consulta disponibilidad, fecha de inicio, modalidad, horario y forma de pago antes de reservar tu vacante.""}","PEN/USD","110","5.40","0.30","116.596195","119","PRECIO_BASE_USD_DEFINIDO","data/catalogo-general-cursos.json"
"flujo-viscoso","Flujo viscoso","TW Educa","Ingeniería mecánica de fluidos, energía y recursos hídricos","curso","{""precio_peru_igv_soles"":199,""precio_internacional_usd"":100,""precio_mooc_soles"":0,""certificado_desde_soles"":49,""certificado_digital_basico_desde_soles"":19,""certificado_con_evaluacion_desde_soles"":49,""curso_en_vivo_desde_soles"":199,""curso_tecnico_especializado_desde_soles"":199,""programa_especializacion_desde_soles"":199,""capacitacion_institucional_desde_soles"":500,""precio_pago_texto"":""Acceso completo desde S/ 199"",""politica_precio"":""Consulta disponibilidad, fecha de inicio, modalidad, horario y forma de pago antes de reservar tu vacante."",""nota_precio_mooc"":""Consulta disponibilidad, fecha de inicio, modalidad, horario y forma de pago antes de reservar tu vacante.""}","PEN/USD","100","5.40","0.30","106.025370","109","PRECIO_BASE_USD_DEFINIDO","data/catalogo-general-cursos.json"
"fisica-i-para-ingenieria","Física I para ingeniería","TW Educa","Ingeniería mecánica de fluidos, energía y recursos hídricos","curso","{""precio_peru_igv_soles"":149,""precio_internacional_usd"":60,""precio_mooc_soles"":0,""certificado_desde_soles"":49,""certificado_digital_basico_desde_soles"":19,""certificado_con_evaluacion_desde_soles"":49,""curso_en_vivo_desde_soles"":149,""curso_tecnico_especializado_desde_soles"":149,""programa_especializacion_desde_soles"":null,""capacitacion_institucional_desde_soles"":500,""precio_pago_texto"":""Acceso completo desde S/ 149"",""politica_precio"":""Consulta disponibilidad, fecha de inicio, modalidad, horario y forma de pago antes de reservar tu vacante."",""nota_precio_mooc"":""Consulta disponibilidad, fecha de inicio, modalidad, horario y forma de pago antes de reservar tu vacante.""}","PEN/USD","60","5.40","0.30","63.742072","69","PRECIO_BASE_USD_DEFINIDO","data/catalogo-general-cursos.json"
"fisica-ii-para-ingenieria","Física II para ingeniería","TW Educa","Ingeniería mecánica de fluidos, energía y recursos hídricos","curso","{""precio_peru_igv_soles"":149,""precio_internacional_usd"":70,""precio_mooc_soles"":0,""certificado_desde_soles"":49,""certificado_digital_basico_desde_soles"":19,""certificado_con_evaluacion_desde_soles"":49,""curso_en_vivo_desde_soles"":149,""curso_tecnico_especializado_desde_soles"":149,""programa_especializacion_desde_soles"":null,""capacitacion_institucional_desde_soles"":500,""precio_pago_texto"":""Acceso completo desde S/ 149"",""politica_precio"":""Consulta disponibilidad, fecha de inicio, modalidad, horario y forma de pago antes de reservar tu vacante."",""nota_precio_mooc"":""Consulta disponibilidad, fecha de inicio, modalidad, horario y forma de pago antes de reservar tu vacante.""}","PEN/USD","70","5.40","0.30","74.312897","79","PRECIO_BASE_USD_DEFINIDO","data/catalogo-general-cursos.json"
"fisica-iii-para-ingenieria","Física III para ingeniería","TW Educa","Ingeniería mecánica de fluidos, energía y recursos hídricos","curso","{""precio_peru_igv_soles"":149,""precio_internacional_usd"":70,""precio_mooc_soles"":0,""certificado_desde_soles"":49,""certificado_digital_basico_desde_soles"":19,""certificado_con_evaluacion_desde_soles"":49,""curso_en_vivo_desde_soles"":149,""curso_tecnico_especializado_desde_soles"":149,""programa_especializacion_desde_soles"":null,""capacitacion_institucional_desde_soles"":500,""precio_pago_texto"":""Acceso completo desde S/ 149"",""politica_precio"":""Consulta disponibilidad, fecha de inicio, modalidad, horario y forma de pago antes de reservar tu vacante."",""nota_precio_mooc"":""Consulta disponibilidad, fecha de inicio, modalidad, horario y forma de pago antes de reservar tu vacante.""}","PEN/USD","70","5.40","0.30","74.312897","79","PRECIO_BASE_USD_DEFINIDO","data/catalogo-general-cursos.json"
"geometria-descriptiva","Geometría descriptiva","TW Educa","Ingeniería mecánica de fluidos, energía y recursos hídricos","curso","{""precio_peru_igv_soles"":99,""precio_internacional_usd"":45,""precio_mooc_soles"":0,""certificado_desde_soles"":49,""certificado_digital_basico_desde_soles"":19,""certificado_con_evaluacion_desde_soles"":49,""curso_en_vivo_desde_soles"":99,""curso_tecnico_especializado_desde_soles"":99,""programa_especializacion_desde_soles"":null,""capacitacion_institucional_desde_soles"":500,""precio_pago_texto"":""Acceso completo desde S/ 99"",""politica_precio"":""Consulta disponibilidad, fecha de inicio, modalidad, horario y forma de pago antes de reservar tu vacante."",""nota_precio_mooc"":""Consulta disponibilidad, fecha de inicio, modalidad, horario y forma de pago antes de reservar tu vacante.""}","PEN/USD","45","5.40","0.30","47.885836","49","PRECIO_BASE_USD_DEFINIDO","data/catalogo-general-cursos.json"
"hidrologia","Hidrología","TW Educa","Ingeniería mecánica de fluidos, energía y recursos hídricos","curso","{""precio_peru_igv_soles"":149,""precio_internacional_usd"":95,""precio_mooc_soles"":0,""certificado_desde_soles"":49,""certificado_digital_basico_desde_soles"":19,""certificado_con_evaluacion_desde_soles"":49,""curso_en_vivo_desde_soles"":149,""curso_tecnico_especializado_desde_soles"":149,""programa_especializacion_desde_soles"":null,""capacitacion_institucional_desde_soles"":500,""precio_pago_texto"":""Acceso completo desde S/ 149"",""politica_precio"":""Consulta disponibilidad, fecha de inicio, modalidad, horario y forma de pago antes de reservar tu vacante."",""nota_precio_mooc"":""Consulta disponibilidad, fecha de inicio, modalidad, horario y forma de pago antes de reservar tu vacante.""}","PEN/USD","95","5.40","0.30","100.739958","109","PRECIO_BASE_USD_DEFINIDO","data/catalogo-general-cursos.json"
"hidrologia-ambiental","Hidrología ambiental","TW Educa","Ingeniería mecánica de fluidos, energía y recursos hídricos","curso","{""precio_peru_igv_soles"":149,""precio_internacional_usd"":85,""precio_mooc_soles"":0,""certificado_desde_soles"":49,""certificado_digital_basico_desde_soles"":19,""certificado_con_evaluacion_desde_soles"":49,""curso_en_vivo_desde_soles"":149,""curso_tecnico_especializado_desde_soles"":149,""programa_especializacion_desde_soles"":null,""capacitacion_institucional_desde_soles"":500,""precio_pago_texto"":""Acceso completo desde S/ 149"",""politica_precio"":""Consulta disponibilidad, fecha de inicio, modalidad, horario y forma de pago antes de reservar tu vacante."",""nota_precio_mooc"":""Consulta disponibilidad, fecha de inicio, modalidad, horario y forma de pago antes de reservar tu vacante.""}","PEN/USD","85","5.40","0.30","90.169134","99","PRECIO_BASE_USD_DEFINIDO","data/catalogo-general-cursos.json"
"hidrologia-estadistica","Hidrología estadística","TW Educa","Ingeniería mecánica de fluidos, energía y recursos hídricos","curso","{""precio_peru_igv_soles"":149,""precio_internacional_usd"":95,""precio_mooc_soles"":0,""certificado_desde_soles"":49,""certificado_digital_basico_desde_soles"":19,""certificado_con_evaluacion_desde_soles"":49,""curso_en_vivo_desde_soles"":149,""curso_tecnico_especializado_desde_soles"":149,""programa_especializacion_desde_soles"":null,""capacitacion_institucional_desde_soles"":500,""precio_pago_texto"":""Acceso completo desde S/ 149"",""politica_precio"":""Consulta disponibilidad, fecha de inicio, modalidad, horario y forma de pago antes de reservar tu vacante."",""nota_precio_mooc"":""Consulta disponibilidad, fecha de inicio, modalidad, horario y forma de pago antes de reservar tu vacante.""}","PEN/USD","95","5.40","0.30","100.739958","109","PRECIO_BASE_USD_DEFINIDO","data/catalogo-general-cursos.json"
"hidrosedimentologia","Hidrosedimentología","TW Educa","Ingeniería mecánica de fluidos, energía y recursos hídricos","curso","{""precio_peru_igv_soles"":199,""precio_internacional_usd"":110,""precio_mooc_soles"":0,""certificado_desde_soles"":49,""certificado_digital_basico_desde_soles"":19,""certificado_con_evaluacion_desde_soles"":49,""curso_en_vivo_desde_soles"":199,""curso_tecnico_especializado_desde_soles"":199,""programa_especializacion_desde_soles"":199,""capacitacion_institucional_desde_soles"":500,""precio_pago_texto"":""Acceso completo desde S/ 199"",""politica_precio"":""Consulta disponibilidad, fecha de inicio, modalidad, horario y forma de pago antes de reservar tu vacante."",""nota_precio_mooc"":""Consulta disponibilidad, fecha de inicio, modalidad, horario y forma de pago antes de reservar tu vacante.""}","PEN/USD","110","5.40","0.30","116.596195","119","PRECIO_BASE_USD_DEFINIDO","data/catalogo-general-cursos.json"
"hidraulica","Hidráulica","TW Educa","Ingeniería mecánica de fluidos, energía y recursos hídricos","curso","{""precio_peru_igv_soles"":199,""precio_internacional_usd"":110,""precio_mooc_soles"":0,""certificado_desde_soles"":49,""certificado_digital_basico_desde_soles"":19,""certificado_con_evaluacion_desde_soles"":49,""curso_en_vivo_desde_soles"":199,""curso_tecnico_especializado_desde_soles"":199,""programa_especializacion_desde_soles"":199,""capacitacion_institucional_desde_soles"":500,""precio_pago_texto"":""Acceso completo desde S/ 199"",""politica_precio"":""Consulta disponibilidad, fecha de inicio, modalidad, horario y forma de pago antes de reservar tu vacante."",""nota_precio_mooc"":""Consulta disponibilidad, fecha de inicio, modalidad, horario y forma de pago antes de reservar tu vacante.""}","PEN/USD","110","5.40","0.30","116.596195","119","PRECIO_BASE_USD_DEFINIDO","data/catalogo-general-cursos.json"
"hidraulica-fluvial","Hidráulica fluvial","TW Educa","Ingeniería mecánica de fluidos, energía y recursos hídricos","curso","{""precio_peru_igv_soles"":199,""precio_internacional_usd"":100,""precio_mooc_soles"":0,""certificado_desde_soles"":49,""certificado_digital_basico_desde_soles"":19,""certificado_con_evaluacion_desde_soles"":49,""curso_en_vivo_desde_soles"":199,""curso_tecnico_especializado_desde_soles"":199,""programa_especializacion_desde_soles"":199,""capacitacion_institucional_desde_soles"":500,""precio_pago_texto"":""Acceso completo desde S/ 199"",""politica_precio"":""Consulta disponibilidad, fecha de inicio, modalidad, horario y forma de pago antes de reservar tu vacante."",""nota_precio_mooc"":""Consulta disponibilidad, fecha de inicio, modalidad, horario y forma de pago antes de reservar tu vacante.""}","PEN/USD","100","5.40","0.30","106.025370","109","PRECIO_BASE_USD_DEFINIDO","data/catalogo-general-cursos.json"
"hidraulica-maritima-y-de-estuarios","Hidráulica marítima y de estuarios","TW Educa","Ingeniería mecánica de fluidos, energía y recursos hídricos","curso","{""precio_peru_igv_soles"":199,""precio_internacional_usd"":110,""precio_mooc_soles"":0,""certificado_desde_soles"":49,""certificado_digital_basico_desde_soles"":19,""certificado_con_evaluacion_desde_soles"":49,""curso_en_vivo_desde_soles"":199,""curso_tecnico_especializado_desde_soles"":199,""programa_especializacion_desde_soles"":199,""capacitacion_institucional_desde_soles"":500,""precio_pago_texto"":""Acceso completo desde S/ 199"",""politica_precio"":""Consulta disponibilidad, fecha de inicio, modalidad, horario y forma de pago antes de reservar tu vacante."",""nota_precio_mooc"":""Consulta disponibilidad, fecha de inicio, modalidad, horario y forma de pago antes de reservar tu vacante.""}","PEN/USD","110","5.40","0.30","116.596195","119","PRECIO_BASE_USD_DEFINIDO","data/catalogo-general-cursos.json"
"informatica-y-sistemas-para-ingenieria","Informática y sistemas para ingeniería","TW Educa","Ingeniería mecánica de fluidos, energía y recursos hídricos","curso","{""precio_peru_igv_soles"":149,""precio_internacional_usd"":60,""precio_mooc_soles"":0,""certificado_desde_soles"":49,""certificado_digital_basico_desde_soles"":19,""certificado_con_evaluacion_desde_soles"":49,""curso_en_vivo_desde_soles"":149,""curso_tecnico_especializado_desde_soles"":149,""programa_especializacion_desde_soles"":null,""capacitacion_institucional_desde_soles"":500,""precio_pago_texto"":""Acceso completo desde S/ 149"",""politica_precio"":""Consulta disponibilidad, fecha de inicio, modalidad, horario y forma de pago antes de reservar tu vacante."",""nota_precio_mooc"":""Consulta disponibilidad, fecha de inicio, modalidad, horario y forma de pago antes de reservar tu vacante.""}","PEN/USD","60","5.40","0.30","63.742072","69","PRECIO_BASE_USD_DEFINIDO","data/catalogo-general-cursos.json"
"ingenieria-de-lubricacion","Ingeniería de lubricación","TW Educa","Ingeniería mecánica de fluidos, energía y recursos hídricos","curso","{""precio_peru_igv_soles"":99,""precio_internacional_usd"":60,""precio_mooc_soles"":0,""certificado_desde_soles"":49,""certificado_digital_basico_desde_soles"":19,""certificado_con_evaluacion_desde_soles"":49,""curso_en_vivo_desde_soles"":99,""curso_tecnico_especializado_desde_soles"":99,""programa_especializacion_desde_soles"":null,""capacitacion_institucional_desde_soles"":500,""precio_pago_texto"":""Acceso completo desde S/ 99"",""politica_precio"":""Consulta disponibilidad, fecha de inicio, modalidad, horario y forma de pago antes de reservar tu vacante."",""nota_precio_mooc"":""Consulta disponibilidad, fecha de inicio, modalidad, horario y forma de pago antes de reservar tu vacante.""}","PEN/USD","60","5.40","0.30","63.742072","69","PRECIO_BASE_USD_DEFINIDO","data/catalogo-general-cursos.json"
"ingenieria-de-recursos-hidricos","Ingeniería de recursos hídricos","TW Educa","Ingeniería mecánica de fluidos, energía y recursos hídricos","curso","{""precio_peru_igv_soles"":199,""precio_internacional_usd"":110,""precio_mooc_soles"":0,""certificado_desde_soles"":49,""certificado_digital_basico_desde_soles"":19,""certificado_con_evaluacion_desde_soles"":49,""curso_en_vivo_desde_soles"":199,""curso_tecnico_especializado_desde_soles"":199,""programa_especializacion_desde_soles"":199,""capacitacion_institucional_desde_soles"":500,""precio_pago_texto"":""Acceso completo desde S/ 199"",""politica_precio"":""Consulta disponibilidad, fecha de inicio, modalidad, horario y forma de pago antes de reservar tu vacante."",""nota_precio_mooc"":""Consulta disponibilidad, fecha de inicio, modalidad, horario y forma de pago antes de reservar tu vacante.""}","PEN/USD","110","5.40","0.30","116.596195","119","PRECIO_BASE_USD_DEFINIDO","data/catalogo-general-cursos.json"
"ingenieria-economica-para-ingenieria","Ingeniería económica para ingeniería","TW Educa","Ingeniería mecánica de fluidos, energía y recursos hídricos","curso","{""precio_peru_igv_soles"":99,""precio_internacional_usd"":55,""precio_mooc_soles"":0,""certificado_desde_soles"":49,""certificado_digital_basico_desde_soles"":19,""certificado_con_evaluacion_desde_soles"":49,""curso_en_vivo_desde_soles"":99,""curso_tecnico_especializado_desde_soles"":99,""programa_especializacion_desde_soles"":null,""capacitacion_institucional_desde_soles"":500,""precio_pago_texto"":""Acceso completo desde S/ 99"",""politica_precio"":""Consulta disponibilidad, fecha de inicio, modalidad, horario y forma de pago antes de reservar tu vacante."",""nota_precio_mooc"":""Consulta disponibilidad, fecha de inicio, modalidad, horario y forma de pago antes de reservar tu vacante.""}","PEN/USD","55","5.40","0.30","58.456660","59","PRECIO_BASE_USD_DEFINIDO","data/catalogo-general-cursos.json"
"ingenieria-electrica-para-fluidos-y-energia","Ingeniería eléctrica para fluidos y energía","TW Educa","Ingeniería mecánica de fluidos, energía y recursos hídricos","curso","{""precio_peru_igv_soles"":149,""precio_internacional_usd"":75,""precio_mooc_soles"":0,""certificado_desde_soles"":49,""certificado_digital_basico_desde_soles"":19,""certificado_con_evaluacion_desde_soles"":49,""curso_en_vivo_desde_soles"":149,""curso_tecnico_especializado_desde_soles"":149,""programa_especializacion_desde_soles"":null,""capacitacion_institucional_desde_soles"":500,""precio_pago_texto"":""Acceso completo desde S/ 149"",""politica_precio"":""Consulta disponibilidad, fecha de inicio, modalidad, horario y forma de pago antes de reservar tu vacante."",""nota_precio_mooc"":""Consulta disponibilidad, fecha de inicio, modalidad, horario y forma de pago antes de reservar tu vacante.""}","PEN/USD","75","5.40","0.30","79.598309","89","PRECIO_BASE_USD_DEFINIDO","data/catalogo-general-cursos.json"
"intercambiadores-de-calor","Intercambiadores de calor","TW Educa","Ingeniería mecánica de fluidos, energía y recursos hídricos","curso","{""precio_peru_igv_soles"":199,""precio_internacional_usd"":100,""precio_mooc_soles"":0,""certificado_desde_soles"":49,""certificado_digital_basico_desde_soles"":19,""certificado_con_evaluacion_desde_soles"":49,""curso_en_vivo_desde_soles"":199,""curso_tecnico_especializado_desde_soles"":199,""programa_especializacion_desde_soles"":199,""capacitacion_institucional_desde_soles"":500,""precio_pago_texto"":""Acceso completo desde S/ 199"",""politica_precio"":""Consulta disponibilidad, fecha de inicio, modalidad, horario y forma de pago antes de reservar tu vacante."",""nota_precio_mooc"":""Consulta disponibilidad, fecha de inicio, modalidad, horario y forma de pago antes de reservar tu vacante.""}","PEN/USD","100","5.40","0.30","106.025370","109","PRECIO_BASE_USD_DEFINIDO","data/catalogo-general-cursos.json"
"irrigaciones","Irrigaciones","TW Educa","Ingeniería mecánica de fluidos, energía y recursos hídricos","curso","{""precio_peru_igv_soles"":149,""precio_internacional_usd"":100,""precio_mooc_soles"":0,""certificado_desde_soles"":49,""certificado_digital_basico_desde_soles"":19,""certificado_con_evaluacion_desde_soles"":49,""curso_en_vivo_desde_soles"":149,""curso_tecnico_especializado_desde_soles"":149,""programa_especializacion_desde_soles"":null,""capacitacion_institucional_desde_soles"":500,""precio_pago_texto"":""Acceso completo desde S/ 149"",""politica_precio"":""Consulta disponibilidad, fecha de inicio, modalidad, horario y forma de pago antes de reservar tu vacante."",""nota_precio_mooc"":""Consulta disponibilidad, fecha de inicio, modalidad, horario y forma de pago antes de reservar tu vacante.""}","PEN/USD","100","5.40","0.30","106.025370","109","PRECIO_BASE_USD_DEFINIDO","data/catalogo-general-cursos.json"
"lenguaje-de-programacion-para-ingenieria","Lenguaje de programación para ingeniería","TW Educa","Ingeniería mecánica de fluidos, energía y recursos hídricos","curso","{""precio_peru_igv_soles"":149,""precio_internacional_usd"":60,""precio_mooc_soles"":0,""certificado_desde_soles"":49,""certificado_digital_basico_desde_soles"":19,""certificado_con_evaluacion_desde_soles"":49,""curso_en_vivo_desde_soles"":149,""curso_tecnico_especializado_desde_soles"":149,""programa_especializacion_desde_soles"":null,""capacitacion_institucional_desde_soles"":500,""precio_pago_texto"":""Acceso completo desde S/ 149"",""politica_precio"":""Consulta disponibilidad, fecha de inicio, modalidad, horario y forma de pago antes de reservar tu vacante."",""nota_precio_mooc"":""Consulta disponibilidad, fecha de inicio, modalidad, horario y forma de pago antes de reservar tu vacante.""}","PEN/USD","60","5.40","0.30","63.742072","69","PRECIO_BASE_USD_DEFINIDO","data/catalogo-general-cursos.json"
"matematica-basica-para-ingenieria","Matemática básica para ingeniería","TW Educa","Ingeniería mecánica de fluidos, energía y recursos hídricos","curso","{""precio_peru_igv_soles"":99,""precio_internacional_usd"":45,""precio_mooc_soles"":0,""certificado_desde_soles"":49,""certificado_digital_basico_desde_soles"":19,""certificado_con_evaluacion_desde_soles"":49,""curso_en_vivo_desde_soles"":99,""curso_tecnico_especializado_desde_soles"":99,""programa_especializacion_desde_soles"":null,""capacitacion_institucional_desde_soles"":500,""precio_pago_texto"":""Acceso completo desde S/ 99"",""politica_precio"":""Consulta disponibilidad, fecha de inicio, modalidad, horario y forma de pago antes de reservar tu vacante."",""nota_precio_mooc"":""Consulta disponibilidad, fecha de inicio, modalidad, horario y forma de pago antes de reservar tu vacante.""}","PEN/USD","45","5.40","0.30","47.885836","49","PRECIO_BASE_USD_DEFINIDO","data/catalogo-general-cursos.json"
"materiales-de-ingenieria","Materiales de ingeniería","TW Educa","Ingeniería mecánica de fluidos, energía y recursos hídricos","curso","{""precio_peru_igv_soles"":99,""precio_internacional_usd"":55,""precio_mooc_soles"":0,""certificado_desde_soles"":49,""certificado_digital_basico_desde_soles"":19,""certificado_con_evaluacion_desde_soles"":49,""curso_en_vivo_desde_soles"":99,""curso_tecnico_especializado_desde_soles"":99,""programa_especializacion_desde_soles"":null,""capacitacion_institucional_desde_soles"":500,""precio_pago_texto"":""Acceso completo desde S/ 99"",""politica_precio"":""Consulta disponibilidad, fecha de inicio, modalidad, horario y forma de pago antes de reservar tu vacante."",""nota_precio_mooc"":""Consulta disponibilidad, fecha de inicio, modalidad, horario y forma de pago antes de reservar tu vacante.""}","PEN/USD","55","5.40","0.30","58.456660","59","PRECIO_BASE_USD_DEFINIDO","data/catalogo-general-cursos.json"
"meteorologia","Meteorología","TW Educa","Ingeniería mecánica de fluidos, energía y recursos hídricos","curso","{""precio_peru_igv_soles"":149,""precio_internacional_usd"":75,""precio_mooc_soles"":0,""certificado_desde_soles"":49,""certificado_digital_basico_desde_soles"":19,""certificado_con_evaluacion_desde_soles"":49,""curso_en_vivo_desde_soles"":149,""curso_tecnico_especializado_desde_soles"":149,""programa_especializacion_desde_soles"":null,""capacitacion_institucional_desde_soles"":500,""precio_pago_texto"":""Acceso completo desde S/ 149"",""politica_precio"":""Consulta disponibilidad, fecha de inicio, modalidad, horario y forma de pago antes de reservar tu vacante."",""nota_precio_mooc"":""Consulta disponibilidad, fecha de inicio, modalidad, horario y forma de pago antes de reservar tu vacante.""}","PEN/USD","75","5.40","0.30","79.598309","89","PRECIO_BASE_USD_DEFINIDO","data/catalogo-general-cursos.json"
"maquinas-termicas","Máquinas térmicas","TW Educa","Ingeniería mecánica de fluidos, energía y recursos hídricos","curso","{""precio_peru_igv_soles"":199,""precio_internacional_usd"":100,""precio_mooc_soles"":0,""certificado_desde_soles"":49,""certificado_digital_basico_desde_soles"":19,""certificado_con_evaluacion_desde_soles"":49,""curso_en_vivo_desde_soles"":199,""curso_tecnico_especializado_desde_soles"":199,""programa_especializacion_desde_soles"":199,""capacitacion_institucional_desde_soles"":500,""precio_pago_texto"":""Acceso completo desde S/ 199"",""politica_precio"":""Consulta disponibilidad, fecha de inicio, modalidad, horario y forma de pago antes de reservar tu vacante."",""nota_precio_mooc"":""Consulta disponibilidad, fecha de inicio, modalidad, horario y forma de pago antes de reservar tu vacante.""}","PEN/USD","100","5.40","0.30","106.025370","109","PRECIO_BASE_USD_DEFINIDO","data/catalogo-general-cursos.json"
"metodos-numericos-i","Métodos numéricos I","TW Educa","Ingeniería mecánica de fluidos, energía y recursos hídricos","curso","{""precio_peru_igv_soles"":149,""precio_internacional_usd"":95,""precio_mooc_soles"":0,""certificado_desde_soles"":49,""certificado_digital_basico_desde_soles"":19,""certificado_con_evaluacion_desde_soles"":49,""curso_en_vivo_desde_soles"":149,""curso_tecnico_especializado_desde_soles"":149,""programa_especializacion_desde_soles"":null,""capacitacion_institucional_desde_soles"":500,""precio_pago_texto"":""Acceso completo desde S/ 149"",""politica_precio"":""Consulta disponibilidad, fecha de inicio, modalidad, horario y forma de pago antes de reservar tu vacante."",""nota_precio_mooc"":""Consulta disponibilidad, fecha de inicio, modalidad, horario y forma de pago antes de reservar tu vacante.""}","PEN/USD","95","5.40","0.30","100.739958","109","PRECIO_BASE_USD_DEFINIDO","data/catalogo-general-cursos.json"
"metodos-numericos-ii","Métodos numéricos II","TW Educa","Ingeniería mecánica de fluidos, energía y recursos hídricos","curso","{""precio_peru_igv_soles"":199,""precio_internacional_usd"":100,""precio_mooc_soles"":0,""certificado_desde_soles"":49,""certificado_digital_basico_desde_soles"":19,""certificado_con_evaluacion_desde_soles"":49,""curso_en_vivo_desde_soles"":199,""curso_tecnico_especializado_desde_soles"":199,""programa_especializacion_desde_soles"":199,""capacitacion_institucional_desde_soles"":500,""precio_pago_texto"":""Acceso completo desde S/ 199"",""politica_precio"":""Consulta disponibilidad, fecha de inicio, modalidad, horario y forma de pago antes de reservar tu vacante."",""nota_precio_mooc"":""Consulta disponibilidad, fecha de inicio, modalidad, horario y forma de pago antes de reservar tu vacante.""}","PEN/USD","100","5.40","0.30","106.025370","109","PRECIO_BASE_USD_DEFINIDO","data/catalogo-general-cursos.json"
"oceanografia-fisica","Oceanografía física","TW Educa","Ingeniería mecánica de fluidos, energía y recursos hídricos","curso","{""precio_peru_igv_soles"":199,""precio_internacional_usd"":110,""precio_mooc_soles"":0,""certificado_desde_soles"":49,""certificado_digital_basico_desde_soles"":19,""certificado_con_evaluacion_desde_soles"":49,""curso_en_vivo_desde_soles"":199,""curso_tecnico_especializado_desde_soles"":199,""programa_especializacion_desde_soles"":199,""capacitacion_institucional_desde_soles"":500,""precio_pago_texto"":""Acceso completo desde S/ 199"",""politica_precio"":""Consulta disponibilidad, fecha de inicio, modalidad, horario y forma de pago antes de reservar tu vacante."",""nota_precio_mooc"":""Consulta disponibilidad, fecha de inicio, modalidad, horario y forma de pago antes de reservar tu vacante.""}","PEN/USD","110","5.40","0.30","116.596195","119","PRECIO_BASE_USD_DEFINIDO","data/catalogo-general-cursos.json"
"presas","Presas","TW Educa","Ingeniería mecánica de fluidos, energía y recursos hídricos","curso","{""precio_peru_igv_soles"":199,""precio_internacional_usd"":110,""precio_mooc_soles"":0,""certificado_desde_soles"":49,""certificado_digital_basico_desde_soles"":19,""certificado_con_evaluacion_desde_soles"":49,""curso_en_vivo_desde_soles"":199,""curso_tecnico_especializado_desde_soles"":199,""programa_especializacion_desde_soles"":199,""capacitacion_institucional_desde_soles"":500,""precio_pago_texto"":""Acceso completo desde S/ 199"",""politica_precio"":""Consulta disponibilidad, fecha de inicio, modalidad, horario y forma de pago antes de reservar tu vacante."",""nota_precio_mooc"":""Consulta disponibilidad, fecha de inicio, modalidad, horario y forma de pago antes de reservar tu vacante.""}","PEN/USD","110","5.40","0.30","116.596195","119","PRECIO_BASE_USD_DEFINIDO","data/catalogo-general-cursos.json"
"quimica-general-para-ingenieria","Química general para ingeniería","TW Educa","Ingeniería mecánica de fluidos, energía y recursos hídricos","curso","{""precio_peru_igv_soles"":99,""precio_internacional_usd"":45,""precio_mooc_soles"":0,""certificado_desde_soles"":49,""certificado_digital_basico_desde_soles"":19,""certificado_con_evaluacion_desde_soles"":49,""curso_en_vivo_desde_soles"":99,""curso_tecnico_especializado_desde_soles"":99,""programa_especializacion_desde_soles"":null,""capacitacion_institucional_desde_soles"":500,""precio_pago_texto"":""Acceso completo desde S/ 99"",""politica_precio"":""Consulta disponibilidad, fecha de inicio, modalidad, horario y forma de pago antes de reservar tu vacante."",""nota_precio_mooc"":""Consulta disponibilidad, fecha de inicio, modalidad, horario y forma de pago antes de reservar tu vacante.""}","PEN/USD","45","5.40","0.30","47.885836","49","PRECIO_BASE_USD_DEFINIDO","data/catalogo-general-cursos.json"
"refrigeracion-y-aire-acondicionado","Refrigeración y aire acondicionado","TW Educa","Ingeniería mecánica de fluidos, energía y recursos hídricos","curso","{""precio_peru_igv_soles"":149,""precio_internacional_usd"":100,""precio_mooc_soles"":0,""certificado_desde_soles"":49,""certificado_digital_basico_desde_soles"":19,""certificado_con_evaluacion_desde_soles"":49,""curso_en_vivo_desde_soles"":149,""curso_tecnico_especializado_desde_soles"":149,""programa_especializacion_desde_soles"":null,""capacitacion_institucional_desde_soles"":500,""precio_pago_texto"":""Acceso completo desde S/ 149"",""politica_precio"":""Consulta disponibilidad, fecha de inicio, modalidad, horario y forma de pago antes de reservar tu vacante."",""nota_precio_mooc"":""Consulta disponibilidad, fecha de inicio, modalidad, horario y forma de pago antes de reservar tu vacante.""}","PEN/USD","100","5.40","0.30","106.025370","109","PRECIO_BASE_USD_DEFINIDO","data/catalogo-general-cursos.json"
"resistencia-de-materiales","Resistencia de materiales","TW Educa","Ingeniería mecánica de fluidos, energía y recursos hídricos","curso","{""precio_peru_igv_soles"":149,""precio_internacional_usd"":85,""precio_mooc_soles"":0,""certificado_desde_soles"":49,""certificado_digital_basico_desde_soles"":19,""certificado_con_evaluacion_desde_soles"":49,""curso_en_vivo_desde_soles"":149,""curso_tecnico_especializado_desde_soles"":149,""programa_especializacion_desde_soles"":null,""capacitacion_institucional_desde_soles"":500,""precio_pago_texto"":""Acceso completo desde S/ 149"",""politica_precio"":""Consulta disponibilidad, fecha de inicio, modalidad, horario y forma de pago antes de reservar tu vacante."",""nota_precio_mooc"":""Consulta disponibilidad, fecha de inicio, modalidad, horario y forma de pago antes de reservar tu vacante.""}","PEN/USD","85","5.40","0.30","90.169134","99","PRECIO_BASE_USD_DEFINIDO","data/catalogo-general-cursos.json"
"servomecanismo-y-control-automatico","Servomecanismo y control automático","TW Educa","Ingeniería mecánica de fluidos, energía y recursos hídricos","curso","{""precio_peru_igv_soles"":199,""precio_internacional_usd"":110,""precio_mooc_soles"":0,""certificado_desde_soles"":49,""certificado_digital_basico_desde_soles"":19,""certificado_con_evaluacion_desde_soles"":49,""curso_en_vivo_desde_soles"":199,""curso_tecnico_especializado_desde_soles"":199,""programa_especializacion_desde_soles"":199,""capacitacion_institucional_desde_soles"":500,""precio_pago_texto"":""Acceso completo desde S/ 199"",""politica_precio"":""Consulta disponibilidad, fecha de inicio, modalidad, horario y forma de pago antes de reservar tu vacante."",""nota_precio_mooc"":""Consulta disponibilidad, fecha de inicio, modalidad, horario y forma de pago antes de reservar tu vacante.""}","PEN/USD","110","5.40","0.30","116.596195","119","PRECIO_BASE_USD_DEFINIDO","data/catalogo-general-cursos.json"
"teoria-de-maquinas-y-mecanismos","Teoría de máquinas y mecanismos","TW Educa","Ingeniería mecánica de fluidos, energía y recursos hídricos","curso","{""precio_peru_igv_soles"":149,""precio_internacional_usd"":75,""precio_mooc_soles"":0,""certificado_desde_soles"":49,""certificado_digital_basico_desde_soles"":19,""certificado_con_evaluacion_desde_soles"":49,""curso_en_vivo_desde_soles"":149,""curso_tecnico_especializado_desde_soles"":149,""programa_especializacion_desde_soles"":null,""capacitacion_institucional_desde_soles"":500,""precio_pago_texto"":""Acceso completo desde S/ 149"",""politica_precio"":""Consulta disponibilidad, fecha de inicio, modalidad, horario y forma de pago antes de reservar tu vacante."",""nota_precio_mooc"":""Consulta disponibilidad, fecha de inicio, modalidad, horario y forma de pago antes de reservar tu vacante.""}","PEN/USD","75","5.40","0.30","79.598309","89","PRECIO_BASE_USD_DEFINIDO","data/catalogo-general-cursos.json"
"termodinamica-i","Termodinámica I","TW Educa","Ingeniería mecánica de fluidos, energía y recursos hídricos","curso","{""precio_peru_igv_soles"":149,""precio_internacional_usd"":85,""precio_mooc_soles"":0,""certificado_desde_soles"":49,""certificado_digital_basico_desde_soles"":19,""certificado_con_evaluacion_desde_soles"":49,""curso_en_vivo_desde_soles"":149,""curso_tecnico_especializado_desde_soles"":149,""programa_especializacion_desde_soles"":null,""capacitacion_institucional_desde_soles"":500,""precio_pago_texto"":""Acceso completo desde S/ 149"",""politica_precio"":""Consulta disponibilidad, fecha de inicio, modalidad, horario y forma de pago antes de reservar tu vacante."",""nota_precio_mooc"":""Consulta disponibilidad, fecha de inicio, modalidad, horario y forma de pago antes de reservar tu vacante.""}","PEN/USD","85","5.40","0.30","90.169134","99","PRECIO_BASE_USD_DEFINIDO","data/catalogo-general-cursos.json"
"termodinamica-ii","Termodinámica II","TW Educa","Ingeniería mecánica de fluidos, energía y recursos hídricos","curso","{""precio_peru_igv_soles"":149,""precio_internacional_usd"":95,""precio_mooc_soles"":0,""certificado_desde_soles"":49,""certificado_digital_basico_desde_soles"":19,""certificado_con_evaluacion_desde_soles"":49,""curso_en_vivo_desde_soles"":149,""curso_tecnico_especializado_desde_soles"":149,""programa_especializacion_desde_soles"":null,""capacitacion_institucional_desde_soles"":500,""precio_pago_texto"":""Acceso completo desde S/ 149"",""politica_precio"":""Consulta disponibilidad, fecha de inicio, modalidad, horario y forma de pago antes de reservar tu vacante."",""nota_precio_mooc"":""Consulta disponibilidad, fecha de inicio, modalidad, horario y forma de pago antes de reservar tu vacante.""}","PEN/USD","95","5.40","0.30","100.739958","109","PRECIO_BASE_USD_DEFINIDO","data/catalogo-general-cursos.json"
"topografia-basica","Topografía básica","TW Educa","Ingeniería mecánica de fluidos, energía y recursos hídricos","curso","{""precio_peru_igv_soles"":149,""precio_internacional_usd"":70,""precio_mooc_soles"":0,""certificado_desde_soles"":49,""certificado_digital_basico_desde_soles"":19,""certificado_con_evaluacion_desde_soles"":49,""curso_en_vivo_desde_soles"":149,""curso_tecnico_especializado_desde_soles"":149,""programa_especializacion_desde_soles"":null,""capacitacion_institucional_desde_soles"":500,""precio_pago_texto"":""Acceso completo desde S/ 149"",""politica_precio"":""Consulta disponibilidad, fecha de inicio, modalidad, horario y forma de pago antes de reservar tu vacante."",""nota_precio_mooc"":""Consulta disponibilidad, fecha de inicio, modalidad, horario y forma de pago antes de reservar tu vacante.""}","PEN/USD","70","5.40","0.30","74.312897","79","PRECIO_BASE_USD_DEFINIDO","data/catalogo-general-cursos.json"
"transferencia-de-calor-y-masa","Transferencia de calor y masa","TW Educa","Ingeniería mecánica de fluidos, energía y recursos hídricos","curso","{""precio_peru_igv_soles"":199,""precio_internacional_usd"":100,""precio_mooc_soles"":0,""certificado_desde_soles"":49,""certificado_digital_basico_desde_soles"":19,""certificado_con_evaluacion_desde_soles"":49,""curso_en_vivo_desde_soles"":199,""curso_tecnico_especializado_desde_soles"":199,""programa_especializacion_desde_soles"":199,""capacitacion_institucional_desde_soles"":500,""precio_pago_texto"":""Acceso completo desde S/ 199"",""politica_precio"":""Consulta disponibilidad, fecha de inicio, modalidad, horario y forma de pago antes de reservar tu vacante."",""nota_precio_mooc"":""Consulta disponibilidad, fecha de inicio, modalidad, horario y forma de pago antes de reservar tu vacante.""}","PEN/USD","100","5.40","0.30","106.025370","109","PRECIO_BASE_USD_DEFINIDO","data/catalogo-general-cursos.json"
"transporte-de-materiales","Transporte de materiales","TW Educa","Ingeniería mecánica de fluidos, energía y recursos hídricos","curso","{""precio_peru_igv_soles"":149,""precio_internacional_usd"":85,""precio_mooc_soles"":0,""certificado_desde_soles"":49,""certificado_digital_basico_desde_soles"":19,""certificado_con_evaluacion_desde_soles"":49,""curso_en_vivo_desde_soles"":149,""curso_tecnico_especializado_desde_soles"":149,""programa_especializacion_desde_soles"":null,""capacitacion_institucional_desde_soles"":500,""precio_pago_texto"":""Acceso completo desde S/ 149"",""politica_precio"":""Consulta disponibilidad, fecha de inicio, modalidad, horario y forma de pago antes de reservar tu vacante."",""nota_precio_mooc"":""Consulta disponibilidad, fecha de inicio, modalidad, horario y forma de pago antes de reservar tu vacante.""}","PEN/USD","85","5.40","0.30","90.169134","99","PRECIO_BASE_USD_DEFINIDO","data/catalogo-general-cursos.json"
"turbomaquinas-i","Turbomáquinas I","TW Educa","Ingeniería mecánica de fluidos, energía y recursos hídricos","curso","{""precio_peru_igv_soles"":199,""precio_internacional_usd"":100,""precio_mooc_soles"":0,""certificado_desde_soles"":49,""certificado_digital_basico_desde_soles"":19,""certificado_con_evaluacion_desde_soles"":49,""curso_en_vivo_desde_soles"":199,""curso_tecnico_especializado_desde_soles"":199,""programa_especializacion_desde_soles"":199,""capacitacion_institucional_desde_soles"":500,""precio_pago_texto"":""Acceso completo desde S/ 199"",""politica_precio"":""Consulta disponibilidad, fecha de inicio, modalidad, horario y forma de pago antes de reservar tu vacante."",""nota_precio_mooc"":""Consulta disponibilidad, fecha de inicio, modalidad, horario y forma de pago antes de reservar tu vacante.""}","PEN/USD","100","5.40","0.30","106.025370","109","PRECIO_BASE_USD_DEFINIDO","data/catalogo-general-cursos.json"
"turbomaquinas-ii","Turbomáquinas II","TW Educa","Ingeniería mecánica de fluidos, energía y recursos hídricos","curso","{""precio_peru_igv_soles"":199,""precio_internacional_usd"":110,""precio_mooc_soles"":0,""certificado_desde_soles"":49,""certificado_digital_basico_desde_soles"":19,""certificado_con_evaluacion_desde_soles"":49,""curso_en_vivo_desde_soles"":199,""curso_tecnico_especializado_desde_soles"":199,""programa_especializacion_desde_soles"":199,""capacitacion_institucional_desde_soles"":500,""precio_pago_texto"":""Acceso completo desde S/ 199"",""politica_precio"":""Consulta disponibilidad, fecha de inicio, modalidad, horario y forma de pago antes de reservar tu vacante."",""nota_precio_mooc"":""Consulta disponibilidad, fecha de inicio, modalidad, horario y forma de pago antes de reservar tu vacante.""}","PEN/USD","110","5.40","0.30","116.596195","119","PRECIO_BASE_USD_DEFINIDO","data/catalogo-general-cursos.json"
"variable-compleja","Variable compleja","TW Educa","Ingeniería mecánica de fluidos, energía y recursos hídricos","curso","{""precio_peru_igv_soles"":199,""precio_internacional_usd"":75,""precio_mooc_soles"":0,""certificado_desde_soles"":49,""certificado_digital_basico_desde_soles"":19,""certificado_con_evaluacion_desde_soles"":49,""curso_en_vivo_desde_soles"":199,""curso_tecnico_especializado_desde_soles"":199,""programa_especializacion_desde_soles"":199,""capacitacion_institucional_desde_soles"":500,""precio_pago_texto"":""Acceso completo desde S/ 199"",""politica_precio"":""Consulta disponibilidad, fecha de inicio, modalidad, horario y forma de pago antes de reservar tu vacante."",""nota_precio_mooc"":""Consulta disponibilidad, fecha de inicio, modalidad, horario y forma de pago antes de reservar tu vacante.""}","PEN/USD","75","5.40","0.30","79.598309","89","PRECIO_BASE_USD_DEFINIDO","data/catalogo-general-cursos.json"
"ventilacion-industrial","Ventilación industrial","TW Educa","Ingeniería mecánica de fluidos, energía y recursos hídricos","curso","{""precio_peru_igv_soles"":149,""precio_internacional_usd"":85,""precio_mooc_soles"":0,""certificado_desde_soles"":49,""certificado_digital_basico_desde_soles"":19,""certificado_con_evaluacion_desde_soles"":49,""curso_en_vivo_desde_soles"":149,""curso_tecnico_especializado_desde_soles"":149,""programa_especializacion_desde_soles"":null,""capacitacion_institucional_desde_soles"":500,""precio_pago_texto"":""Acceso completo desde S/ 149"",""politica_precio"":""Consulta disponibilidad, fecha de inicio, modalidad, horario y forma de pago antes de reservar tu vacante."",""nota_precio_mooc"":""Consulta disponibilidad, fecha de inicio, modalidad, horario y forma de pago antes de reservar tu vacante.""}","PEN/USD","85","5.40","0.30","90.169134","99","PRECIO_BASE_USD_DEFINIDO","data/catalogo-general-cursos.json"
"aprendizaje-por-reforzamiento","Aprendizaje por reforzamiento","TW Educa","Inteligencia artificial y ciencia de datos","curso","{""precio_peru_igv_soles"":199,""precio_internacional_usd"":110,""precio_mooc_soles"":0,""certificado_desde_soles"":49,""certificado_digital_basico_desde_soles"":19,""certificado_con_evaluacion_desde_soles"":49,""curso_en_vivo_desde_soles"":199,""curso_tecnico_especializado_desde_soles"":199,""programa_especializacion_desde_soles"":199,""capacitacion_institucional_desde_soles"":500,""precio_pago_texto"":""Acceso completo desde S/ 199"",""politica_precio"":""Consulta disponibilidad, fecha de inicio, modalidad, horario y forma de pago antes de reservar tu vacante."",""nota_precio_mooc"":""Consulta disponibilidad, fecha de inicio, modalidad, horario y forma de pago antes de reservar tu vacante.""}","PEN/USD","110","5.40","0.30","116.596195","119","PRECIO_BASE_USD_DEFINIDO","data/catalogo-general-cursos.json"
"big-data-aplicado-a-ingenieria-y-negocios","Big Data aplicado a ingeniería y negocios","TW Educa","Inteligencia artificial y ciencia de datos","curso","{""precio_peru_igv_soles"":149,""precio_internacional_usd"":100,""precio_mooc_soles"":0,""certificado_desde_soles"":49,""certificado_digital_basico_desde_soles"":19,""certificado_con_evaluacion_desde_soles"":49,""curso_en_vivo_desde_soles"":149,""curso_tecnico_especializado_desde_soles"":149,""programa_especializacion_desde_soles"":199,""capacitacion_institucional_desde_soles"":500,""precio_pago_texto"":""Acceso completo desde S/ 149"",""politica_precio"":""Consulta disponibilidad, fecha de inicio, modalidad, horario y forma de pago antes de reservar tu vacante."",""nota_precio_mooc"":""Consulta disponibilidad, fecha de inicio, modalidad, horario y forma de pago antes de reservar tu vacante.""}","PEN/USD","100","5.40","0.30","106.025370","109","PRECIO_BASE_USD_DEFINIDO","data/catalogo-general-cursos.json"
"computacion-evolutiva","Computación evolutiva","TW Educa","Inteligencia artificial y ciencia de datos","curso","{""precio_peru_igv_soles"":199,""precio_internacional_usd"":85,""precio_mooc_soles"":0,""certificado_desde_soles"":49,""certificado_digital_basico_desde_soles"":19,""certificado_con_evaluacion_desde_soles"":49,""curso_en_vivo_desde_soles"":199,""curso_tecnico_especializado_desde_soles"":199,""programa_especializacion_desde_soles"":199,""capacitacion_institucional_desde_soles"":500,""precio_pago_texto"":""Acceso completo desde S/ 199"",""politica_precio"":""Consulta disponibilidad, fecha de inicio, modalidad, horario y forma de pago antes de reservar tu vacante."",""nota_precio_mooc"":""Consulta disponibilidad, fecha de inicio, modalidad, horario y forma de pago antes de reservar tu vacante.""}","PEN/USD","85","5.40","0.30","90.169134","99","PRECIO_BASE_USD_DEFINIDO","data/catalogo-general-cursos.json"
"fundamentos-de-inteligencia-artificial-y-machine-learning","Fundamentos de Inteligencia Artificial y Machine Learning","TW Educa","Inteligencia artificial y ciencia de datos","curso","{""precio_peru_igv_soles"":149,""precio_internacional_usd"":100,""precio_mooc_soles"":0,""certificado_desde_soles"":49,""certificado_digital_basico_desde_soles"":19,""certificado_con_evaluacion_desde_soles"":49,""curso_en_vivo_desde_soles"":149,""curso_tecnico_especializado_desde_soles"":149,""programa_especializacion_desde_soles"":199,""capacitacion_institucional_desde_soles"":500,""precio_pago_texto"":""Acceso completo desde S/ 149"",""politica_precio"":""Consulta disponibilidad, fecha de inicio, modalidad, horario y forma de pago antes de reservar tu vacante."",""nota_precio_mooc"":""Consulta disponibilidad, fecha de inicio, modalidad, horario y forma de pago antes de reservar tu vacante.""}","PEN/USD","100","5.40","0.30","106.025370","109","PRECIO_BASE_USD_DEFINIDO","data/catalogo-general-cursos.json"
"matematica-para-machine-learning","Matemática para Machine Learning","TW Educa","Inteligencia artificial y ciencia de datos","curso","{""precio_peru_igv_soles"":149,""precio_internacional_usd"":100,""precio_mooc_soles"":0,""certificado_desde_soles"":49,""certificado_digital_basico_desde_soles"":19,""certificado_con_evaluacion_desde_soles"":49,""curso_en_vivo_desde_soles"":149,""curso_tecnico_especializado_desde_soles"":149,""programa_especializacion_desde_soles"":199,""capacitacion_institucional_desde_soles"":500,""precio_pago_texto"":""Acceso completo desde S/ 149"",""politica_precio"":""Consulta disponibilidad, fecha de inicio, modalidad, horario y forma de pago antes de reservar tu vacante."",""nota_precio_mooc"":""Consulta disponibilidad, fecha de inicio, modalidad, horario y forma de pago antes de reservar tu vacante.""}","PEN/USD","100","5.40","0.30","106.025370","109","PRECIO_BASE_USD_DEFINIDO","data/catalogo-general-cursos.json"
"procesamiento-de-lenguaje-natural","Procesamiento de lenguaje natural","TW Educa","Inteligencia artificial y ciencia de datos","curso","{""precio_peru_igv_soles"":199,""precio_internacional_usd"":110,""precio_mooc_soles"":0,""certificado_desde_soles"":49,""certificado_digital_basico_desde_soles"":19,""certificado_con_evaluacion_desde_soles"":49,""curso_en_vivo_desde_soles"":199,""curso_tecnico_especializado_desde_soles"":199,""programa_especializacion_desde_soles"":199,""capacitacion_institucional_desde_soles"":500,""precio_pago_texto"":""Acceso completo desde S/ 199"",""politica_precio"":""Consulta disponibilidad, fecha de inicio, modalidad, horario y forma de pago antes de reservar tu vacante."",""nota_precio_mooc"":""Consulta disponibilidad, fecha de inicio, modalidad, horario y forma de pago antes de reservar tu vacante.""}","PEN/USD","110","5.40","0.30","116.596195","119","PRECIO_BASE_USD_DEFINIDO","data/catalogo-general-cursos.json"
"programacion-para-machine-learning-con-python-y-c","Programación para Machine Learning con Python y C++","TW Educa","Inteligencia artificial y ciencia de datos","curso","{""precio_peru_igv_soles"":199,""precio_internacional_usd"":100,""precio_mooc_soles"":0,""certificado_desde_soles"":49,""certificado_digital_basico_desde_soles"":19,""certificado_con_evaluacion_desde_soles"":49,""curso_en_vivo_desde_soles"":199,""curso_tecnico_especializado_desde_soles"":199,""programa_especializacion_desde_soles"":199,""capacitacion_institucional_desde_soles"":500,""precio_pago_texto"":""Acceso completo desde S/ 199"",""politica_precio"":""Consulta disponibilidad, fecha de inicio, modalidad, horario y forma de pago antes de reservar tu vacante."",""nota_precio_mooc"":""Consulta disponibilidad, fecha de inicio, modalidad, horario y forma de pago antes de reservar tu vacante.""}","PEN/USD","100","5.40","0.30","106.025370","109","PRECIO_BASE_USD_DEFINIDO","data/catalogo-general-cursos.json"
"proyecto-de-investigacion-aplicada-en-inteligencia-artificial-i","Proyecto de investigación aplicada en inteligencia artificial I","TW Educa","Inteligencia artificial y ciencia de datos","curso","{""precio_peru_igv_soles"":199,""precio_internacional_usd"":125,""precio_mooc_soles"":0,""certificado_desde_soles"":49,""certificado_digital_basico_desde_soles"":19,""certificado_con_evaluacion_desde_soles"":49,""curso_en_vivo_desde_soles"":199,""curso_tecnico_especializado_desde_soles"":199,""programa_especializacion_desde_soles"":199,""capacitacion_institucional_desde_soles"":500,""precio_pago_texto"":""Acceso completo desde S/ 199"",""politica_precio"":""Consulta disponibilidad, fecha de inicio, modalidad, horario y forma de pago antes de reservar tu vacante."",""nota_precio_mooc"":""Consulta disponibilidad, fecha de inicio, modalidad, horario y forma de pago antes de reservar tu vacante.""}","PEN/USD","125","5.40","0.30","132.452432","139","PRECIO_BASE_USD_DEFINIDO","data/catalogo-general-cursos.json"
"proyecto-de-investigacion-aplicada-en-inteligencia-artificial-ii","Proyecto de investigación aplicada en inteligencia artificial II","TW Educa","Inteligencia artificial y ciencia de datos","curso","{""precio_peru_igv_soles"":199,""precio_internacional_usd"":125,""precio_mooc_soles"":0,""certificado_desde_soles"":49,""certificado_digital_basico_desde_soles"":19,""certificado_con_evaluacion_desde_soles"":49,""curso_en_vivo_desde_soles"":199,""curso_tecnico_especializado_desde_soles"":199,""programa_especializacion_desde_soles"":199,""capacitacion_institucional_desde_soles"":500,""precio_pago_texto"":""Acceso completo desde S/ 199"",""politica_precio"":""Consulta disponibilidad, fecha de inicio, modalidad, horario y forma de pago antes de reservar tu vacante."",""nota_precio_mooc"":""Consulta disponibilidad, fecha de inicio, modalidad, horario y forma de pago antes de reservar tu vacante.""}","PEN/USD","125","5.40","0.30","132.452432","139","PRECIO_BASE_USD_DEFINIDO","data/catalogo-general-cursos.json"
"redes-neuronales-y-aprendizaje-profundo","Redes neuronales y aprendizaje profundo","TW Educa","Inteligencia artificial y ciencia de datos","curso","{""precio_peru_igv_soles"":199,""precio_internacional_usd"":125,""precio_mooc_soles"":0,""certificado_desde_soles"":49,""certificado_digital_basico_desde_soles"":19,""certificado_con_evaluacion_desde_soles"":49,""curso_en_vivo_desde_soles"":199,""curso_tecnico_especializado_desde_soles"":199,""programa_especializacion_desde_soles"":199,""capacitacion_institucional_desde_soles"":500,""precio_pago_texto"":""Acceso completo desde S/ 199"",""politica_precio"":""Consulta disponibilidad, fecha de inicio, modalidad, horario y forma de pago antes de reservar tu vacante."",""nota_precio_mooc"":""Consulta disponibilidad, fecha de inicio, modalidad, horario y forma de pago antes de reservar tu vacante.""}","PEN/USD","125","5.40","0.30","132.452432","139","PRECIO_BASE_USD_DEFINIDO","data/catalogo-general-cursos.json"
"robotica-y-sistemas-autonomos","Robótica y sistemas autónomos","TW Educa","Inteligencia artificial y ciencia de datos","curso","{""precio_peru_igv_soles"":199,""precio_internacional_usd"":110,""precio_mooc_soles"":0,""certificado_desde_soles"":49,""certificado_digital_basico_desde_soles"":19,""certificado_con_evaluacion_desde_soles"":49,""curso_en_vivo_desde_soles"":199,""curso_tecnico_especializado_desde_soles"":199,""programa_especializacion_desde_soles"":199,""capacitacion_institucional_desde_soles"":500,""precio_pago_texto"":""Acceso completo desde S/ 199"",""politica_precio"":""Consulta disponibilidad, fecha de inicio, modalidad, horario y forma de pago antes de reservar tu vacante."",""nota_precio_mooc"":""Consulta disponibilidad, fecha de inicio, modalidad, horario y forma de pago antes de reservar tu vacante.""}","PEN/USD","110","5.40","0.30","116.596195","119","PRECIO_BASE_USD_DEFINIDO","data/catalogo-general-cursos.json"
"sistemas-embebidos-y-tiempo-real-para-ia","Sistemas embebidos y tiempo real para IA","TW Educa","Inteligencia artificial y ciencia de datos","curso","{""precio_peru_igv_soles"":199,""precio_internacional_usd"":110,""precio_mooc_soles"":0,""certificado_desde_soles"":49,""certificado_digital_basico_desde_soles"":19,""certificado_con_evaluacion_desde_soles"":49,""curso_en_vivo_desde_soles"":199,""curso_tecnico_especializado_desde_soles"":199,""programa_especializacion_desde_soles"":199,""capacitacion_institucional_desde_soles"":500,""precio_pago_texto"":""Acceso completo desde S/ 199"",""politica_precio"":""Consulta disponibilidad, fecha de inicio, modalidad, horario y forma de pago antes de reservar tu vacante."",""nota_precio_mooc"":""Consulta disponibilidad, fecha de inicio, modalidad, horario y forma de pago antes de reservar tu vacante.""}","PEN/USD","110","5.40","0.30","116.596195","119","PRECIO_BASE_USD_DEFINIDO","data/catalogo-general-cursos.json"
"vision-por-computador-con-python","Visión por computador con Python","TW Educa","Inteligencia artificial y ciencia de datos","curso","{""precio_peru_igv_soles"":199,""precio_internacional_usd"":110,""precio_mooc_soles"":0,""certificado_desde_soles"":49,""certificado_digital_basico_desde_soles"":19,""certificado_con_evaluacion_desde_soles"":49,""curso_en_vivo_desde_soles"":199,""curso_tecnico_especializado_desde_soles"":199,""programa_especializacion_desde_soles"":199,""capacitacion_institucional_desde_soles"":500,""precio_pago_texto"":""Acceso completo desde S/ 199"",""politica_precio"":""Consulta disponibilidad, fecha de inicio, modalidad, horario y forma de pago antes de reservar tu vacante."",""nota_precio_mooc"":""Consulta disponibilidad, fecha de inicio, modalidad, horario y forma de pago antes de reservar tu vacante.""}","PEN/USD","110","5.40","0.30","116.596195","119","PRECIO_BASE_USD_DEFINIDO","data/catalogo-general-cursos.json"
"delft3d-wave-and-flow","Delft3D Wave and Flow","TW Educa","Modelamiento hidro-oceanográfico","curso","{""precio_peru_igv_soles"":99,""precio_internacional_usd"":75,""precio_mooc_soles"":0,""certificado_desde_soles"":49,""certificado_digital_basico_desde_soles"":19,""certificado_con_evaluacion_desde_soles"":49,""curso_en_vivo_desde_soles"":99,""curso_tecnico_especializado_desde_soles"":99,""programa_especializacion_desde_soles"":199,""capacitacion_institucional_desde_soles"":500,""precio_pago_texto"":""Acceso completo desde S/ 99"",""politica_precio"":""Consulta disponibilidad, fecha de inicio, modalidad, horario y forma de pago antes de reservar tu vacante."",""nota_precio_mooc"":""Consulta disponibilidad, fecha de inicio, modalidad, horario y forma de pago antes de reservar tu vacante.""}","PEN/USD","75","5.40","0.30","79.598309","89","PRECIO_BASE_USD_DEFINIDO","data/catalogo-general-cursos.json"
"metodos-numericos-con-fortran","Métodos numéricos con Fortran","TW Educa","Métodos numéricos","curso","{""precio_peru_igv_soles"":99,""precio_internacional_usd"":70,""precio_mooc_soles"":0,""certificado_desde_soles"":49,""certificado_digital_basico_desde_soles"":19,""certificado_con_evaluacion_desde_soles"":49,""curso_en_vivo_desde_soles"":99,""curso_tecnico_especializado_desde_soles"":99,""programa_especializacion_desde_soles"":null,""capacitacion_institucional_desde_soles"":500,""precio_pago_texto"":""Acceso completo desde S/ 99"",""politica_precio"":""Consulta disponibilidad, fecha de inicio, modalidad, horario y forma de pago antes de reservar tu vacante."",""nota_precio_mooc"":""Consulta disponibilidad, fecha de inicio, modalidad, horario y forma de pago antes de reservar tu vacante.""}","PEN/USD","70","5.40","0.30","74.312897","79","PRECIO_BASE_USD_DEFINIDO","data/catalogo-general-cursos.json"
"metodos-numericos-con-matlab","Métodos numéricos con MATLAB","TW Educa","Métodos numéricos","curso","{""precio_peru_igv_soles"":99,""precio_internacional_usd"":70,""precio_mooc_soles"":0,""certificado_desde_soles"":49,""certificado_digital_basico_desde_soles"":19,""certificado_con_evaluacion_desde_soles"":49,""curso_en_vivo_desde_soles"":99,""curso_tecnico_especializado_desde_soles"":99,""programa_especializacion_desde_soles"":null,""capacitacion_institucional_desde_soles"":500,""precio_pago_texto"":""Acceso completo desde S/ 99"",""politica_precio"":""Consulta disponibilidad, fecha de inicio, modalidad, horario y forma de pago antes de reservar tu vacante."",""nota_precio_mooc"":""Consulta disponibilidad, fecha de inicio, modalidad, horario y forma de pago antes de reservar tu vacante.""}","PEN/USD","70","5.40","0.30","74.312897","79","PRECIO_BASE_USD_DEFINIDO","data/catalogo-general-cursos.json"
"fortran-77-y-fortran-90-para-principiantes","Fortran 77 y Fortran 90 para principiantes","TW Educa","Programación científica","curso","{""precio_peru_igv_soles"":99,""precio_internacional_usd"":55,""precio_mooc_soles"":0,""certificado_desde_soles"":49,""certificado_digital_basico_desde_soles"":19,""certificado_con_evaluacion_desde_soles"":49,""curso_en_vivo_desde_soles"":99,""curso_tecnico_especializado_desde_soles"":99,""programa_especializacion_desde_soles"":null,""capacitacion_institucional_desde_soles"":500,""precio_pago_texto"":""Acceso completo desde S/ 99"",""politica_precio"":""Consulta disponibilidad, fecha de inicio, modalidad, horario y forma de pago antes de reservar tu vacante."",""nota_precio_mooc"":""Consulta disponibilidad, fecha de inicio, modalidad, horario y forma de pago antes de reservar tu vacante.""}","PEN/USD","55","5.40","0.30","58.456660","59","PRECIO_BASE_USD_DEFINIDO","data/catalogo-general-cursos.json"
"programacion-de-matlab","Programación de MATLAB","TW Educa","Programación científica","curso","{""precio_peru_igv_soles"":99,""precio_internacional_usd"":60,""precio_mooc_soles"":0,""certificado_desde_soles"":49,""certificado_digital_basico_desde_soles"":19,""certificado_con_evaluacion_desde_soles"":49,""curso_en_vivo_desde_soles"":99,""curso_tecnico_especializado_desde_soles"":99,""programa_especializacion_desde_soles"":null,""capacitacion_institucional_desde_soles"":500,""precio_pago_texto"":""Acceso completo desde S/ 99"",""politica_precio"":""Consulta disponibilidad, fecha de inicio, modalidad, horario y forma de pago antes de reservar tu vacante."",""nota_precio_mooc"":""Consulta disponibilidad, fecha de inicio, modalidad, horario y forma de pago antes de reservar tu vacante.""}","PEN/USD","60","5.40","0.30","63.742072","69","PRECIO_BASE_USD_DEFINIDO","data/catalogo-general-cursos.json"
"latex-para-redaccion-tecnica-y-cientifica","LaTeX para redacción técnica y científica","TW Educa","Redacción técnica","curso","{""precio_peru_igv_soles"":99,""precio_internacional_usd"":45,""precio_mooc_soles"":0,""certificado_desde_soles"":49,""certificado_digital_basico_desde_soles"":19,""certificado_con_evaluacion_desde_soles"":49,""curso_en_vivo_desde_soles"":99,""curso_tecnico_especializado_desde_soles"":99,""programa_especializacion_desde_soles"":null,""capacitacion_institucional_desde_soles"":500,""precio_pago_texto"":""Acceso completo desde S/ 99"",""politica_precio"":""Consulta disponibilidad, fecha de inicio, modalidad, horario y forma de pago antes de reservar tu vacante."",""nota_precio_mooc"":""Consulta disponibilidad, fecha de inicio, modalidad, horario y forma de pago antes de reservar tu vacante.""}","PEN/USD","45","5.40","0.30","47.885836","49","PRECIO_BASE_USD_DEFINIDO","data/catalogo-general-cursos.json"
"odoo-erp-para-administracion-empresarial","Odoo ERP para administración empresarial","TW Educa","Sistemas empresariales","curso","{""precio_peru_igv_soles"":99,""precio_internacional_usd"":55,""precio_mooc_soles"":0,""certificado_desde_soles"":49,""certificado_digital_basico_desde_soles"":19,""certificado_con_evaluacion_desde_soles"":49,""curso_en_vivo_desde_soles"":99,""curso_tecnico_especializado_desde_soles"":99,""programa_especializacion_desde_soles"":null,""capacitacion_institucional_desde_soles"":500,""precio_pago_texto"":""Acceso completo desde S/ 99"",""politica_precio"":""Consulta disponibilidad, fecha de inicio, modalidad, horario y forma de pago antes de reservar tu vacante."",""nota_precio_mooc"":""Consulta disponibilidad, fecha de inicio, modalidad, horario y forma de pago antes de reservar tu vacante.""}","PEN/USD","55","5.40","0.30","58.456660","59","PRECIO_BASE_USD_DEFINIDO","data/catalogo-general-cursos.json"
"tw-construye-metrados","Metrados de obra civil y arquitectura","TW Construye","Presupuestos","Servicio","{""precio_desde_soles_igv"":250,""precio_internacional_usd"":90,""precio_soles_texto"":""Desde S/ 250"",""precio_usd_texto"":""Desde USD 90""}","PEN/USD","90","5.40","0.30","95.454546","99","PRECIO_BASE_USD_DEFINIDO","data/catalogo-tw-construye.json"
"tw-construye-presupuesto","Presupuesto de obra y análisis de costos unitarios","TW Construye","Presupuestos","Servicio","{""precio_desde_soles_igv"":350,""precio_internacional_usd"":120,""precio_soles_texto"":""Desde S/ 350"",""precio_usd_texto"":""Desde USD 120""}","PEN/USD","120","5.40","0.30","127.167020","129","PRECIO_BASE_USD_DEFINIDO","data/catalogo-tw-construye.json"
"tw-construye-planos-basicos","Dibujo y digitalización de planos en CAD","TW Construye","Planos","Servicio","{""precio_desde_soles_igv"":180,""precio_internacional_usd"":65,""precio_soles_texto"":""Desde S/ 180"",""precio_usd_texto"":""Desde USD 65""}","PEN/USD","65","5.40","0.30","69.027485","79","PRECIO_BASE_USD_DEFINIDO","data/catalogo-tw-construye.json"
"tw-construye-modelado-3d","Modelado 3D arquitectónico básico","TW Construye","Visualización","Servicio","{""precio_desde_soles_igv"":450,""precio_internacional_usd"":150,""precio_soles_texto"":""Desde S/ 450"",""precio_usd_texto"":""Desde USD 150""}","PEN/USD","150","5.40","0.30","158.879493","159","PRECIO_BASE_USD_DEFINIDO","data/catalogo-tw-construye.json"
"tw-construye-remodelacion","Remodelaciones y adecuaciones de espacios","TW Construye","Obra menor","Servicio","{""precio_desde_soles_igv"":1200,""precio_internacional_usd"":360,""precio_soles_texto"":""Desde S/ 1200"",""precio_usd_texto"":""Desde USD 360""}","PEN/USD","360","5.40","0.30","380.866808","389","PRECIO_BASE_USD_DEFINIDO","data/catalogo-tw-construye.json"
"tw-construye-supervision","Asistencia técnica y supervisión de obra menor","TW Construye","Control de obra","Servicio","{""precio_desde_soles_igv"":300,""precio_internacional_usd"":100,""precio_soles_texto"":""Desde S/ 300"",""precio_usd_texto"":""Desde USD 100""}","PEN/USD","100","5.40","0.30","106.025370","109","PRECIO_BASE_USD_DEFINIDO","data/catalogo-tw-construye.json"
"tw-construye-instalaciones-electricas","Revisión y mejora de instalaciones eléctricas básicas","TW Construye","Instalaciones","Servicio técnico","{""precio_desde_soles_igv"":180,""precio_internacional_usd"":70,""precio_soles_texto"":""Desde S/ 180"",""precio_usd_texto"":""Desde USD 70""}","PEN/USD","70","5.40","0.30","74.312897","79","PRECIO_BASE_USD_DEFINIDO","data/catalogo-tw-construye.json"
"tw-construye-instalaciones-sanitarias","Revisión y mejora de instalaciones sanitarias básicas","TW Construye","Instalaciones","Servicio técnico","{""precio_desde_soles_igv"":180,""precio_internacional_usd"":70,""precio_soles_texto"":""Desde S/ 180"",""precio_usd_texto"":""Desde USD 70""}","PEN/USD","70","5.40","0.30","74.312897","79","PRECIO_BASE_USD_DEFINIDO","data/catalogo-tw-construye.json"
"tw-construye-expediente-menor","Expediente técnico simplificado para obra menor","TW Construye","Documentación técnica","Servicio","{""precio_desde_soles_igv"":950,""precio_internacional_usd"":280,""precio_soles_texto"":""Desde S/ 950"",""precio_usd_texto"":""Desde USD 280""}","PEN/USD","280","5.40","0.30","296.300212","299","PRECIO_BASE_USD_DEFINIDO","data/catalogo-tw-construye.json"
"tw-construye-seguridad-obra","Checklist de seguridad para obra menor","TW Construye","Seguridad","Servicio","{""precio_desde_soles_igv"":250,""precio_internacional_usd"":90,""precio_soles_texto"":""Desde S/ 250"",""precio_usd_texto"":""Desde USD 90""}","PEN/USD","90","5.40","0.30","95.454546","99","PRECIO_BASE_USD_DEFINIDO","data/catalogo-tw-construye.json"
"tw-construye-bim-basico","Modelado BIM básico y coordinación visual","TW Construye","BIM y digitalización","Servicio","{""precio_desde_soles_igv"":700,""precio_internacional_usd"":220,""precio_soles_texto"":""Desde S/ 700"",""precio_usd_texto"":""Desde USD 220""}","PEN/USD","220","5.40","0.30","232.875265","239","PRECIO_BASE_USD_DEFINIDO","data/catalogo-tw-construye.json"
"tw-construye-gestion-proyecto","Gestión básica de proyecto de construcción","TW Construye","Gestión","Servicio","{""precio_desde_soles_igv"":600,""precio_internacional_usd"":190,""precio_soles_texto"":""Desde S/ 600"",""precio_usd_texto"":""Desde USD 190""}","PEN/USD","190","5.40","0.30","201.162791","209","PRECIO_BASE_USD_DEFINIDO","data/catalogo-tw-construye.json"
"tw-construye-tasacion-referencial","Evaluación referencial de costos de mejora o remodelación","TW Construye","Evaluación técnica","Servicio","{""precio_desde_soles_igv"":220,""precio_internacional_usd"":80,""precio_soles_texto"":""Desde S/ 220"",""precio_usd_texto"":""Desde USD 80""}","PEN/USD","80","5.40","0.30","84.883721","89","PRECIO_BASE_USD_DEFINIDO","data/catalogo-tw-construye.json"
"tw-construye-capacitacion-costos","Curso de metrados, costos y presupuestos","TW Construye","Capacitación","Curso","{""precio_desde_soles_igv"":189,""precio_internacional_usd"":59,""precio_soles_texto"":""Desde S/ 189"",""precio_usd_texto"":""Desde USD 59""}","PEN/USD","59","5.40","0.30","62.684990","69","PRECIO_BASE_USD_DEFINIDO","data/catalogo-tw-construye.json"
"tw-construye-capacitacion-autocad","Curso de AutoCAD aplicado a planos técnicos","TW Construye","Capacitación","Curso","{""precio_desde_soles_igv"":189,""precio_internacional_usd"":59,""precio_soles_texto"":""Desde S/ 189"",""precio_usd_texto"":""Desde USD 59""}","PEN/USD","59","5.40","0.30","62.684990","69","PRECIO_BASE_USD_DEFINIDO","data/catalogo-tw-construye.json"
"tw-innova-software-medida","Desarrollo de software a medida","TW Innova","Desarrollo de software","Servicio","{""precio_desde_soles_igv"":1800,""precio_internacional_usd"":520,""precio_soles_texto"":""Desde S/ 1800"",""precio_usd_texto"":""Desde USD 520""}","PEN/USD","520","5.40","0.30","550.000000","559","PRECIO_BASE_USD_DEFINIDO","data/catalogo-tw-innova.json"
"tw-innova-web-empresarial","Sitio web empresarial en GitHub Pages","TW Innova","Desarrollo web","Servicio","{""precio_desde_soles_igv"":950,""precio_internacional_usd"":280,""precio_soles_texto"":""Desde S/ 950"",""precio_usd_texto"":""Desde USD 280""}","PEN/USD","280","5.40","0.30","296.300212","299","PRECIO_BASE_USD_DEFINIDO","data/catalogo-tw-innova.json"
"tw-innova-catalogo-whatsapp","Catálogo web con flujo de compra por WhatsApp","TW Innova","Comercio digital","Producto/Servicio","{""precio_desde_soles_igv"":1200,""precio_internacional_usd"":350,""precio_soles_texto"":""Desde S/ 1200"",""precio_usd_texto"":""Desde USD 350""}","PEN/USD","350","5.40","0.30","370.295984","379","PRECIO_BASE_USD_DEFINIDO","data/catalogo-tw-innova.json"
"tw-innova-dashboard-datos","Dashboard interactivo con datos JSON/CSV","TW Innova","Dashboards","Servicio","{""precio_desde_soles_igv"":1500,""precio_internacional_usd"":450,""precio_soles_texto"":""Desde S/ 1500"",""precio_usd_texto"":""Desde USD 450""}","PEN/USD","450","5.40","0.30","476.004229","479","PRECIO_BASE_USD_DEFINIDO","data/catalogo-tw-innova.json"
"tw-innova-qgis-plugin","Desarrollo de plugin QGIS","TW Innova","GIS y geocómputo","Servicio","{""precio_desde_soles_igv"":2500,""precio_internacional_usd"":720,""precio_soles_texto"":""Desde S/ 2500"",""precio_usd_texto"":""Desde USD 720""}","PEN/USD","720","5.40","0.30","761.416491","769","PRECIO_BASE_USD_DEFINIDO","data/catalogo-tw-innova.json"
"tw-innova-python-automatizacion","Automatización con Python","TW Innova","Automatización","Servicio","{""precio_desde_soles_igv"":550,""precio_internacional_usd"":170,""precio_soles_texto"":""Desde S/ 550"",""precio_usd_texto"":""Desde USD 170""}","PEN/USD","170","5.40","0.30","180.021142","189","PRECIO_BASE_USD_DEFINIDO","data/catalogo-tw-innova.json"
"tw-innova-ia-aplicada","Prototipos de IA aplicada","TW Innova","Inteligencia artificial","Servicio I+D","{""precio_desde_soles_igv"":2200,""precio_internacional_usd"":650,""precio_soles_texto"":""Desde S/ 2200"",""precio_usd_texto"":""Desde USD 650""}","PEN/USD","650","5.40","0.30","687.420719","689","PRECIO_BASE_USD_DEFINIDO","data/catalogo-tw-innova.json"
"tw-innova-huggingface-space","Despliegue de demo en Hugging Face Spaces","TW Innova","Demos IA","Servicio","{""precio_desde_soles_igv"":950,""precio_internacional_usd"":280,""precio_soles_texto"":""Desde S/ 950"",""precio_usd_texto"":""Desde USD 280""}","PEN/USD","280","5.40","0.30","296.300212","299","PRECIO_BASE_USD_DEFINIDO","data/catalogo-tw-innova.json"
"tw-innova-metaquest-mantenimiento","Diagnóstico y mantenimiento preventivo Meta Quest 2, 3S y 3","TW Innova","XR y realidad virtual","Servicio técnico","{""precio_desde_soles_igv"":120,""precio_internacional_usd"":45,""precio_soles_texto"":""Desde S/ 120"",""precio_usd_texto"":""Desde USD 45""}","PEN/USD","45","5.40","0.30","47.885836","49","PRECIO_BASE_USD_DEFINIDO","data/catalogo-tw-innova.json"
"tw-innova-metaquest-capacitacion","Capacitación Meta Quest para educación y empresa","TW Innova","XR y realidad virtual","Curso/Servicio","{""precio_desde_soles_igv"":180,""precio_internacional_usd"":60,""precio_soles_texto"":""Desde S/ 180"",""precio_usd_texto"":""Desde USD 60""}","PEN/USD","60","5.40","0.30","63.742072","69","PRECIO_BASE_USD_DEFINIDO","data/catalogo-tw-innova.json"
"tw-innova-gpu-mantenimiento","Diagnóstico y mantenimiento preventivo de GPU","TW Innova","Hardware especializado","Servicio técnico","{""precio_desde_soles_igv"":160,""precio_internacional_usd"":55,""precio_soles_texto"":""Desde S/ 160"",""precio_usd_texto"":""Desde USD 55""}","PEN/USD","55","5.40","0.30","58.456660","59","PRECIO_BASE_USD_DEFINIDO","data/catalogo-tw-innova.json"
"tw-innova-estacion-ia","Armado y optimización de estación de trabajo para IA","TW Innova","Hardware IA","Servicio","{""precio_desde_soles_igv"":450,""precio_internacional_usd"":150,""precio_soles_texto"":""Desde S/ 450"",""precio_usd_texto"":""Desde USD 150""}","PEN/USD","150","5.40","0.30","158.879493","159","PRECIO_BASE_USD_DEFINIDO","data/catalogo-tw-innova.json"
"tw-innova-arduino-robotica-basica","Robótica con Arduino UNO/Nano/Mega","TW Innova","Robótica educativa","Curso/Proyecto","{""precio_desde_soles_igv"":199,""precio_internacional_usd"":69,""precio_soles_texto"":""Desde S/ 199"",""precio_usd_texto"":""Desde USD 69""}","PEN/USD","69","5.40","0.30","73.255814","79","PRECIO_BASE_USD_DEFINIDO","data/catalogo-tw-innova.json"
"tw-innova-arduino-line-follower","Robot seguidor de línea con PID y sensor ultrasónico","TW Innova","Robótica móvil","Curso/Proyecto","{""precio_desde_soles_igv"":249,""precio_internacional_usd"":79,""precio_soles_texto"":""Desde S/ 249"",""precio_usd_texto"":""Desde USD 79""}","PEN/USD","79","5.40","0.30","83.826639","89","PRECIO_BASE_USD_DEFINIDO","data/catalogo-tw-innova.json"
"tw-innova-iot-sensores","Prototipos IoT con sensores y dashboard","TW Innova","IoT","Servicio/Curso","{""precio_desde_soles_igv"":850,""precio_internacional_usd"":250,""precio_soles_texto"":""Desde S/ 850"",""precio_usd_texto"":""Desde USD 250""}","PEN/USD","250","5.40","0.30","264.587738","269","PRECIO_BASE_USD_DEFINIDO","data/catalogo-tw-innova.json"
"tw-innova-vision-opencv","Visión por computadora con OpenCV","TW Innova","Visión artificial","Curso/Servicio","{""precio_desde_soles_igv"":249,""precio_internacional_usd"":79,""precio_soles_texto"":""Desde S/ 249"",""precio_usd_texto"":""Desde USD 79""}","PEN/USD","79","5.40","0.30","83.826639","89","PRECIO_BASE_USD_DEFINIDO","data/catalogo-tw-innova.json"
"tw-innova-open-source-pack","Publicación de software open-source con manual PDF","TW Innova","Software open-source","Servicio","{""precio_desde_soles_igv"":700,""precio_internacional_usd"":220,""precio_soles_texto"":""Desde S/ 700"",""precio_usd_texto"":""Desde USD 220""}","PEN/USD","220","5.40","0.30","232.875265","239","PRECIO_BASE_USD_DEFINIDO","data/catalogo-tw-innova.json"
"tw-innova-appimage-launcher","AppImage Launcher Creator y Uninstaller","TW Innova","Linux","Software/Guía","{""precio_desde_soles_igv"":0,""precio_internacional_usd"":0,""precio_soles_texto"":""Desde S/ 0"",""precio_usd_texto"":""Desde USD 0""}","PEN/USD","0","5.40","0.30","","","NO_APLICA_PRECIO_FIJO","data/catalogo-tw-innova.json"
"tw-innova-ciberseguridad-basica","Auditoría técnica básica de sitio web estático","TW Innova","Seguridad","Servicio","{""precio_desde_soles_igv"":350,""precio_internacional_usd"":120,""precio_soles_texto"":""Desde S/ 350"",""precio_usd_texto"":""Desde USD 120""}","PEN/USD","120","5.40","0.30","127.167020","129","PRECIO_BASE_USD_DEFINIDO","data/catalogo-tw-innova.json"
"tw-innova-git-github","Git, GitHub y GitHub Pages para proyectos profesionales","TW Innova","DevOps básico","Curso","{""precio_desde_soles_igv"":159,""precio_internacional_usd"":49,""precio_soles_texto"":""Desde S/ 159"",""precio_usd_texto"":""Desde USD 49""}","PEN/USD","49","5.40","0.30","52.114165","59","PRECIO_BASE_USD_DEFINIDO","data/catalogo-tw-innova.json"
"corvus-ai-v4-alpha","CORVUS AI v4 alpha","TW Innova","Inteligencia artificial local","Software","{""precio_desde_soles_igv"":0,""precio_internacional_usd"":0,""precio_soles_texto"":""Gratis durante la etapa alfa"",""precio_usd_texto"":""Instalador alfa disponible""}","PEN/USD","0","5.40","0.30","","","NO_APLICA_PRECIO_FIJO","data/catalogo-tw-innova.json"
"tw-inox-barandas","Barandas y pasamanos en acero inoxidable","TW Inox","Arquitectura metálica","Servicio","{""precio_desde_soles_igv"":350,""precio_internacional_usd"":120,""precio_soles_texto"":""Desde S/ 350"",""precio_usd_texto"":""Desde USD 120""}","PEN/USD","120","5.40","0.30","127.167020","129","PRECIO_BASE_USD_DEFINIDO","data/catalogo-tw-inox.json"
"tw-inox-mesas-trabajo","Mesas de trabajo en acero inoxidable","TW Inox","Mobiliario inox","Servicio/Producto","{""precio_desde_soles_igv"":600,""precio_internacional_usd"":190,""precio_soles_texto"":""Desde S/ 600"",""precio_usd_texto"":""Desde USD 190""}","PEN/USD","190","5.40","0.30","201.162791","209","PRECIO_BASE_USD_DEFINIDO","data/catalogo-tw-inox.json"
"tw-inox-racks-estanterias","Racks, repisas y estanterías inoxidables","TW Inox","Almacenamiento","Servicio/Producto","{""precio_desde_soles_igv"":480,""precio_internacional_usd"":150,""precio_soles_texto"":""Desde S/ 480"",""precio_usd_texto"":""Desde USD 150""}","PEN/USD","150","5.40","0.30","158.879493","159","PRECIO_BASE_USD_DEFINIDO","data/catalogo-tw-inox.json"
"tw-inox-campanas-extraccion","Campanas de extracción y ductos inoxidables","TW Inox","Cocina e industria","Servicio","{""precio_desde_soles_igv"":1200,""precio_internacional_usd"":360,""precio_soles_texto"":""Desde S/ 1200"",""precio_usd_texto"":""Desde USD 360""}","PEN/USD","360","5.40","0.30","380.866808","389","PRECIO_BASE_USD_DEFINIDO","data/catalogo-tw-inox.json"
"tw-inox-lavaderos","Lavaderos y módulos inoxidables a medida","TW Inox","Sanitarios y cocina","Servicio/Producto","{""precio_desde_soles_igv"":650,""precio_internacional_usd"":200,""precio_soles_texto"":""Desde S/ 650"",""precio_usd_texto"":""Desde USD 200""}","PEN/USD","200","5.40","0.30","211.733616","219","PRECIO_BASE_USD_DEFINIDO","data/catalogo-tw-inox.json"
"tw-inox-carros-bandejas","Carros, bandejas y soportes inoxidables","TW Inox","Equipamiento operativo","Producto/Servicio","{""precio_desde_soles_igv"":450,""precio_internacional_usd"":140,""precio_soles_texto"":""Desde S/ 450"",""precio_usd_texto"":""Desde USD 140""}","PEN/USD","140","5.40","0.30","148.308669","149","PRECIO_BASE_USD_DEFINIDO","data/catalogo-tw-inox.json"
"tw-inox-protecciones","Rejas, protecciones y cerramientos metálicos","TW Inox","Seguridad y protección","Servicio","{""precio_desde_soles_igv"":450,""precio_internacional_usd"":150,""precio_soles_texto"":""Desde S/ 450"",""precio_usd_texto"":""Desde USD 150""}","PEN/USD","150","5.40","0.30","158.879493","159","PRECIO_BASE_USD_DEFINIDO","data/catalogo-tw-inox.json"
"tw-inox-estructuras-ligeras","Estructuras metálicas ligeras","TW Inox","Metalmecánica ligera","Servicio","{""precio_desde_soles_igv"":950,""precio_internacional_usd"":280,""precio_soles_texto"":""Desde S/ 950"",""precio_usd_texto"":""Desde USD 280""}","PEN/USD","280","5.40","0.30","296.300212","299","PRECIO_BASE_USD_DEFINIDO","data/catalogo-tw-inox.json"
"tw-inox-soldadura-tig","Soldadura TIG/MIG para piezas inoxidables","TW Inox","Soldadura","Servicio técnico","{""precio_desde_soles_igv"":120,""precio_internacional_usd"":50,""precio_soles_texto"":""Desde S/ 120"",""precio_usd_texto"":""Desde USD 50""}","PEN/USD","50","5.40","0.30","53.171248","59","PRECIO_BASE_USD_DEFINIDO","data/catalogo-tw-inox.json"
"tw-inox-mantenimiento","Mantenimiento y pulido de acero inoxidable","TW Inox","Mantenimiento","Servicio","{""precio_desde_soles_igv"":180,""precio_internacional_usd"":65,""precio_soles_texto"":""Desde S/ 180"",""precio_usd_texto"":""Desde USD 65""}","PEN/USD","65","5.40","0.30","69.027485","79","PRECIO_BASE_USD_DEFINIDO","data/catalogo-tw-inox.json"
"tw-inox-prototipos","Prototipos metálicos para ingeniería y hardware","TW Inox","Prototipado","Servicio I+D","{""precio_desde_soles_igv"":900,""precio_internacional_usd"":280,""precio_soles_texto"":""Desde S/ 900"",""precio_usd_texto"":""Desde USD 280""}","PEN/USD","280","5.40","0.30","296.300212","299","PRECIO_BASE_USD_DEFINIDO","data/catalogo-tw-inox.json"
"tw-inox-equipos-medicos-soportes","Soportes inoxidables para equipos y accesorios médicos no críticos","TW Inox","Salud y soporte","Servicio","{""precio_desde_soles_igv"":500,""precio_internacional_usd"":160,""precio_soles_texto"":""Desde S/ 500"",""precio_usd_texto"":""Desde USD 160""}","PEN/USD","160","5.40","0.30","169.450318","179","PRECIO_BASE_USD_DEFINIDO","data/catalogo-tw-inox.json"
"tw-interactive-hidrologia-recursos-hidricos","Hidrología aplicada y gestión de recursos hídricos","TW Interactive","Recursos hídricos","Estudio y consultoría técnica","{""precio_peru_desde_soles"":null,""precio_internacional_desde_usd"":null,""precio_desde_soles_igv"":null,""precio_internacional_usd"":null,""precio_soles_texto"":""Cotizar según alcance"",""precio_usd_texto"":""Cotizar según alcance""}","","","5.40","0.30","","","NO_APLICA_PRECIO_FIJO","data/catalogo-tw-interactive.json"
"tw-interactive-hidrometria-aforos","Hidrometría y aforos","TW Interactive","Medición hidrométrica","Campaña de campo y análisis","{""precio_peru_desde_soles"":null,""precio_internacional_desde_usd"":null,""precio_desde_soles_igv"":null,""precio_internacional_usd"":null,""precio_soles_texto"":""Cotizar según alcance"",""precio_usd_texto"":""Cotizar según alcance""}","","","5.40","0.30","","","NO_APLICA_PRECIO_FIJO","data/catalogo-tw-interactive.json"
"tw-interactive-geodesia-topografia-geomatica","Geodesia, topografía y geomática","TW Interactive","Geomática","Levantamiento y procesamiento geoespacial","{""precio_peru_desde_soles"":null,""precio_internacional_desde_usd"":null,""precio_desde_soles_igv"":null,""precio_internacional_usd"":null,""precio_soles_texto"":""Cotizar según alcance"",""precio_usd_texto"":""Cotizar según alcance""}","","","5.40","0.30","","","NO_APLICA_PRECIO_FIJO","data/catalogo-tw-interactive.json"
"tw-interactive-batimetria-hidrografia","Batimetría y levantamientos hidrográficos","TW Interactive","Hidrografía","Levantamiento hidrográfico","{""precio_peru_desde_soles"":null,""precio_internacional_desde_usd"":null,""precio_desde_soles_igv"":null,""precio_internacional_usd"":null,""precio_soles_texto"":""Cotizar según alcance"",""precio_usd_texto"":""Cotizar según alcance""}","","","5.40","0.30","","","NO_APLICA_PRECIO_FIJO","data/catalogo-tw-interactive.json"
"tw-interactive-oceanografia-estudios-marino-costeros","Oceanografía física y estudios marino-costeros","TW Interactive","Medio marino y costero","Estudio oceanográfico","{""precio_peru_desde_soles"":null,""precio_internacional_desde_usd"":null,""precio_desde_soles_igv"":null,""precio_internacional_usd"":null,""precio_soles_texto"":""Cotizar según alcance"",""precio_usd_texto"":""Cotizar según alcance""}","","","5.40","0.30","","","NO_APLICA_PRECIO_FIJO","data/catalogo-tw-interactive.json"
"tw-interactive-modelacion-hidraulica-hidrologica-cfd","Modelación hidráulica, hidrológica, CFD y simulación ambiental","TW Interactive","Modelación y simulación","Modelación numérica","{""precio_peru_desde_soles"":null,""precio_internacional_desde_usd"":null,""precio_desde_soles_igv"":null,""precio_internacional_usd"":null,""precio_soles_texto"":""Cotizar según alcance"",""precio_usd_texto"":""Cotizar según alcance""}","","","5.40","0.30","","","NO_APLICA_PRECIO_FIJO","data/catalogo-tw-interactive.json"
"tw-interactive-ingenieria-maritima-portuaria-costera","Ingeniería marítima, portuaria y costera","TW Interactive","Infraestructura marítima","Planificación y diseño de ingeniería","{""precio_peru_desde_soles"":null,""precio_internacional_desde_usd"":null,""precio_desde_soles_igv"":null,""precio_internacional_usd"":null,""precio_soles_texto"":""Cotizar según alcance"",""precio_usd_texto"":""Cotizar según alcance""}","","","5.40","0.30","","","NO_APLICA_PRECIO_FIJO","data/catalogo-tw-interactive.json"
"tw-interactive-inspeccion-subacuatica","Inspección subacuática e infraestructura sumergida","TW Interactive","Inspección de infraestructura","Inspección y evaluación técnica","{""precio_peru_desde_soles"":null,""precio_internacional_desde_usd"":null,""precio_desde_soles_igv"":null,""precio_internacional_usd"":null,""precio_soles_texto"":""Cotizar según alcance"",""precio_usd_texto"":""Cotizar según alcance""}","","","5.40","0.30","","","NO_APLICA_PRECIO_FIJO","data/catalogo-tw-interactive.json"
"tw-interactive-gestion-ambiental","Gestión ambiental e instrumentos de gestión ambiental","TW Interactive","Gestión ambiental","Elaboración y soporte técnico","{""precio_peru_desde_soles"":null,""precio_internacional_desde_usd"":null,""precio_desde_soles_igv"":null,""precio_internacional_usd"":null,""precio_soles_texto"":""Cotizar según alcance"",""precio_usd_texto"":""Cotizar según alcance""}","","","5.40","0.30","","","NO_APLICA_PRECIO_FIJO","data/catalogo-tw-interactive.json"
"tw-interactive-permisos-concesiones-licencias","Permisos, concesiones y licencias técnicas sectoriales","TW Interactive","Gestión de permisos","Asistencia técnica documental","{""precio_peru_desde_soles"":null,""precio_internacional_desde_usd"":null,""precio_desde_soles_igv"":null,""precio_internacional_usd"":null,""precio_soles_texto"":""Cotizar según alcance"",""precio_usd_texto"":""Cotizar según alcance""}","","","5.40","0.30","","","NO_APLICA_PRECIO_FIJO","data/catalogo-tw-interactive.json"
"tw-interactive-riesgos-contingencias-resiliencia","Gestión de riesgos, contingencias y resiliencia climática","TW Interactive","Riesgos y resiliencia","Evaluación y planificación","{""precio_peru_desde_soles"":null,""precio_internacional_desde_usd"":null,""precio_desde_soles_igv"":null,""precio_internacional_usd"":null,""precio_soles_texto"":""Cotizar según alcance"",""precio_usd_texto"":""Cotizar según alcance""}","","","5.40","0.30","","","NO_APLICA_PRECIO_FIJO","data/catalogo-tw-interactive.json"
"tw-interactive-factibilidad-viabilidad-evaluacion","Estudios de factibilidad, viabilidad y evaluación técnico-económica","TW Interactive","Evaluación de proyectos","Estudio de preinversión","{""precio_peru_desde_soles"":null,""precio_internacional_desde_usd"":null,""precio_desde_soles_igv"":null,""precio_internacional_usd"":null,""precio_soles_texto"":""Cotizar según alcance"",""precio_usd_texto"":""Cotizar según alcance""}","","","5.40","0.30","","","NO_APLICA_PRECIO_FIJO","data/catalogo-tw-interactive.json"
"tw-interactive-digitalizacion-gemelos-digitales","Digitalización, automatización y gemelos digitales para ingeniería","TW Interactive","Ingeniería digital","Desarrollo e integración tecnológica","{""precio_peru_desde_soles"":null,""precio_internacional_desde_usd"":null,""precio_desde_soles_igv"":null,""precio_internacional_usd"":null,""precio_soles_texto"":""Cotizar según alcance"",""precio_usd_texto"":""Cotizar según alcance""}","","","5.40","0.30","","","NO_APLICA_PRECIO_FIJO","data/catalogo-tw-interactive.json"
"tw-interactive-operaciones-portuarias-logistica","Operaciones portuarias, logística e intermodalidad","TW Interactive","Operaciones y logística","Análisis operativo","{""precio_peru_desde_soles"":null,""precio_internacional_desde_usd"":null,""precio_desde_soles_igv"":null,""precio_internacional_usd"":null,""precio_soles_texto"":""Cotizar según alcance"",""precio_usd_texto"":""Cotizar según alcance""}","","","5.40","0.30","","","NO_APLICA_PRECIO_FIJO","data/catalogo-tw-interactive.json"
"tw-salud-diseno-conceptual-protesis","Dise?o conceptual de pr?tesis","TW Salud","Pr?tesis y ?rtesis","Asesor?a t?cnica","{""precio_peru_desde_soles"":49,""precio_internacional_desde_usd"":49,""precio_desde_soles_igv"":49,""precio_internacional_usd"":49,""precio_soles_texto"":""Desde S/ 49"",""precio_usd_texto"":""Desde USD 49""}","PEN/USD","49","5.40","0.30","52.114165","59","PRECIO_BASE_USD_DEFINIDO","data/catalogo-tw-salud.json"
"tw-salud-modelado-cad-protesis","Modelado CAD para pr?tesis","TW Salud","Pr?tesis y ?rtesis","Servicio t?cnico","{""precio_peru_desde_soles"":149,""precio_internacional_desde_usd"":49,""precio_desde_soles_igv"":149,""precio_internacional_usd"":49,""precio_soles_texto"":""Desde S/ 149"",""precio_usd_texto"":""Desde USD 49""}","PEN/USD","49","5.40","0.30","52.114165","59","PRECIO_BASE_USD_DEFINIDO","data/catalogo-tw-salud.json"
"tw-salud-prototipado-no-clinico-protesis","Prototipado no cl?nico de pr?tesis","TW Salud","Pr?tesis y ?rtesis","Prototipo no cl?nico","{""precio_peru_desde_soles"":299,""precio_internacional_desde_usd"":90,""precio_desde_soles_igv"":299,""precio_internacional_usd"":90,""precio_soles_texto"":""Desde S/ 299"",""precio_usd_texto"":""Desde USD 90""}","PEN/USD","90","5.40","0.30","95.454546","99","PRECIO_BASE_USD_DEFINIDO","data/catalogo-tw-salud.json"
"tw-salud-diseno-conceptual-ortesis","Dise?o conceptual de ?rtesis","TW Salud","Pr?tesis y ?rtesis","Asesor?a t?cnica","{""precio_peru_desde_soles"":49,""precio_internacional_desde_usd"":49,""precio_desde_soles_igv"":49,""precio_internacional_usd"":49,""precio_soles_texto"":""Desde S/ 49"",""precio_usd_texto"":""Desde USD 49""}","PEN/USD","49","5.40","0.30","52.114165","59","PRECIO_BASE_USD_DEFINIDO","data/catalogo-tw-salud.json"
"tw-salud-modelado-cad-ortesis","Modelado CAD para ?rtesis","TW Salud","Pr?tesis y ?rtesis","Servicio t?cnico","{""precio_peru_desde_soles"":149,""precio_internacional_desde_usd"":49,""precio_desde_soles_igv"":149,""precio_internacional_usd"":49,""precio_soles_texto"":""Desde S/ 149"",""precio_usd_texto"":""Desde USD 49""}","PEN/USD","49","5.40","0.30","52.114165","59","PRECIO_BASE_USD_DEFINIDO","data/catalogo-tw-salud.json"
"tw-salud-prototipado-ferulas-soportes","Prototipado de f?rulas y soportes personalizados","TW Salud","Pr?tesis y ?rtesis","Prototipo no cl?nico","{""precio_peru_desde_soles"":299,""precio_internacional_desde_usd"":90,""precio_desde_soles_igv"":299,""precio_internacional_usd"":90,""precio_soles_texto"":""Desde S/ 299"",""precio_usd_texto"":""Desde USD 90""}","PEN/USD","90","5.40","0.30","95.454546","99","PRECIO_BASE_USD_DEFINIDO","data/catalogo-tw-salud.json"
"tw-salud-adaptacion-mecanica-dispositivos-apoyo","Adaptaci?n mec?nica preliminar de dispositivos de apoyo","TW Salud","Pr?tesis y ?rtesis","Servicio t?cnico","{""precio_peru_desde_soles"":79,""precio_internacional_desde_usd"":49,""precio_desde_soles_igv"":79,""precio_internacional_usd"":49,""precio_soles_texto"":""Desde S/ 79"",""precio_usd_texto"":""Desde USD 49""}","PEN/USD","49","5.40","0.30","52.114165","59","PRECIO_BASE_USD_DEFINIDO","data/catalogo-tw-salud.json"
"tw-salud-diagnostico-tecnico-equipos-no-invasivos","Diagn?stico t?cnico de equipos m?dicos no invasivos","TW Salud","Tecnolog?a m?dica y mantenimiento","Diagn?stico t?cnico","{""precio_peru_desde_soles"":79,""precio_internacional_desde_usd"":49,""precio_desde_soles_igv"":79,""precio_internacional_usd"":49,""precio_soles_texto"":""Desde S/ 79"",""precio_usd_texto"":""Desde USD 49""}","PEN/USD","49","5.40","0.30","52.114165","59","PRECIO_BASE_USD_DEFINIDO","data/catalogo-tw-salud.json"
"tw-salud-mantenimiento-preventivo-biomedico-basico","Mantenimiento preventivo de equipos biom?dicos b?sicos","TW Salud","Tecnolog?a m?dica y mantenimiento","Servicio t?cnico","{""precio_peru_desde_soles"":149,""precio_internacional_desde_usd"":60,""precio_desde_soles_igv"":149,""precio_internacional_usd"":60,""precio_soles_texto"":""Desde S/ 149"",""precio_usd_texto"":""Desde USD 60""}","PEN/USD","60","5.40","0.30","63.742072","69","PRECIO_BASE_USD_DEFINIDO","data/catalogo-tw-salud.json"
"tw-salud-revision-fuentes-conectores-perifericos","Revisi?n de fuentes, conectores y perif?ricos","TW Salud","Tecnolog?a m?dica y mantenimiento","Servicio t?cnico","{""precio_peru_desde_soles"":79,""precio_internacional_desde_usd"":49,""precio_desde_soles_igv"":79,""precio_internacional_usd"":49,""precio_soles_texto"":""Desde S/ 79"",""precio_usd_texto"":""Desde USD 49""}","PEN/USD","49","5.40","0.30","52.114165","59","PRECIO_BASE_USD_DEFINIDO","data/catalogo-tw-salud.json"
"tw-salud-documentacion-tecnica-mantenimiento","Documentaci?n t?cnica de mantenimiento","TW Salud","Tecnolog?a m?dica y mantenimiento","Documentaci?n t?cnica","{""precio_peru_desde_soles"":149,""precio_internacional_desde_usd"":60,""precio_desde_soles_igv"":149,""precio_internacional_usd"":60,""precio_soles_texto"":""Desde S/ 149"",""precio_usd_texto"":""Desde USD 60""}","PEN/USD","60","5.40","0.30","63.742072","69","PRECIO_BASE_USD_DEFINIDO","data/catalogo-tw-salud.json"
"tw-salud-inventario-tecnico-equipos-medicos","Inventario t?cnico de equipos m?dicos","TW Salud","Tecnolog?a m?dica y mantenimiento","Servicio t?cnico","{""precio_peru_desde_soles"":299,""precio_internacional_desde_usd"":100,""precio_desde_soles_igv"":299,""precio_internacional_usd"":100,""precio_soles_texto"":""Desde S/ 299"",""precio_usd_texto"":""Desde USD 100""}","PEN/USD","100","5.40","0.30","106.025370","109","PRECIO_BASE_USD_DEFINIDO","data/catalogo-tw-salud.json"
"tw-salud-capacitacion-cuidado-equipos","Capacitaci?n b?sica en cuidado de equipos","TW Salud","Tecnolog?a m?dica y mantenimiento","Capacitaci?n","{""precio_peru_desde_soles"":149,""precio_internacional_desde_usd"":49,""precio_desde_soles_igv"":149,""precio_internacional_usd"":49,""precio_soles_texto"":""Desde S/ 149"",""precio_usd_texto"":""Desde USD 49""}","PEN/USD","49","5.40","0.30","52.114165","59","PRECIO_BASE_USD_DEFINIDO","data/catalogo-tw-salud.json"
"tw-salud-evaluacion-tecnica-vehiculos-inclusivos","Evaluaci?n t?cnica de veh?culos inclusivos","TW Salud","Veh?culos inclusivos","Evaluaci?n t?cnica","{""precio_peru_desde_soles"":149,""precio_internacional_desde_usd"":60,""precio_desde_soles_igv"":149,""precio_internacional_usd"":60,""precio_soles_texto"":""Desde S/ 149"",""precio_usd_texto"":""Desde USD 60""}","PEN/USD","60","5.40","0.30","63.742072","69","PRECIO_BASE_USD_DEFINIDO","data/catalogo-tw-salud.json"
"tw-salud-adaptacion-mecanica-soportes","Adaptaci?n mec?nica preliminar de soportes","TW Salud","Veh?culos inclusivos","Servicio t?cnico","{""precio_peru_desde_soles"":299,""precio_internacional_desde_usd"":90,""precio_desde_soles_igv"":299,""precio_internacional_usd"":90,""precio_soles_texto"":""Desde S/ 299"",""precio_usd_texto"":""Desde USD 90""}","PEN/USD","90","5.40","0.30","95.454546","99","PRECIO_BASE_USD_DEFINIDO","data/catalogo-tw-salud.json"
"tw-salud-accesorios-accesibilidad-vehicular","Dise?o de accesorios de accesibilidad","TW Salud","Veh?culos inclusivos","Dise?o t?cnico","{""precio_peru_desde_soles"":149,""precio_internacional_desde_usd"":60,""precio_desde_soles_igv"":149,""precio_internacional_usd"":60,""precio_soles_texto"":""Desde S/ 149"",""precio_usd_texto"":""Desde USD 60""}","PEN/USD","60","5.40","0.30","63.742072","69","PRECIO_BASE_USD_DEFINIDO","data/catalogo-tw-salud.json"
"tw-salud-mantenimiento-preventivo-vehiculos-inclusivos","Mantenimiento preventivo de veh?culos inclusivos","TW Salud","Veh?culos inclusivos","Servicio t?cnico","{""precio_peru_desde_soles"":149,""precio_internacional_desde_usd"":60,""precio_desde_soles_igv"":149,""precio_internacional_usd"":60,""precio_soles_texto"":""Desde S/ 149"",""precio_usd_texto"":""Desde USD 60""}","PEN/USD","60","5.40","0.30","63.742072","69","PRECIO_BASE_USD_DEFINIDO","data/catalogo-tw-salud.json"
"tw-salud-prototipos-movilidad-asistida","Prototipos de movilidad asistida","TW Salud","Veh?culos inclusivos","Prototipo no cl?nico","{""precio_peru_desde_soles"":699,""precio_internacional_desde_usd"":220,""precio_desde_soles_igv"":699,""precio_internacional_usd"":220,""precio_soles_texto"":""Desde S/ 699"",""precio_usd_texto"":""Desde USD 220""}","PEN/USD","220","5.40","0.30","232.875265","239","PRECIO_BASE_USD_DEFINIDO","data/catalogo-tw-salud.json"
"tw-salud-pulsadores-accesibles","Dise?o de pulsadores accesibles","TW Salud","Accesibilidad y asistencia tecnol?gica","Prototipo de accesibilidad","{""precio_peru_desde_soles"":299,""precio_internacional_desde_usd"":90,""precio_desde_soles_igv"":299,""precio_internacional_usd"":90,""precio_soles_texto"":""Desde S/ 299"",""precio_usd_texto"":""Desde USD 90""}","PEN/USD","90","5.40","0.30","95.454546","99","PRECIO_BASE_USD_DEFINIDO","data/catalogo-tw-salud.json"
"tw-salud-interfaces-control-accesibilidad","Interfaces de control para accesibilidad","TW Salud","Accesibilidad y asistencia tecnol?gica","Software/Hardware","{""precio_peru_desde_soles"":699,""precio_internacional_desde_usd"":220,""precio_desde_soles_igv"":699,""precio_internacional_usd"":220,""precio_soles_texto"":""Desde S/ 699"",""precio_usd_texto"":""Desde USD 220""}","PEN/USD","220","5.40","0.30","232.875265","239","PRECIO_BASE_USD_DEFINIDO","data/catalogo-tw-salud.json"
"tw-salud-adaptacion-perifericos-discapacidad","Adaptaci?n de perif?ricos para personas con discapacidad","TW Salud","Accesibilidad y asistencia tecnol?gica","Servicio t?cnico","{""precio_peru_desde_soles"":299,""precio_internacional_desde_usd"":90,""precio_desde_soles_igv"":299,""precio_internacional_usd"":90,""precio_soles_texto"":""Desde S/ 299"",""precio_usd_texto"":""Desde USD 90""}","PEN/USD","90","5.40","0.30","95.454546","99","PRECIO_BASE_USD_DEFINIDO","data/catalogo-tw-salud.json"
"tw-salud-prototipos-asistencia-comunicacion","Prototipos de asistencia para comunicaci?n","TW Salud","Accesibilidad y asistencia tecnol?gica","Software/Prototipo","{""precio_peru_desde_soles"":699,""precio_internacional_desde_usd"":220,""precio_desde_soles_igv"":699,""precio_internacional_usd"":220,""precio_soles_texto"":""Desde S/ 699"",""precio_usd_texto"":""Desde USD 220""}","PEN/USD","220","5.40","0.30","232.875265","239","PRECIO_BASE_USD_DEFINIDO","data/catalogo-tw-salud.json"
"tw-salud-automatizacion-dispositivos-apoyo","Automatizaci?n de dispositivos de apoyo","TW Salud","Accesibilidad y asistencia tecnol?gica","Proyecto t?cnico","{""precio_peru_desde_soles"":699,""precio_internacional_desde_usd"":220,""precio_desde_soles_igv"":699,""precio_internacional_usd"":220,""precio_soles_texto"":""Desde S/ 699"",""precio_usd_texto"":""Desde USD 220""}","PEN/USD","220","5.40","0.30","232.875265","239","PRECIO_BASE_USD_DEFINIDO","data/catalogo-tw-salud.json"
"tw-salud-introduccion-eeg-aplicado","Introducci?n a EEG aplicado","TW Salud","EEG y Brain Computer Interface","Capacitaci?n","{""precio_peru_desde_soles"":149,""precio_internacional_desde_usd"":49,""precio_desde_soles_igv"":149,""precio_internacional_usd"":49,""precio_soles_texto"":""Desde S/ 149"",""precio_usd_texto"":""Desde USD 49""}","PEN/USD","49","5.40","0.30","52.114165","59","PRECIO_BASE_USD_DEFINIDO","data/catalogo-tw-salud.json"
"tw-salud-prototipos-educativos-bci","Prototipos educativos de BCI","TW Salud","EEG y Brain Computer Interface","Curso/Proyecto","{""precio_peru_desde_soles"":299,""precio_internacional_desde_usd"":90,""precio_desde_soles_igv"":299,""precio_internacional_usd"":90,""precio_soles_texto"":""Desde S/ 299"",""precio_usd_texto"":""Desde USD 90""}","PEN/USD","90","5.40","0.30","95.454546","99","PRECIO_BASE_USD_DEFINIDO","data/catalogo-tw-salud.json"
"tw-salud-procesamiento-basico-eeg","Procesamiento b?sico de se?ales EEG","TW Salud","EEG y Brain Computer Interface","Servicio educativo","{""precio_peru_desde_soles"":299,""precio_internacional_desde_usd"":90,""precio_desde_soles_igv"":299,""precio_internacional_usd"":90,""precio_soles_texto"":""Desde S/ 299"",""precio_usd_texto"":""Desde USD 90""}","PEN/USD","90","5.40","0.30","95.454546","99","PRECIO_BASE_USD_DEFINIDO","data/catalogo-tw-salud.json"
"tw-salud-clasificacion-senales-biomedicas","Clasificaci?n b?sica de se?ales biom?dicas","TW Salud","EEG y Brain Computer Interface","Servicio educativo","{""precio_peru_desde_soles"":299,""precio_internacional_desde_usd"":90,""precio_desde_soles_igv"":299,""precio_internacional_usd"":90,""precio_soles_texto"":""Desde S/ 299"",""precio_usd_texto"":""Desde USD 90""}","PEN/USD","90","5.40","0.30","95.454546","99","PRECIO_BASE_USD_DEFINIDO","data/catalogo-tw-salud.json"
"tw-salud-interfaces-experimentales-accesibilidad","Interfaces experimentales de accesibilidad","TW Salud","EEG y Brain Computer Interface","Prototipo experimental","{""precio_peru_desde_soles"":699,""precio_internacional_desde_usd"":220,""precio_desde_soles_igv"":699,""precio_internacional_usd"":220,""precio_soles_texto"":""Desde S/ 699"",""precio_usd_texto"":""Desde USD 220""}","PEN/USD","220","5.40","0.30","232.875265","239","PRECIO_BASE_USD_DEFINIDO","data/catalogo-tw-salud.json"
"tw-salud-python-bci","Programaci?n de prototipos BCI con Python","TW Salud","EEG y Brain Computer Interface","Capacitaci?n/Proyecto","{""precio_peru_desde_soles"":299,""precio_internacional_desde_usd"":90,""precio_desde_soles_igv"":299,""precio_internacional_usd"":90,""precio_soles_texto"":""Desde S/ 299"",""precio_usd_texto"":""Desde USD 90""}","PEN/USD","90","5.40","0.30","95.454546","99","PRECIO_BASE_USD_DEFINIDO","data/catalogo-tw-salud.json"
"tw-salud-revision-tecnologica-dialisis","Revisi?n tecnol?gica de soluciones para di?lisis","TW Salud","Investigaci?n aplicada en salud","Investigaci?n aplicada","{""precio_peru_desde_soles"":699,""precio_internacional_desde_usd"":220,""precio_desde_soles_igv"":699,""precio_internacional_usd"":220,""precio_soles_texto"":""Desde S/ 699"",""precio_usd_texto"":""Desde USD 220""}","PEN/USD","220","5.40","0.30","232.875265","239","PRECIO_BASE_USD_DEFINIDO","data/catalogo-tw-salud.json"
"tw-salud-prototipos-monitoreo-no-clinico","Prototipos de monitoreo no cl?nico","TW Salud","Investigaci?n aplicada en salud","Prototipo no cl?nico","{""precio_peru_desde_soles"":699,""precio_internacional_desde_usd"":220,""precio_desde_soles_igv"":699,""precio_internacional_usd"":220,""precio_soles_texto"":""Desde S/ 699"",""precio_usd_texto"":""Desde USD 220""}","PEN/USD","220","5.40","0.30","232.875265","239","PRECIO_BASE_USD_DEFINIDO","data/catalogo-tw-salud.json"
"tw-salud-sensores-variables-apoyo","Sensores para seguimiento de variables de apoyo","TW Salud","Investigaci?n aplicada en salud","Prototipo educativo","{""precio_peru_desde_soles"":699,""precio_internacional_desde_usd"":220,""precio_desde_soles_igv"":699,""precio_internacional_usd"":220,""precio_soles_texto"":""Desde S/ 699"",""precio_usd_texto"":""Desde USD 220""}","PEN/USD","220","5.40","0.30","232.875265","239","PRECIO_BASE_USD_DEFINIDO","data/catalogo-tw-salud.json"
"tw-salud-dashboards-proyectos-salud","Dashboards para proyectos de salud","TW Salud","Investigaci?n aplicada en salud","Software/Servicio","{""precio_peru_desde_soles"":699,""precio_internacional_desde_usd"":220,""precio_desde_soles_igv"":699,""precio_internacional_usd"":220,""precio_soles_texto"":""Desde S/ 699"",""precio_usd_texto"":""Desde USD 220""}","PEN/USD","220","5.40","0.30","232.875265","239","PRECIO_BASE_USD_DEFINIDO","data/catalogo-tw-salud.json"
"tw-salud-analisis-documental-biomedicas","An?lisis documental de tecnolog?as biom?dicas","TW Salud","Investigaci?n aplicada en salud","Investigaci?n aplicada","{""precio_peru_desde_soles"":299,""precio_internacional_desde_usd"":90,""precio_desde_soles_igv"":299,""precio_internacional_usd"":90,""precio_soles_texto"":""Desde S/ 299"",""precio_usd_texto"":""Desde USD 90""}","PEN/USD","90","5.40","0.30","95.454546","99","PRECIO_BASE_USD_DEFINIDO","data/catalogo-tw-salud.json"
"tw-salud-factibilidad-tecnica-salud","Estudios de factibilidad t?cnica","TW Salud","Investigaci?n aplicada en salud","Consultor?a t?cnica","{""precio_peru_desde_soles"":699,""precio_internacional_desde_usd"":220,""precio_desde_soles_igv"":699,""precio_internacional_usd"":220,""precio_soles_texto"":""Desde S/ 699"",""precio_usd_texto"":""Desde USD 220""}","PEN/USD","220","5.40","0.30","232.875265","239","PRECIO_BASE_USD_DEFINIDO","data/catalogo-tw-salud.json"
"bionic-tw-salud-prtesis-manos","TW Salud Prótesis Manos","TW Salud","Prótesis, órtesis y tecnología médica","Servicio","{""precio_desde_soles_igv"":""Asesoría inicial desde S/ 120 con IGV incluido; modelado CAD desde S/ 250; prototipo básico no clínico desde S/ 450; prototipo funcional personalizado desde S/ 900; solución biomédica a medida desde S/ 1,800."",""precio_exterior_usd"":""Servicio internacional vía PayPal desde USD 80.""}","USD","80","5.40","0.30","84.883721","89","PRECIO_BASE_USD_DEFINIDO","data/materiales.json"
"bionic-tw-salud-y-vida-mantenimiento-unidad-dental","TW Salud Y Vida Mantenimiento Unidad Dental","TW Salud","Prótesis, órtesis y tecnología médica","Servicio","{""precio_desde_soles_igv"":""Asesoría inicial desde S/ 120 con IGV incluido; modelado CAD desde S/ 250; prototipo básico no clínico desde S/ 450; prototipo funcional personalizado desde S/ 900; solución biomédica a medida desde S/ 1,800."",""precio_exterior_usd"":""Servicio internacional vía PayPal desde USD 80.""}","USD","80","5.40","0.30","84.883721","89","PRECIO_BASE_USD_DEFINIDO","data/materiales.json"
"bionic-tw-salud-y-vida-prtesis-de-pierna01","TW Salud Y Vida Prótesis De Pierna01","TW Salud","Prótesis, órtesis y tecnología médica","Servicio","{""precio_desde_soles_igv"":""Asesoría inicial desde S/ 120 con IGV incluido; modelado CAD desde S/ 250; prototipo básico no clínico desde S/ 450; prototipo funcional personalizado desde S/ 900; solución biomédica a medida desde S/ 1,800."",""precio_exterior_usd"":""Servicio internacional vía PayPal desde USD 80.""}","USD","80","5.40","0.30","84.883721","89","PRECIO_BASE_USD_DEFINIDO","data/materiales.json"
"bionic-tw-salud-y-vida-servicio-de-mantenimiento","TW Salud Y Vida Servicio De Mantenimiento","TW Salud","Prótesis, órtesis y tecnología médica","Servicio","{""precio_desde_soles_igv"":""Asesoría inicial desde S/ 120 con IGV incluido; modelado CAD desde S/ 250; prototipo básico no clínico desde S/ 450; prototipo funcional personalizado desde S/ 900; solución biomédica a medida desde S/ 1,800."",""precio_exterior_usd"":""Servicio internacional vía PayPal desde USD 80.""}","USD","80","5.40","0.30","84.883721","89","PRECIO_BASE_USD_DEFINIDO","data/materiales.json"
"curso-curso-de-coastsat","Curso De CoastSAT","TW Educa para Ingenieros y Científicos","Formación técnica especializada","Curso","{""precio_desde_soles_igv"":""Curso corto grabado desde S/ 49 con IGV incluido; curso virtual básico desde S/ 89; curso técnico especializado desde S/ 149; curso profesional avanzado desde S/ 249; capacitación institucional desde S/ 800."",""precio_exterior_usd"":""Servicio internacional vía PayPal desde USD 39.""}","USD","39","5.40","0.30","41.543341","49","PRECIO_BASE_USD_DEFINIDO","data/materiales.json"
"curso-curso-delft3d-transportedeparticulas","Curso Delft3D TransporteDeParticulas","TW Educa para Ingenieros y Científicos","Formación técnica especializada","Curso","{""precio_desde_soles_igv"":""Curso corto grabado desde S/ 49 con IGV incluido; curso virtual básico desde S/ 89; curso técnico especializado desde S/ 149; curso profesional avanzado desde S/ 249; capacitación institucional desde S/ 800."",""precio_exterior_usd"":""Servicio internacional vía PayPal desde USD 39.""}","USD","39","5.40","0.30","41.543341","49","PRECIO_BASE_USD_DEFINIDO","data/materiales.json"
"curso-curso-programacion-hp50g","Curso Programacion HP 50G","TW Educa para Ingenieros y Científicos","Formación técnica especializada","Curso","{""precio_desde_soles_igv"":""Curso HP 50G básico desde S/ 129 con IGV incluido; taller intensivo desde S/ 89; pack de programas o plantillas desde S/ 49; asesoría personalizada desde S/ 80 por sesión."",""precio_exterior_usd"":""Servicio internacional vía PayPal desde USD 39.""}","USD","39","5.40","0.30","41.543341","49","PRECIO_BASE_USD_DEFINIDO","data/materiales.json"
"curso-curso-python00","Curso Python00","TW Educa para Ingenieros y Científicos","Formación técnica especializada","Curso","{""precio_desde_soles_igv"":""Curso corto grabado desde S/ 49 con IGV incluido; curso virtual básico desde S/ 89; curso técnico especializado desde S/ 149; curso profesional avanzado desde S/ 249; capacitación institucional desde S/ 800."",""precio_exterior_usd"":""Servicio internacional vía PayPal desde USD 39.""}","USD","39","5.40","0.30","41.543341","49","PRECIO_BASE_USD_DEFINIDO","data/materiales.json"
"curso-curso-python01","Curso Python01","TW Educa para Ingenieros y Científicos","Formación técnica especializada","Curso","{""precio_desde_soles_igv"":""Curso corto grabado desde S/ 49 con IGV incluido; curso virtual básico desde S/ 89; curso técnico especializado desde S/ 149; curso profesional avanzado desde S/ 249; capacitación institucional desde S/ 800."",""precio_exterior_usd"":""Servicio internacional vía PayPal desde USD 39.""}","USD","39","5.40","0.30","41.543341","49","PRECIO_BASE_USD_DEFINIDO","data/materiales.json"
"curso-servicio-desarrollo-de-software-01","Servicio Desarrollo De Software 01","TW Educa para Ingenieros y Científicos","Formación técnica especializada","Curso","{""precio_desde_soles_igv"":""Curso corto grabado desde S/ 49 con IGV incluido; curso virtual básico desde S/ 89; curso técnico especializado desde S/ 149; curso profesional avanzado desde S/ 249; capacitación institucional desde S/ 800."",""precio_exterior_usd"":""Servicio internacional vía PayPal desde USD 39.""}","USD","39","5.40","0.30","41.543341","49","PRECIO_BASE_USD_DEFINIDO","data/materiales.json"
"curso-tw-educa-mooc-delft3d","TW EDUCA MOOC Delft3D","TW Educa para Ingenieros y Científicos","Formación técnica especializada","Curso","{""precio_desde_soles_igv"":""Curso corto grabado desde S/ 49 con IGV incluido; curso virtual básico desde S/ 89; curso técnico especializado desde S/ 149; curso profesional avanzado desde S/ 249; capacitación institucional desde S/ 800."",""precio_exterior_usd"":""Servicio internacional vía PayPal desde USD 39.""}","USD","39","5.40","0.30","41.543341","49","PRECIO_BASE_USD_DEFINIDO","data/materiales.json"
"temario-programacion-hp-50g","Temario de programación en calculadora HP 50G","TW Educa para Ingenieros y Científicos","Programación en calculadoras científicas","Curso","{""precio_desde_soles_igv"":""Curso HP 50G básico desde S/ 129 con IGV incluido; taller intensivo desde S/ 89; pack de programas o plantillas desde S/ 49; asesoría personalizada desde S/ 80 por sesión."",""precio_exterior_usd"":""Servicio internacional vía PayPal desde USD 39.""}","USD","39","5.40","0.30","41.543341","49","PRECIO_BASE_USD_DEFINIDO","data/materiales.json"
"appimage-launcher-creator","AppImage Launcher Creator","TW Innova","Software open-source / Linux","Guia tecnica","{""precio"":""Gratis""}","","","5.40","0.30","","","NO_APLICA_PRECIO_FIJO","data/guias.json"
"appimage-launcher-uninstaller","AppImage Launcher Uninstaller","TW Innova","Software open-source / Linux","Guia tecnica","{""precio"":""Gratis""}","","","5.40","0.30","","","NO_APLICA_PRECIO_FIJO","data/guias.json"
"immersed-appimage-linux-mint","Immersed AppImage en Linux Mint","TW Innova","Linux / realidad virtual / AppImage","Guia tecnica","{""precio"":""Gratis""}","","","5.40","0.30","","","NO_APLICA_PRECIO_FIJO","data/guias.json"
"openshot-linux-mint-ffmpeg","OpenShot en Linux Mint con FFmpeg","TW Educa / TW Innova","Produccion audiovisual tecnica / Linux","Guia tecnica","{""precio"":""Gratis""}","","","5.40","0.30","","","NO_APLICA_PRECIO_FIJO","data/guias.json"
"hp-50g-programacion-ingenieria","Programación en Calculadora HP 50G para Ingeniería","TW Educa","Calculadoras científicas","material","{""precio_material_soles"":""Desde S/ 29""}","PEN","","5.40","0.30","","","PRECIO_EN_PEN_REQUIERE_CONVERSION","data/compendios.json"
"qgis-basico-ingenieria-gestion-territorial","QGIS Básico para Ingeniería y Gestión Territorial","TW Educa","GIS e ingeniería","material","{""precio_material_soles"":""Desde S/ 29""}","PEN","","5.40","0.30","","","PRECIO_EN_PEN_REQUIERE_CONVERSION","data/compendios.json"
"qgis-aplicado-a-cuencas-hidrograficas","QGIS aplicado a cuencas hidrográficas","TW Educa","GIS e ingeniería","curso","{""precio"":""Consulta de inscripcion / Certificado desde S/ 49"",""precio_mooc_soles"":0,""certificado_desde_soles"":49,""certificado_digital_basico_desde_soles"":19,""certificado_con_evaluacion_desde_soles"":49,""curso_en_vivo_desde_soles"":99,""curso_tecnico_especializado_desde_soles"":99,""capacitacion_institucional_desde_soles"":500,""precio_desde"":""Consulta de inscripcion / Certificado desde S/ 49"",""precio_peru_soles_igv"":""Consulta de inscripcion / Certificado desde S/ 49"",""nota_precio"":""Consulta disponibilidad, fecha de inicio, modalidad, horario y forma de pago antes de reservar tu vacante."",""nota_precio_mooc"":""Consulta disponibilidad, fecha de inicio, modalidad, horario y forma de pago antes de reservar tu vacante.""}","PEN","","5.40","0.30","","","PRECIO_EN_PEN_REQUIERE_CONVERSION","data/cursos.json"
"python-para-cientificos-de-datos","Python para científicos de datos","TW Educa","Ciencia de datos","curso","{""precio"":""Consulta de inscripcion / Certificado desde S/ 49"",""precio_mooc_soles"":0,""certificado_desde_soles"":49,""certificado_digital_basico_desde_soles"":19,""certificado_con_evaluacion_desde_soles"":49,""curso_en_vivo_desde_soles"":99,""curso_tecnico_especializado_desde_soles"":99,""capacitacion_institucional_desde_soles"":500,""precio_desde"":""Consulta de inscripcion / Certificado desde S/ 49"",""precio_peru_soles_igv"":""Consulta de inscripcion / Certificado desde S/ 49"",""nota_precio"":""Consulta disponibilidad, fecha de inicio, modalidad, horario y forma de pago antes de reservar tu vacante."",""nota_precio_mooc"":""Consulta disponibilidad, fecha de inicio, modalidad, horario y forma de pago antes de reservar tu vacante.""}","PEN","","5.40","0.30","","","PRECIO_EN_PEN_REQUIERE_CONVERSION","data/cursos.json"
"desarrollo-web-con-html-css-php-y-mysql","Desarrollo web con HTML, CSS, PHP y MySQL","TW Educa","Desarrollo de software","curso","{""precio"":""Consulta de inscripcion / Certificado desde S/ 49"",""precio_mooc_soles"":0,""certificado_desde_soles"":49,""certificado_digital_basico_desde_soles"":19,""certificado_con_evaluacion_desde_soles"":49,""curso_en_vivo_desde_soles"":99,""curso_tecnico_especializado_desde_soles"":99,""capacitacion_institucional_desde_soles"":500,""precio_desde"":""Consulta de inscripcion / Certificado desde S/ 49"",""precio_peru_soles_igv"":""Consulta de inscripcion / Certificado desde S/ 49"",""nota_precio"":""Consulta disponibilidad, fecha de inicio, modalidad, horario y forma de pago antes de reservar tu vacante."",""nota_precio_mooc"":""Consulta disponibilidad, fecha de inicio, modalidad, horario y forma de pago antes de reservar tu vacante.""}","PEN","","5.40","0.30","","","PRECIO_EN_PEN_REQUIERE_CONVERSION","data/cursos.json"
"programacion-de-plugins-para-qgis","Programación de plugins para QGIS","TW Educa","GIS y software","curso","{""precio"":""Consulta de inscripcion / Certificado desde S/ 49"",""precio_mooc_soles"":0,""certificado_desde_soles"":49,""certificado_digital_basico_desde_soles"":19,""certificado_con_evaluacion_desde_soles"":49,""curso_en_vivo_desde_soles"":99,""curso_tecnico_especializado_desde_soles"":99,""capacitacion_institucional_desde_soles"":500,""precio_desde"":""Consulta de inscripcion / Certificado desde S/ 49"",""precio_peru_soles_igv"":""Consulta de inscripcion / Certificado desde S/ 49"",""nota_precio"":""Consulta disponibilidad, fecha de inicio, modalidad, horario y forma de pago antes de reservar tu vacante."",""nota_precio_mooc"":""Consulta disponibilidad, fecha de inicio, modalidad, horario y forma de pago antes de reservar tu vacante.""}","PEN","","5.40","0.30","","","PRECIO_EN_PEN_REQUIERE_CONVERSION","data/cursos.json"
"openfoam-basico-para-simulacion-cfd","OpenFOAM básico para simulación CFD","TW Educa","CFD e ingeniería","curso","{""precio"":""Consulta de inscripcion / Certificado desde S/ 49"",""precio_mooc_soles"":0,""certificado_desde_soles"":49,""certificado_digital_basico_desde_soles"":19,""certificado_con_evaluacion_desde_soles"":49,""curso_en_vivo_desde_soles"":99,""curso_tecnico_especializado_desde_soles"":99,""capacitacion_institucional_desde_soles"":500,""precio_desde"":""Consulta de inscripcion / Certificado desde S/ 49"",""precio_peru_soles_igv"":""Consulta de inscripcion / Certificado desde S/ 49"",""nota_precio"":""Consulta disponibilidad, fecha de inicio, modalidad, horario y forma de pago antes de reservar tu vacante."",""nota_precio_mooc"":""Consulta disponibilidad, fecha de inicio, modalidad, horario y forma de pago antes de reservar tu vacante."",""programa_especializacion_desde_soles"":199}","PEN","","5.40","0.30","","","PRECIO_EN_PEN_REQUIERE_CONVERSION","data/cursos.json"
"ofimatica-para-emprendedores","Ofimática para emprendedores","TW Educa","Herramientas digitales","curso","{""precio"":""Consulta de inscripcion / Certificado desde S/ 49"",""precio_mooc_soles"":0,""certificado_desde_soles"":49,""certificado_digital_basico_desde_soles"":19,""certificado_con_evaluacion_desde_soles"":49,""curso_en_vivo_desde_soles"":99,""curso_tecnico_especializado_desde_soles"":99,""capacitacion_institucional_desde_soles"":500,""precio_desde"":""Consulta de inscripcion / Certificado desde S/ 49"",""precio_peru_soles_igv"":""Consulta de inscripcion / Certificado desde S/ 49"",""nota_precio"":""Consulta disponibilidad, fecha de inicio, modalidad, horario y forma de pago antes de reservar tu vacante."",""nota_precio_mooc"":""Consulta disponibilidad, fecha de inicio, modalidad, horario y forma de pago antes de reservar tu vacante.""}","PEN","","5.40","0.30","","","PRECIO_EN_PEN_REQUIERE_CONVERSION","data/cursos.json"
"curso-hp-50g","Programacion HP 50G","TW Educa","Calculadoras cientificas","curso","{""precio_peru_soles_igv"":""Consulta de inscripcion / Certificado desde S/ 49"",""precio_internacional_usd"":""Desde USD 30"",""nota_precio"":""Consulta disponibilidad, fecha de inicio, modalidad, horario y forma de pago antes de reservar tu vacante."",""precio_mooc_soles"":0,""certificado_desde_soles"":49,""certificado_digital_basico_desde_soles"":19,""certificado_con_evaluacion_desde_soles"":49,""curso_en_vivo_desde_soles"":99,""curso_tecnico_especializado_desde_soles"":99,""capacitacion_institucional_desde_soles"":500,""precio_desde"":""Consulta de inscripcion / Certificado desde S/ 49"",""nota_precio_mooc"":""Consulta disponibilidad, fecha de inicio, modalidad, horario y forma de pago antes de reservar tu vacante.""}","PEN/USD","30","5.40","0.30","32.029599","39","PRECIO_BASE_USD_DEFINIDO","data/ofertas.json"
"curso-qgis-basico","QGIS Basico","TW Educa","GIS e ingenieria","curso","{""precio_peru_soles_igv"":""Consulta de inscripcion / Certificado desde S/ 49"",""precio_internacional_usd"":""Desde USD 45"",""nota_precio"":""Consulta disponibilidad, fecha de inicio, modalidad, horario y forma de pago antes de reservar tu vacante."",""precio_mooc_soles"":0,""certificado_desde_soles"":49,""certificado_digital_basico_desde_soles"":19,""certificado_con_evaluacion_desde_soles"":49,""curso_en_vivo_desde_soles"":99,""curso_tecnico_especializado_desde_soles"":99,""capacitacion_institucional_desde_soles"":500,""precio_desde"":""Consulta de inscripcion / Certificado desde S/ 49"",""nota_precio_mooc"":""Consulta disponibilidad, fecha de inicio, modalidad, horario y forma de pago antes de reservar tu vacante.""}","PEN/USD","45","5.40","0.30","47.885836","49","PRECIO_BASE_USD_DEFINIDO","data/ofertas.json"
"software-medida","Desarrollo de software a medida","TW Innova","Software empresarial","servicio","{""precio_peru_soles_igv"":""Desde S/ 1200"",""precio_internacional_usd"":""Desde USD 360"",""nota_precio"":""Servicio a medida; solicitar cotizacion y enlace PayPal si corresponde.""}","PEN/USD","360","5.40","0.30","380.866808","389","PRECIO_BASE_USD_DEFINIDO","data/ofertas.json"
"hp-50g-compendio","Compendio Programacion HP 50G","TW Educa","","material","{""precio_base_soles_sin_igv"":24.58,""precio_final_soles_con_igv"":29,""precio_base_usd"":10,""precio_usd_sugerido"":11}","PEN/USD","10","5.40","0.30","10.887950","11","PRECIO_BASE_USD_DEFINIDO","data/precios.json"
"qgis-basico-compendio","Compendio QGIS Basico","TW Educa","","material","{""precio_base_soles_sin_igv"":24.58,""precio_final_soles_con_igv"":29,""precio_base_usd"":10,""precio_usd_sugerido"":11}","PEN/USD","10","5.40","0.30","10.887950","11","PRECIO_BASE_USD_DEFINIDO","data/precios.json"
"hp-50g-compendio","Compendio Programacion HP 50G","TW Educa","","material","{""precio_soles_igv"":""Desde S/ 29"",""precio_usd_base"":""Desde USD 10""}","PEN/USD","10","5.40","0.30","10.887950","11","PRECIO_BASE_USD_DEFINIDO","data/pagos.json"
"qgis-basico-compendio","Compendio QGIS Basico","TW Educa","","material","{""precio_soles_igv"":""Desde S/ 29"",""precio_usd_base"":""Desde USD 10""}","PEN/USD","10","5.40","0.30","10.887950","11","PRECIO_BASE_USD_DEFINIDO","data/pagos.json"
"reserva-proyecto-software","Reserva de proyecto de software","TW Innova","","proyecto","{""precio_soles_igv"":""Segun cotizacion"",""precio_usd_base"":""Segun cotizacion""}","","","5.40","0.30","","","NO_APLICA_PRECIO_FIJO","data/pagos.json"
"delft3d-wave-flow","Delft3D Wave and Flow","TW Educa","Modelamiento numérico","curso","{""precio_desde"":""Consulta de inscripcion / Certificado desde S/ 49"",""precio_usd"":""Desde USD 75 vía PayPal"",""precio_mooc_soles"":0,""certificado_desde_soles"":49,""certificado_digital_basico_desde_soles"":19,""certificado_con_evaluacion_desde_soles"":49,""curso_en_vivo_desde_soles"":99,""curso_tecnico_especializado_desde_soles"":99,""capacitacion_institucional_desde_soles"":500,""precio_peru_soles_igv"":""Consulta de inscripcion / Certificado desde S/ 49"",""nota_precio"":""Consulta disponibilidad, fecha de inicio, modalidad, horario y forma de pago antes de reservar tu vacante."",""nota_precio_mooc"":""Consulta disponibilidad, fecha de inicio, modalidad, horario y forma de pago antes de reservar tu vacante."",""programa_especializacion_desde_soles"":199}","PEN/USD","75","5.40","0.30","79.598309","89","PRECIO_BASE_USD_DEFINIDO","data/cursos/2026-06.json"
"openfoam-cfd","CFD con OpenFOAM","TW Educa","CFD e ingeniería","curso","{""precio_desde"":""Consulta de inscripcion / Certificado desde S/ 49"",""precio_usd"":""Desde USD 75 vía PayPal"",""precio_mooc_soles"":0,""certificado_desde_soles"":49,""certificado_digital_basico_desde_soles"":19,""certificado_con_evaluacion_desde_soles"":49,""curso_en_vivo_desde_soles"":99,""curso_tecnico_especializado_desde_soles"":99,""capacitacion_institucional_desde_soles"":500,""precio_peru_soles_igv"":""Consulta de inscripcion / Certificado desde S/ 49"",""nota_precio"":""Consulta disponibilidad, fecha de inicio, modalidad, horario y forma de pago antes de reservar tu vacante."",""nota_precio_mooc"":""Consulta disponibilidad, fecha de inicio, modalidad, horario y forma de pago antes de reservar tu vacante."",""programa_especializacion_desde_soles"":199}","PEN/USD","75","5.40","0.30","79.598309","89","PRECIO_BASE_USD_DEFINIDO","data/cursos/2026-06.json"
